row_index,column,error_type,detail
13,instrumentalness,missing_value,
15,speechiness,missing_value,
23,valence,missing_value,
27,valence,missing_value,
27,tempo,outlier_high,376.2231
32,instrumentalness,missing_value,
33,danceability,missing_value,
40,valence,missing_value,
42,energy,outlier_low,-0.2488
43,speechiness,missing_value,
43,instrumentalness,missing_value,
45,loudness,outlier_high,9.3574
46,instrumentalness,missing_value,
49,tempo,missing_value,
51,acousticness,missing_value,
53,acousticness,missing_value,
55,instrumentalness,missing_value,
62,danceability,outlier_low,-0.2358
66,energy,missing_value,
69,tempo,missing_value,
69,energy,missing_value,
77,valence,missing_value,
83,speechiness,missing_value,
86,valence,missing_value,
87,instrumentalness,missing_value,
96,energy,missing_value,
97,liveness,missing_value,
102,danceability,missing_value,
107,valence,missing_value,
108,danceability,missing_value,
109,instrumentalness,missing_value,
111,danceability,missing_value,
114,danceability,missing_value,
118,danceability,missing_value,
123,energy,missing_value,
124,valence,missing_value,
127,valence,missing_value,
129,loudness,missing_value,
130,loudness,outlier_high,3.1853
130,valence,missing_value,
131,liveness,missing_value,
133,danceability,missing_value,
138,danceability,outlier_low,-0.2327
138,speechiness,missing_value,
141,valence,missing_value,
143,liveness,missing_value,
150,acousticness,missing_value,
157,liveness,missing_value,
157,energy,missing_value,
163,loudness,outlier_high,1.8551
177,loudness,outlier_high,6.2164
178,speechiness,missing_value,
184,valence,outlier_low,-0.0909
185,loudness,missing_value,
190,liveness,missing_value,
195,tempo,missing_value,
199,loudness,missing_value,
202,loudness,outlier_high,1.4980
204,danceability,missing_value,
206,tempo,outlier_low,11.3898
208,liveness,missing_value,
209,tempo,missing_value,
209,energy,missing_value,
212,loudness,outlier_low,-86.0452
221,speechiness,missing_value,
228,instrumentalness,missing_value,
234,energy,missing_value,
234,valence,missing_value,
237,energy,missing_value,
248,acousticness,missing_value,
249,energy,outlier_low,-0.1482
250,tempo,missing_value,
255,liveness,missing_value,
256,loudness,missing_value,
257,tempo,outlier_low,14.8193
260,acousticness,missing_value,
266,loudness,missing_value,
266,liveness,missing_value,
281,liveness,missing_value,
281,loudness,missing_value,
283,valence,missing_value,
286,liveness,missing_value,
288,valence,missing_value,
291,energy,outlier_low,-0.2842
293,instrumentalness,missing_value,
293,energy,missing_value,
295,liveness,missing_value,
296,danceability,missing_value,
299,energy,missing_value,
302,valence,missing_value,
304,danceability,missing_value,
307,acousticness,missing_value,
310,acousticness,missing_value,
313,acousticness,missing_value,
323,loudness,missing_value,
326,instrumentalness,missing_value,
326,valence,missing_value,
328,loudness,outlier_high,3.5339
346,tempo,missing_value,
348,tempo,missing_value,
350,valence,missing_value,
352,tempo,outlier_high,306.5482
352,liveness,missing_value,
353,loudness,missing_value,
357,liveness,missing_value,
361,instrumentalness,missing_value,
363,tempo,missing_value,
365,valence,missing_value,
367,speechiness,missing_value,
370,valence,missing_value,
372,danceability,missing_value,
385,tempo,missing_value,
386,instrumentalness,missing_value,
393,speechiness,missing_value,
394,loudness,outlier_low,-71.2534
396,acousticness,missing_value,
399,danceability,missing_value,
400,danceability,missing_value,
406,valence,outlier_high,1.3769
406,energy,outlier_high,1.3815
408,loudness,outlier_low,-81.9211
410,tempo,missing_value,
417,instrumentalness,missing_value,
417,valence,missing_value,
423,liveness,missing_value,
426,valence,outlier_low,-0.1061
433,danceability,missing_value,
434,tempo,missing_value,
437,valence,missing_value,
440,tempo,missing_value,
440,loudness,outlier_high,8.3160
444,acousticness,missing_value,
455,instrumentalness,missing_value,
455,liveness,missing_value,
460,energy,missing_value,
461,instrumentalness,missing_value,
466,speechiness,missing_value,
473,valence,missing_value,
476,tempo,outlier_low,5.0258
485,tempo,outlier_low,9.2393
487,energy,outlier_low,-0.0185
490,danceability,missing_value,
493,liveness,missing_value,
498,tempo,missing_value,
500,valence,outlier_high,1.3421
508,tempo,outlier_low,13.5182
510,energy,outlier_high,1.4069
511,loudness,outlier_high,9.6752
513,speechiness,missing_value,
514,acousticness,missing_value,
516,speechiness,missing_value,
517,loudness,missing_value,
519,liveness,missing_value,
520,loudness,missing_value,
525,energy,missing_value,
530,instrumentalness,missing_value,
533,loudness,missing_value,
534,speechiness,missing_value,
538,danceability,missing_value,
538,acousticness,missing_value,
541,valence,missing_value,
542,energy,missing_value,
543,energy,missing_value,
547,acousticness,missing_value,
548,tempo,missing_value,
552,valence,missing_value,
553,tempo,missing_value,
561,tempo,missing_value,
561,loudness,missing_value,
562,instrumentalness,missing_value,
569,tempo,outlier_low,8.3812
569,valence,missing_value,
580,acousticness,missing_value,
590,valence,missing_value,
593,valence,missing_value,
606,valence,outlier_low,-0.0744
609,acousticness,missing_value,
613,valence,missing_value,
614,speechiness,missing_value,
615,speechiness,missing_value,
622,valence,missing_value,
624,valence,missing_value,
626,speechiness,missing_value,
629,tempo,missing_value,
633,danceability,outlier_low,-0.2824
638,liveness,missing_value,
646,tempo,missing_value,
650,acousticness,missing_value,
655,instrumentalness,missing_value,
660,tempo,missing_value,
660,speechiness,missing_value,
661,instrumentalness,missing_value,
664,tempo,outlier_high,314.8257
666,acousticness,missing_value,
667,acousticness,missing_value,
668,instrumentalness,missing_value,
669,danceability,missing_value,
675,speechiness,missing_value,
676,energy,outlier_high,1.4868
685,loudness,missing_value,
700,speechiness,missing_value,
701,instrumentalness,missing_value,
705,loudness,missing_value,
707,valence,missing_value,
708,energy,missing_value,
711,valence,missing_value,
712,valence,missing_value,
714,tempo,missing_value,
717,danceability,missing_value,
717,energy,missing_value,
728,liveness,missing_value,
728,danceability,missing_value,
740,danceability,missing_value,
740,valence,missing_value,
743,energy,outlier_high,1.3917
749,energy,missing_value,
758,loudness,outlier_low,-84.3536
759,loudness,missing_value,
763,acousticness,missing_value,
772,energy,missing_value,
774,instrumentalness,missing_value,
777,loudness,missing_value,
779,instrumentalness,missing_value,
779,valence,missing_value,
780,valence,missing_value,
785,instrumentalness,missing_value,
787,valence,missing_value,
789,danceability,missing_value,
789,liveness,missing_value,
791,energy,missing_value,
795,acousticness,missing_value,
796,liveness,missing_value,
800,liveness,missing_value,
804,tempo,missing_value,
808,tempo,missing_value,
811,instrumentalness,missing_value,
818,energy,missing_value,
819,loudness,outlier_low,-80.2620
823,energy,missing_value,
827,loudness,missing_value,
828,speechiness,missing_value,
829,acousticness,missing_value,
843,tempo,missing_value,
846,liveness,missing_value,
847,energy,missing_value,
852,energy,missing_value,
855,instrumentalness,missing_value,
857,energy,outlier_high,1.4262
859,speechiness,missing_value,
861,speechiness,missing_value,
862,tempo,missing_value,
863,acousticness,missing_value,
864,speechiness,missing_value,
865,liveness,missing_value,
869,speechiness,missing_value,
873,valence,missing_value,
874,energy,missing_value,
877,energy,outlier_low,-0.1298
881,danceability,missing_value,
888,tempo,missing_value,
889,energy,missing_value,
890,energy,missing_value,
900,tempo,missing_value,
910,energy,missing_value,
912,valence,missing_value,
914,instrumentalness,missing_value,
916,loudness,missing_value,
918,instrumentalness,missing_value,
923,speechiness,missing_value,
923,acousticness,missing_value,
926,speechiness,missing_value,
929,energy,missing_value,
935,acousticness,missing_value,
938,energy,missing_value,
939,valence,missing_value,
940,speechiness,missing_value,
948,danceability,missing_value,
955,instrumentalness,missing_value,
956,liveness,missing_value,
956,energy,missing_value,
957,liveness,missing_value,
961,danceability,missing_value,
962,loudness,missing_value,
966,danceability,missing_value,
967,loudness,outlier_low,-87.7265
967,valence,missing_value,
969,loudness,outlier_low,-86.5173
974,instrumentalness,missing_value,
979,loudness,missing_value,
981,tempo,missing_value,
987,valence,missing_value,
989,instrumentalness,missing_value,
991,energy,missing_value,
991,speechiness,missing_value,
996,loudness,missing_value,
997,loudness,missing_value,
997,energy,missing_value,
999,loudness,missing_value,
999,instrumentalness,missing_value,
999,tempo,missing_value,
1000,acousticness,missing_value,
1005,tempo,missing_value,
1006,speechiness,missing_value,
1007,loudness,outlier_high,8.9205
1012,tempo,missing_value,
1028,tempo,missing_value,
1031,energy,missing_value,
1031,liveness,missing_value,
1033,valence,missing_value,
1040,speechiness,missing_value,
1058,instrumentalness,missing_value,
1062,tempo,missing_value,
1066,energy,missing_value,
1067,loudness,missing_value,
1070,tempo,missing_value,
1071,tempo,missing_value,
1072,speechiness,missing_value,
1074,acousticness,missing_value,
1075,loudness,missing_value,
1076,liveness,missing_value,
1080,loudness,missing_value,
1083,tempo,missing_value,
1088,energy,outlier_high,1.3328
1092,danceability,missing_value,
1096,speechiness,missing_value,
1107,energy,missing_value,
1108,liveness,missing_value,
1111,speechiness,missing_value,
1115,energy,missing_value,
1118,valence,missing_value,
1119,speechiness,missing_value,
1121,loudness,outlier_high,6.6852
1125,valence,missing_value,
1133,acousticness,missing_value,
1134,valence,missing_value,
1136,danceability,missing_value,
1142,liveness,missing_value,
1144,acousticness,missing_value,
1161,energy,missing_value,
1162,loudness,missing_value,
1163,tempo,missing_value,
1164,liveness,missing_value,
1165,energy,missing_value,
1173,acousticness,missing_value,
1188,valence,missing_value,
1188,tempo,missing_value,
1192,acousticness,missing_value,
1198,speechiness,missing_value,
1200,loudness,missing_value,
1202,danceability,outlier_high,1.3929
1204,valence,missing_value,
1206,danceability,outlier_low,-0.1537
1211,speechiness,missing_value,
1211,acousticness,missing_value,
1212,speechiness,missing_value,
1212,loudness,missing_value,
1215,loudness,missing_value,
1221,danceability,outlier_low,-0.0249
1222,tempo,missing_value,
1225,energy,missing_value,
1228,liveness,missing_value,
1230,loudness,missing_value,
1238,energy,missing_value,
1239,tempo,missing_value,
1243,loudness,missing_value,
1243,energy,missing_value,
1249,loudness,outlier_high,2.2715
1249,acousticness,missing_value,
1258,instrumentalness,missing_value,
1259,speechiness,missing_value,
1264,speechiness,missing_value,
1269,danceability,missing_value,
1272,danceability,missing_value,
1275,energy,missing_value,
1279,loudness,missing_value,
1279,acousticness,missing_value,
1284,tempo,missing_value,
1293,energy,outlier_high,1.4592
1295,instrumentalness,missing_value,
1299,tempo,outlier_high,330.5251
1301,tempo,missing_value,
1301,instrumentalness,missing_value,
1302,energy,missing_value,
1303,valence,outlier_low,-0.2109
1303,instrumentalness,missing_value,
1305,loudness,missing_value,
1307,energy,missing_value,
1308,liveness,missing_value,
1312,danceability,missing_value,
1313,speechiness,missing_value,
1313,energy,missing_value,
1315,speechiness,missing_value,
1318,instrumentalness,missing_value,
1323,instrumentalness,missing_value,
1323,acousticness,missing_value,
1323,loudness,missing_value,
1323,danceability,missing_value,
1324,liveness,missing_value,
1328,danceability,missing_value,
1332,energy,missing_value,
1335,valence,missing_value,
1335,danceability,missing_value,
1336,speechiness,missing_value,
1343,instrumentalness,missing_value,
1353,speechiness,missing_value,
1353,energy,missing_value,
1365,valence,missing_value,
1366,valence,missing_value,
1373,tempo,missing_value,
1377,danceability,missing_value,
1385,instrumentalness,missing_value,
1388,instrumentalness,missing_value,
1394,valence,missing_value,
1394,danceability,missing_value,
1405,valence,missing_value,
1409,loudness,missing_value,
1411,valence,missing_value,
1420,instrumentalness,missing_value,
1423,liveness,missing_value,
1426,acousticness,missing_value,
1434,tempo,missing_value,
1434,loudness,missing_value,
1434,speechiness,missing_value,
1435,speechiness,missing_value,
1436,energy,missing_value,
1440,speechiness,missing_value,
1443,danceability,missing_value,
1449,loudness,missing_value,
1452,valence,missing_value,
1456,loudness,missing_value,
1457,speechiness,missing_value,
1458,valence,missing_value,
1464,danceability,missing_value,
1468,acousticness,missing_value,
1469,energy,missing_value,
1470,energy,missing_value,
1471,danceability,missing_value,
1473,loudness,missing_value,
1475,speechiness,missing_value,
1476,loudness,missing_value,
1483,danceability,outlier_low,-0.2645
1487,danceability,outlier_low,-0.1081
1490,liveness,missing_value,
1491,liveness,missing_value,
1494,acousticness,missing_value,
1497,loudness,missing_value,
1497,energy,missing_value,
1498,danceability,missing_value,
1499,loudness,missing_value,
1500,acousticness,missing_value,
1511,valence,missing_value,
1513,tempo,missing_value,
1514,instrumentalness,missing_value,
1517,valence,outlier_high,1.1183
1519,danceability,missing_value,
1522,tempo,missing_value,
1528,speechiness,missing_value,
1528,energy,missing_value,
1529,valence,missing_value,
1529,energy,missing_value,
1530,energy,missing_value,
1540,acousticness,missing_value,
1545,valence,missing_value,
1548,danceability,outlier_high,1.0634
1551,energy,missing_value,
1555,energy,missing_value,
1556,loudness,missing_value,
1556,liveness,missing_value,
1563,liveness,missing_value,
1570,acousticness,missing_value,
1587,loudness,missing_value,
1587,energy,missing_value,
1587,danceability,outlier_low,-0.1996
1589,tempo,missing_value,
1593,tempo,missing_value,
1594,speechiness,missing_value,
1599,instrumentalness,missing_value,
1600,speechiness,missing_value,
1602,danceability,missing_value,
1605,valence,missing_value,
1605,instrumentalness,missing_value,
1608,valence,missing_value,
1612,danceability,missing_value,
1613,tempo,missing_value,
1615,speechiness,missing_value,
1617,energy,missing_value,
1618,speechiness,missing_value,
1619,danceability,missing_value,
1619,speechiness,missing_value,
1620,acousticness,missing_value,
1624,danceability,missing_value,
1626,valence,missing_value,
1627,loudness,missing_value,
1627,valence,outlier_low,-0.1609
1632,danceability,missing_value,
1633,tempo,missing_value,
1635,valence,outlier_low,-0.1346
1637,loudness,missing_value,
1639,acousticness,missing_value,
1646,loudness,missing_value,
1647,danceability,outlier_high,1.1077
1648,energy,missing_value,
1649,liveness,missing_value,
1652,tempo,missing_value,
1661,loudness,missing_value,
1662,danceability,outlier_high,1.0574
1662,loudness,missing_value,
1664,valence,outlier_low,-0.1084
1669,danceability,missing_value,
1670,valence,missing_value,
1676,valence,outlier_high,1.1988
1682,speechiness,missing_value,
1687,acousticness,missing_value,
1693,loudness,missing_value,
1694,liveness,missing_value,
1699,instrumentalness,missing_value,
1699,energy,missing_value,
1702,danceability,missing_value,
1703,liveness,missing_value,
1706,tempo,outlier_low,2.4147
1712,liveness,missing_value,
1722,valence,missing_value,
1725,tempo,missing_value,
1729,liveness,missing_value,
1734,speechiness,missing_value,
1747,danceability,missing_value,
1747,liveness,missing_value,
1747,loudness,outlier_low,-75.3589
1748,tempo,missing_value,
1763,instrumentalness,missing_value,
1765,instrumentalness,missing_value,
1765,tempo,missing_value,
1765,loudness,missing_value,
1766,tempo,outlier_low,8.4895
1769,liveness,missing_value,
1775,liveness,missing_value,
1777,danceability,missing_value,
1779,loudness,missing_value,
1779,liveness,missing_value,
1789,loudness,missing_value,
1792,danceability,missing_value,
1792,speechiness,missing_value,
1795,valence,missing_value,
1797,valence,missing_value,
1798,instrumentalness,missing_value,
1801,danceability,outlier_high,1.4228
1802,danceability,outlier_high,1.3179
1803,speechiness,missing_value,
1805,liveness,missing_value,
1806,speechiness,missing_value,
1808,instrumentalness,missing_value,
1812,danceability,missing_value,
1812,liveness,missing_value,
1813,liveness,missing_value,
1817,loudness,missing_value,
1818,danceability,missing_value,
1822,energy,missing_value,
1825,tempo,missing_value,
1826,liveness,missing_value,
1827,instrumentalness,missing_value,
1832,liveness,missing_value,
1832,energy,missing_value,
1839,acousticness,missing_value,
1840,loudness,missing_value,
1844,acousticness,missing_value,
1846,liveness,missing_value,
1847,valence,missing_value,
1848,danceability,missing_value,
1849,danceability,missing_value,
1855,valence,missing_value,
1856,loudness,missing_value,
1874,energy,missing_value,
1881,loudness,outlier_low,-76.2634
1882,energy,outlier_low,-0.1716
1883,valence,outlier_low,-0.0735
1885,acousticness,missing_value,
1898,acousticness,missing_value,
1900,acousticness,missing_value,
1906,speechiness,missing_value,
1910,loudness,outlier_low,-82.2612
1915,instrumentalness,missing_value,
1920,liveness,missing_value,
1921,instrumentalness,missing_value,
1923,energy,missing_value,
1925,danceability,missing_value,
1927,loudness,outlier_high,3.4224
1933,acousticness,missing_value,
1934,speechiness,missing_value,
1940,speechiness,missing_value,
1942,danceability,outlier_low,-0.2530
1943,acousticness,missing_value,
1944,valence,missing_value,
1944,loudness,missing_value,
1946,energy,missing_value,
1948,valence,outlier_high,1.2400
1950,loudness,missing_value,
1964,tempo,missing_value,
1965,liveness,missing_value,
1969,loudness,missing_value,
1979,liveness,missing_value,
1979,tempo,missing_value,
1980,loudness,missing_value,
1985,speechiness,missing_value,
1986,speechiness,missing_value,
1993,instrumentalness,missing_value,
2008,tempo,missing_value,
2022,instrumentalness,missing_value,
2022,danceability,missing_value,
2023,valence,missing_value,
2027,liveness,missing_value,
2030,loudness,missing_value,
2030,valence,missing_value,
2032,acousticness,missing_value,
2040,instrumentalness,missing_value,
2042,loudness,outlier_low,-72.3240
2046,energy,missing_value,
2048,valence,missing_value,
2059,loudness,missing_value,
2065,danceability,missing_value,
2065,loudness,outlier_low,-78.3870
2066,tempo,missing_value,
2069,loudness,missing_value,
2070,loudness,missing_value,
2076,loudness,missing_value,
2085,danceability,outlier_high,1.3773
2087,valence,outlier_low,-0.0257
2092,danceability,missing_value,
2093,instrumentalness,missing_value,
2103,valence,missing_value,
2109,danceability,missing_value,
2111,liveness,missing_value,
2122,valence,outlier_high,1.0854
2122,instrumentalness,missing_value,
2128,energy,missing_value,
2130,valence,missing_value,
2142,speechiness,missing_value,
2142,loudness,missing_value,
2151,acousticness,missing_value,
2153,loudness,missing_value,
2154,energy,missing_value,
2159,valence,missing_value,
2165,speechiness,missing_value,
2166,instrumentalness,missing_value,
2170,tempo,missing_value,
2171,speechiness,missing_value,
2173,liveness,missing_value,
2177,valence,missing_value,
2179,tempo,missing_value,
2180,tempo,missing_value,
2181,acousticness,missing_value,
2183,valence,missing_value,
2183,instrumentalness,missing_value,
2184,valence,missing_value,
2184,tempo,missing_value,
2192,loudness,outlier_high,6.2527
2195,instrumentalness,missing_value,
2204,speechiness,missing_value,
2204,loudness,missing_value,
2205,danceability,missing_value,
2213,acousticness,missing_value,
2214,loudness,outlier_low,-83.0327
2214,danceability,missing_value,
2219,instrumentalness,missing_value,
2220,liveness,missing_value,
2224,speechiness,missing_value,
2226,energy,missing_value,
2227,loudness,missing_value,
2232,danceability,missing_value,
2233,danceability,outlier_high,1.2677
2233,tempo,missing_value,
2243,tempo,missing_value,
2243,liveness,missing_value,
2254,energy,missing_value,
2261,valence,missing_value,
2267,energy,missing_value,
2269,instrumentalness,missing_value,
2270,tempo,missing_value,
2272,valence,missing_value,
2272,tempo,missing_value,
2284,danceability,missing_value,
2286,acousticness,missing_value,
2291,danceability,missing_value,
2302,loudness,outlier_low,-71.4547
2308,danceability,outlier_low,-0.1540
2311,valence,missing_value,
2317,danceability,outlier_low,-0.0748
2318,instrumentalness,missing_value,
2318,loudness,outlier_low,-85.5689
2323,energy,missing_value,
2326,loudness,outlier_low,-71.6510
2326,energy,outlier_low,-0.1673
2330,speechiness,missing_value,
2331,loudness,missing_value,
2339,instrumentalness,missing_value,
2340,danceability,outlier_high,1.1336
2359,tempo,missing_value,
2360,acousticness,missing_value,
2363,danceability,outlier_low,-0.2674
2363,energy,missing_value,
2368,tempo,missing_value,
2368,loudness,missing_value,
2373,liveness,missing_value,
2375,acousticness,missing_value,
2377,liveness,missing_value,
2379,danceability,missing_value,
2379,valence,missing_value,
2380,valence,missing_value,
2385,valence,missing_value,
2385,energy,missing_value,
2390,tempo,missing_value,
2391,valence,missing_value,
2394,speechiness,missing_value,
2401,acousticness,missing_value,
2403,tempo,missing_value,
2405,speechiness,missing_value,
2411,danceability,missing_value,
2418,energy,missing_value,
2419,loudness,missing_value,
2425,danceability,outlier_high,1.4395
2426,energy,missing_value,
2427,valence,missing_value,
2429,valence,missing_value,
2441,acousticness,missing_value,
2442,tempo,missing_value,
2447,danceability,missing_value,
2449,energy,missing_value,
2452,loudness,missing_value,
2459,loudness,missing_value,
2462,instrumentalness,missing_value,
2466,liveness,missing_value,
2469,acousticness,missing_value,
2478,valence,missing_value,
2486,instrumentalness,missing_value,
2490,instrumentalness,missing_value,
2490,danceability,missing_value,
2492,acousticness,missing_value,
2496,danceability,missing_value,
2499,loudness,missing_value,
2500,loudness,missing_value,
2505,tempo,outlier_low,11.8865
2514,speechiness,missing_value,
2518,energy,missing_value,
2520,liveness,missing_value,
2521,valence,outlier_high,1.2788
2526,danceability,missing_value,
2529,valence,missing_value,
2532,tempo,outlier_high,316.2073
2532,energy,missing_value,
2535,liveness,missing_value,
2556,instrumentalness,missing_value,
2556,tempo,outlier_high,380.4648
2560,danceability,missing_value,
2565,acousticness,missing_value,
2568,instrumentalness,missing_value,
2569,danceability,missing_value,
2571,valence,missing_value,
2577,valence,outlier_high,1.3247
2577,danceability,missing_value,
2577,acousticness,missing_value,
2581,danceability,outlier_high,1.1498
2585,tempo,missing_value,
2585,energy,missing_value,
2587,liveness,missing_value,
2597,loudness,missing_value,
2597,acousticness,missing_value,
2599,speechiness,missing_value,
2600,instrumentalness,missing_value,
2603,speechiness,missing_value,
2607,energy,missing_value,
2612,acousticness,missing_value,
2613,loudness,outlier_low,-84.1569
2615,energy,outlier_high,1.4952
2622,liveness,missing_value,
2633,loudness,missing_value,
2634,danceability,missing_value,
2635,speechiness,missing_value,
2638,valence,outlier_low,-0.2203
2641,speechiness,missing_value,
2643,valence,outlier_low,-0.1212
2645,danceability,outlier_low,-0.1106
2654,valence,missing_value,
2656,valence,outlier_high,1.3288
2660,speechiness,missing_value,
2664,valence,missing_value,
2665,liveness,missing_value,
2674,speechiness,missing_value,
2679,acousticness,missing_value,
2687,liveness,missing_value,
2688,tempo,missing_value,
2690,instrumentalness,missing_value,
2692,acousticness,missing_value,
2705,danceability,missing_value,
2710,energy,missing_value,
2712,loudness,missing_value,
2713,loudness,outlier_high,5.7661
2713,speechiness,missing_value,
2714,tempo,missing_value,
2715,energy,outlier_low,-0.2760
2719,instrumentalness,missing_value,
2721,energy,missing_value,
2728,acousticness,missing_value,
2733,energy,outlier_high,1.3662
2737,energy,missing_value,
2738,danceability,missing_value,
2738,speechiness,missing_value,
2739,energy,missing_value,
2749,danceability,missing_value,
2749,acousticness,missing_value,
2750,energy,outlier_high,1.0528
2760,liveness,missing_value,
2761,speechiness,missing_value,
2765,speechiness,missing_value,
2769,energy,missing_value,
2771,loudness,missing_value,
2776,tempo,outlier_low,12.7138
2780,valence,missing_value,
2783,valence,missing_value,
2785,tempo,outlier_high,367.2017
2785,loudness,missing_value,
2785,energy,missing_value,
2791,valence,missing_value,
2796,tempo,outlier_high,336.6554
2801,loudness,missing_value,
2802,speechiness,missing_value,
2803,energy,missing_value,
2804,loudness,missing_value,
2806,acousticness,missing_value,
2811,valence,missing_value,
2813,danceability,missing_value,
2821,loudness,missing_value,
2823,danceability,outlier_low,-0.2741
2824,energy,missing_value,
2826,instrumentalness,missing_value,
2830,loudness,outlier_low,-79.3213
2832,liveness,missing_value,
2832,valence,missing_value,
2835,valence,missing_value,
2840,danceability,missing_value,
2841,valence,missing_value,
2843,energy,missing_value,
2844,speechiness,missing_value,
2852,acousticness,missing_value,
2855,speechiness,missing_value,
2865,tempo,missing_value,
2865,valence,missing_value,
2867,speechiness,missing_value,
2867,tempo,missing_value,
2868,instrumentalness,missing_value,
2869,acousticness,missing_value,
2871,valence,missing_value,
2875,loudness,missing_value,
2879,liveness,missing_value,
2889,liveness,missing_value,
2891,speechiness,missing_value,
2893,valence,missing_value,
2896,liveness,missing_value,
2899,danceability,missing_value,
2901,instrumentalness,missing_value,
2906,energy,missing_value,
2907,tempo,missing_value,
2914,valence,missing_value,
2914,speechiness,missing_value,
2918,loudness,missing_value,
2922,tempo,outlier_high,341.1963
2923,liveness,missing_value,
2932,instrumentalness,missing_value,
2936,tempo,missing_value,
2937,tempo,missing_value,
2938,liveness,missing_value,
2938,danceability,missing_value,
2938,instrumentalness,missing_value,
2942,instrumentalness,missing_value,
2946,energy,missing_value,
2960,danceability,missing_value,
2960,speechiness,missing_value,
2965,tempo,missing_value,
2974,liveness,missing_value,
2977,danceability,missing_value,
2981,valence,missing_value,
2987,energy,missing_value,
2992,instrumentalness,missing_value,
2998,liveness,missing_value,
3000,acousticness,missing_value,
3002,danceability,outlier_low,-0.2739
3005,acousticness,missing_value,
3006,loudness,missing_value,
3021,loudness,missing_value,
3022,danceability,missing_value,
3023,speechiness,missing_value,
3024,instrumentalness,missing_value,
3028,acousticness,missing_value,
3030,danceability,missing_value,
3033,danceability,missing_value,
3037,liveness,missing_value,
3040,danceability,missing_value,
3047,tempo,missing_value,
3052,energy,outlier_high,1.1867
3054,instrumentalness,missing_value,
3056,speechiness,missing_value,
3059,danceability,missing_value,
3061,acousticness,missing_value,
3076,loudness,missing_value,
3076,energy,outlier_low,-0.0420
3080,acousticness,missing_value,
3090,danceability,missing_value,
3092,speechiness,missing_value,
3094,instrumentalness,missing_value,
3098,tempo,missing_value,
3102,danceability,outlier_high,1.0726
3122,instrumentalness,missing_value,
3128,energy,missing_value,
3142,danceability,missing_value,
3143,valence,missing_value,
3146,tempo,missing_value,
3153,loudness,outlier_low,-87.0942
3153,tempo,outlier_high,398.1290
3159,acousticness,missing_value,
3162,danceability,missing_value,
3163,energy,outlier_high,1.4066
3163,loudness,missing_value,
3164,danceability,outlier_high,1.4203
3165,liveness,missing_value,
3165,tempo,outlier_low,14.7547
3169,tempo,missing_value,
3174,loudness,missing_value,
3179,loudness,missing_value,
3180,energy,missing_value,
3181,acousticness,missing_value,
3183,liveness,missing_value,
3184,liveness,missing_value,
3192,acousticness,missing_value,
3194,acousticness,missing_value,
3195,loudness,missing_value,
3198,instrumentalness,missing_value,
3201,energy,outlier_high,1.0782
3203,loudness,missing_value,
3205,loudness,missing_value,
3206,acousticness,missing_value,
3208,valence,outlier_low,-0.2601
3212,liveness,missing_value,
3213,instrumentalness,missing_value,
3214,instrumentalness,missing_value,
3215,instrumentalness,missing_value,
3216,danceability,missing_value,
3218,tempo,missing_value,
3219,loudness,outlier_low,-81.7010
3226,valence,missing_value,
3230,tempo,missing_value,
3234,energy,missing_value,
3241,acousticness,missing_value,
3244,speechiness,missing_value,
3247,energy,missing_value,
3254,acousticness,missing_value,
3259,tempo,missing_value,
3259,valence,missing_value,
3261,instrumentalness,missing_value,
3266,tempo,missing_value,
3273,loudness,missing_value,
3274,tempo,missing_value,
3276,liveness,missing_value,
3277,energy,missing_value,
3279,tempo,missing_value,
3282,tempo,missing_value,
3282,speechiness,missing_value,
3284,speechiness,missing_value,
3292,energy,missing_value,
3293,speechiness,missing_value,
3295,energy,missing_value,
3297,loudness,missing_value,
3298,tempo,missing_value,
3312,tempo,outlier_low,14.9854
3313,tempo,missing_value,
3314,valence,missing_value,
3325,liveness,missing_value,
3330,acousticness,missing_value,
3336,tempo,missing_value,
3338,instrumentalness,missing_value,
3340,acousticness,missing_value,
3344,tempo,missing_value,
3346,instrumentalness,missing_value,
3346,loudness,outlier_high,7.5110
3347,instrumentalness,missing_value,
3347,liveness,missing_value,
3347,tempo,missing_value,
3349,acousticness,missing_value,
3352,speechiness,missing_value,
3361,instrumentalness,missing_value,
3364,speechiness,missing_value,
3368,energy,missing_value,
3369,tempo,missing_value,
3371,acousticness,missing_value,
3372,loudness,missing_value,
3375,energy,missing_value,
3378,instrumentalness,missing_value,
3382,valence,missing_value,
3391,acousticness,missing_value,
3392,tempo,missing_value,
3409,speechiness,missing_value,
3409,loudness,missing_value,
3409,acousticness,missing_value,
3410,acousticness,missing_value,
3410,loudness,missing_value,
3411,valence,missing_value,
3415,loudness,missing_value,
3416,instrumentalness,missing_value,
3421,danceability,missing_value,
3423,valence,missing_value,
3425,danceability,missing_value,
3426,danceability,missing_value,
3426,energy,missing_value,
3431,loudness,missing_value,
3433,instrumentalness,missing_value,
3436,loudness,missing_value,
3436,energy,outlier_high,1.3044
3437,tempo,missing_value,
3438,energy,missing_value,
3439,danceability,missing_value,
3444,tempo,missing_value,
3445,acousticness,missing_value,
3446,speechiness,missing_value,
3449,speechiness,missing_value,
3453,speechiness,missing_value,
3455,loudness,missing_value,
3456,loudness,missing_value,
3466,acousticness,missing_value,
3469,instrumentalness,missing_value,
3470,energy,missing_value,
3474,valence,missing_value,
3475,danceability,missing_value,
3476,energy,missing_value,
3477,loudness,missing_value,
3479,danceability,missing_value,
3482,valence,missing_value,
3482,acousticness,missing_value,
3488,danceability,missing_value,
3489,tempo,outlier_low,1.0242
3490,valence,missing_value,
3491,loudness,missing_value,
3493,speechiness,missing_value,
3507,valence,missing_value,
3507,liveness,missing_value,
3510,valence,missing_value,
3511,tempo,outlier_low,4.1140
3512,tempo,missing_value,
3514,valence,missing_value,
3528,danceability,missing_value,
3529,loudness,outlier_high,9.2778
3531,liveness,missing_value,
3533,loudness,missing_value,
3536,danceability,missing_value,
3536,valence,missing_value,
3540,instrumentalness,missing_value,
3542,liveness,missing_value,
3546,danceability,outlier_high,1.1866
3551,acousticness,missing_value,
3555,valence,missing_value,
3562,energy,missing_value,
3571,valence,missing_value,
3571,speechiness,missing_value,
3572,acousticness,missing_value,
3572,liveness,missing_value,
3574,loudness,missing_value,
3574,danceability,missing_value,
3579,instrumentalness,missing_value,
3582,speechiness,missing_value,
3585,energy,missing_value,
3585,acousticness,missing_value,
3587,acousticness,missing_value,
3588,energy,missing_value,
3593,valence,missing_value,
3593,liveness,missing_value,
3594,speechiness,missing_value,
3598,energy,outlier_high,1.3047
3601,liveness,missing_value,
3603,instrumentalness,missing_value,
3603,speechiness,missing_value,
3604,danceability,missing_value,
3611,loudness,missing_value,
3613,energy,missing_value,
3614,liveness,missing_value,
3614,acousticness,missing_value,
3626,instrumentalness,missing_value,
3629,speechiness,missing_value,
3630,valence,missing_value,
3640,valence,missing_value,
3644,loudness,outlier_high,5.5794
3647,acousticness,missing_value,
3647,energy,missing_value,
3648,valence,missing_value,
3652,valence,missing_value,
3653,liveness,missing_value,
3656,danceability,missing_value,
3656,tempo,outlier_low,7.4731
3656,acousticness,missing_value,
3663,danceability,missing_value,
3664,tempo,outlier_high,344.9590
3670,danceability,missing_value,
3673,valence,outlier_low,-0.2577
3674,liveness,missing_value,
3676,liveness,missing_value,
3684,instrumentalness,missing_value,
3685,acousticness,missing_value,
3686,loudness,missing_value,
3692,danceability,missing_value,
3693,loudness,missing_value,
3694,speechiness,missing_value,
3699,acousticness,missing_value,
3700,liveness,missing_value,
3707,energy,missing_value,
3712,danceability,missing_value,
3716,liveness,missing_value,
3722,danceability,missing_value,
3726,tempo,missing_value,
3727,danceability,missing_value,
3729,valence,missing_value,
3730,energy,missing_value,
3731,instrumentalness,missing_value,
3736,instrumentalness,missing_value,
3744,acousticness,missing_value,
3745,valence,missing_value,
3746,valence,missing_value,
3751,tempo,outlier_high,369.5705
3753,tempo,outlier_high,360.6375
3759,energy,outlier_low,-0.2410
3761,acousticness,missing_value,
3763,liveness,missing_value,
3768,liveness,missing_value,
3768,tempo,missing_value,
3772,loudness,missing_value,
3775,speechiness,missing_value,
3776,instrumentalness,missing_value,
3777,tempo,missing_value,
3778,tempo,missing_value,
3779,energy,missing_value,
3780,instrumentalness,missing_value,
3786,danceability,missing_value,
3788,danceability,missing_value,
3789,valence,missing_value,
3791,valence,missing_value,
3796,loudness,outlier_low,-79.7509
3799,danceability,outlier_high,1.3411
3802,danceability,missing_value,
3806,tempo,outlier_high,334.2804
3808,tempo,missing_value,
3813,energy,missing_value,
3814,instrumentalness,missing_value,
3816,valence,missing_value,
3817,valence,missing_value,
3823,liveness,missing_value,
3824,acousticness,missing_value,
3827,liveness,missing_value,
3830,loudness,missing_value,
3839,tempo,outlier_low,10.9751
3840,valence,missing_value,
3841,speechiness,missing_value,
3844,tempo,outlier_high,319.7483
3847,loudness,outlier_high,1.7041
3847,instrumentalness,missing_value,
3852,acousticness,missing_value,
3852,liveness,missing_value,
3853,loudness,missing_value,
3854,valence,outlier_high,1.3197
3856,instrumentalness,missing_value,
3866,instrumentalness,missing_value,
3870,valence,missing_value,
3870,loudness,missing_value,
3870,tempo,missing_value,
3873,tempo,missing_value,
3877,liveness,missing_value,
3884,instrumentalness,missing_value,
3890,speechiness,missing_value,
3894,liveness,missing_value,
3894,danceability,missing_value,
3897,speechiness,missing_value,
3902,instrumentalness,missing_value,
3904,loudness,outlier_high,1.0630
3909,liveness,missing_value,
3910,danceability,missing_value,
3921,valence,missing_value,
3923,valence,outlier_high,1.1105
3926,valence,outlier_low,-0.0731
3930,valence,missing_value,
3932,energy,missing_value,
3932,liveness,missing_value,
3937,energy,missing_value,
3938,energy,missing_value,
3939,valence,missing_value,
3940,speechiness,missing_value,
3951,instrumentalness,missing_value,
3952,liveness,missing_value,
3954,loudness,missing_value,
3955,tempo,missing_value,
3958,liveness,missing_value,
3963,liveness,missing_value,
3964,tempo,missing_value,
3969,loudness,missing_value,
3970,liveness,missing_value,
3972,speechiness,missing_value,
3973,energy,missing_value,
3978,speechiness,missing_value,
3978,danceability,outlier_high,1.4840
3980,loudness,missing_value,
3981,danceability,missing_value,
3983,danceability,missing_value,
3987,valence,missing_value,
3990,valence,missing_value,
3994,valence,missing_value,
3998,energy,missing_value,
4005,loudness,missing_value,
4006,speechiness,missing_value,
4011,energy,missing_value,
4019,loudness,missing_value,
4021,danceability,missing_value,
4024,tempo,missing_value,
4033,tempo,outlier_high,383.6081
4036,instrumentalness,missing_value,
4038,acousticness,missing_value,
4039,loudness,outlier_high,2.3054
4039,acousticness,missing_value,
4046,valence,missing_value,
4052,acousticness,missing_value,
4053,energy,missing_value,
4055,danceability,missing_value,
4057,tempo,missing_value,
4057,speechiness,missing_value,
4067,danceability,outlier_high,1.1346
4070,liveness,missing_value,
4070,instrumentalness,missing_value,
4075,acousticness,missing_value,
4079,speechiness,missing_value,
4081,valence,missing_value,
4082,instrumentalness,missing_value,
4082,speechiness,missing_value,
4084,instrumentalness,missing_value,
4085,speechiness,missing_value,
4086,danceability,missing_value,
4088,loudness,missing_value,
4088,danceability,missing_value,
4092,liveness,missing_value,
4098,danceability,missing_value,
4100,speechiness,missing_value,
4109,tempo,missing_value,
4110,loudness,missing_value,
4111,liveness,missing_value,
4120,acousticness,missing_value,
4121,acousticness,missing_value,
4122,speechiness,missing_value,
4124,liveness,missing_value,
4127,instrumentalness,missing_value,
4128,speechiness,missing_value,
4133,speechiness,missing_value,
4134,loudness,missing_value,
4141,valence,outlier_low,-0.0921
4146,instrumentalness,missing_value,
4151,liveness,missing_value,
4152,speechiness,missing_value,
4164,liveness,missing_value,
4167,tempo,missing_value,
4175,valence,missing_value,
4177,speechiness,missing_value,
4182,speechiness,missing_value,
4184,liveness,missing_value,
4185,energy,missing_value,
4189,loudness,missing_value,
4189,valence,missing_value,
4189,danceability,missing_value,
4193,instrumentalness,missing_value,
4196,energy,missing_value,
4198,danceability,missing_value,
4199,loudness,outlier_low,-85.2223
4201,liveness,missing_value,
4206,speechiness,missing_value,
4218,danceability,missing_value,
4222,danceability,missing_value,
4225,liveness,missing_value,
4230,instrumentalness,missing_value,
4232,tempo,outlier_high,373.2056
4235,energy,missing_value,
4236,tempo,missing_value,
4237,valence,missing_value,
4240,liveness,missing_value,
4240,tempo,missing_value,
4242,danceability,missing_value,
4253,acousticness,missing_value,
4254,energy,missing_value,
4256,liveness,missing_value,
4258,loudness,missing_value,
4260,liveness,missing_value,
4270,speechiness,missing_value,
4272,liveness,missing_value,
4275,liveness,missing_value,
4275,loudness,missing_value,
4277,acousticness,missing_value,
4290,energy,missing_value,
4291,instrumentalness,missing_value,
4299,energy,missing_value,
4306,energy,missing_value,
4306,speechiness,missing_value,
4310,tempo,missing_value,
4312,speechiness,missing_value,
4315,valence,missing_value,
4321,danceability,outlier_high,1.3244
4323,tempo,missing_value,
4329,speechiness,missing_value,
4333,loudness,missing_value,
4336,valence,outlier_high,1.1197
4344,energy,missing_value,
4346,acousticness,missing_value,
4349,tempo,missing_value,
4350,speechiness,missing_value,
4351,valence,missing_value,
4351,danceability,missing_value,
4352,energy,missing_value,
4357,danceability,missing_value,
4361,liveness,missing_value,
4364,valence,outlier_high,1.1211
4365,loudness,outlier_low,-77.9568
4365,liveness,missing_value,
4366,energy,missing_value,
4371,danceability,missing_value,
4372,instrumentalness,missing_value,
4376,speechiness,missing_value,
4382,danceability,outlier_low,-0.2700
4383,speechiness,missing_value,
4384,danceability,missing_value,
4387,danceability,missing_value,
4394,speechiness,missing_value,
4395,liveness,missing_value,
4398,liveness,missing_value,
4402,instrumentalness,missing_value,
4406,valence,missing_value,
4410,tempo,missing_value,
4413,energy,missing_value,
4427,loudness,outlier_low,-77.7773
4430,acousticness,missing_value,
4430,liveness,missing_value,
4432,instrumentalness,missing_value,
4437,danceability,missing_value,
4440,acousticness,missing_value,
4445,energy,missing_value,
4449,instrumentalness,missing_value,
4452,energy,missing_value,
4455,tempo,missing_value,
4456,valence,missing_value,
4459,speechiness,missing_value,
4462,instrumentalness,missing_value,
4466,valence,outlier_high,1.0924
4471,speechiness,missing_value,
4472,tempo,outlier_low,12.2596
4475,energy,missing_value,
4477,danceability,missing_value,
4478,speechiness,missing_value,
4480,loudness,missing_value,
4484,tempo,missing_value,
4486,danceability,missing_value,
4487,valence,missing_value,
4495,danceability,missing_value,
4497,tempo,outlier_high,400.1623
4499,tempo,missing_value,
4499,loudness,missing_value,
4504,valence,outlier_low,-0.1050
4506,speechiness,missing_value,
4508,speechiness,missing_value,
4508,valence,missing_value,
4508,instrumentalness,missing_value,
4511,danceability,missing_value,
4514,energy,missing_value,
4514,liveness,missing_value,
4518,danceability,missing_value,
4522,instrumentalness,missing_value,
4523,loudness,missing_value,
4527,acousticness,missing_value,
4535,energy,outlier_low,-0.0900
4548,speechiness,missing_value,
4551,instrumentalness,missing_value,
4555,energy,missing_value,
4560,acousticness,missing_value,
4560,tempo,missing_value,
4563,speechiness,missing_value,
4570,liveness,missing_value,
4574,tempo,outlier_high,301.4217
4575,loudness,missing_value,
4582,instrumentalness,missing_value,
4583,tempo,outlier_low,12.6016
4584,speechiness,missing_value,
4585,danceability,outlier_high,1.1929
4585,liveness,missing_value,
4592,valence,outlier_low,-0.2037
4596,instrumentalness,missing_value,
4610,liveness,missing_value,
4613,valence,outlier_high,1.2098
4618,loudness,outlier_low,-88.7307
4618,valence,missing_value,
4620,danceability,missing_value,
4620,loudness,outlier_low,-78.8040
4622,loudness,missing_value,
4632,speechiness,missing_value,
4634,tempo,missing_value,
4636,valence,missing_value,
4640,tempo,missing_value,
4643,loudness,outlier_high,3.1695
4645,speechiness,missing_value,
4653,acousticness,missing_value,
4657,valence,missing_value,
4658,speechiness,missing_value,
4662,danceability,outlier_low,-0.0269
4672,energy,missing_value,
4673,speechiness,missing_value,
4673,tempo,missing_value,
4675,acousticness,missing_value,
4676,loudness,missing_value,
4677,loudness,outlier_high,3.2700
4679,loudness,missing_value,
4683,tempo,missing_value,
4683,instrumentalness,missing_value,
4685,valence,outlier_low,-0.1860
4693,loudness,missing_value,
4695,speechiness,missing_value,
4697,energy,missing_value,
4700,instrumentalness,missing_value,
4702,tempo,missing_value,
4702,liveness,missing_value,
4702,loudness,missing_value,
4704,danceability,missing_value,
4704,energy,missing_value,
4708,loudness,missing_value,
4715,danceability,missing_value,
4715,valence,missing_value,
4717,instrumentalness,missing_value,
4723,speechiness,missing_value,
4729,tempo,missing_value,
4735,instrumentalness,missing_value,
4740,energy,missing_value,
4749,tempo,missing_value,
4752,danceability,missing_value,
4755,danceability,missing_value,
4757,acousticness,missing_value,
4757,loudness,outlier_low,-70.7303
4759,acousticness,missing_value,
4783,instrumentalness,missing_value,
4792,tempo,missing_value,
4793,valence,missing_value,
4794,speechiness,missing_value,
4795,speechiness,missing_value,
4799,danceability,missing_value,
4800,energy,missing_value,
4804,energy,missing_value,
4805,speechiness,missing_value,
4807,valence,missing_value,
4807,instrumentalness,missing_value,
4808,liveness,missing_value,
4809,energy,missing_value,
4810,loudness,missing_value,
4812,loudness,missing_value,
4812,acousticness,missing_value,
4814,tempo,missing_value,
4816,liveness,missing_value,
4823,instrumentalness,missing_value,
4826,instrumentalness,missing_value,
4826,loudness,missing_value,
4826,valence,missing_value,
4828,loudness,outlier_low,-77.6482
4828,instrumentalness,missing_value,
4828,acousticness,missing_value,
4831,instrumentalness,missing_value,
4833,tempo,missing_value,
4833,speechiness,missing_value,
4834,valence,missing_value,
4840,danceability,missing_value,
4848,energy,outlier_high,1.4197
4850,speechiness,missing_value,
4860,speechiness,missing_value,
4867,instrumentalness,missing_value,
4868,valence,missing_value,
4870,energy,missing_value,
4871,danceability,outlier_low,-0.0998
4873,loudness,missing_value,
4874,tempo,missing_value,
4874,instrumentalness,missing_value,
4880,acousticness,missing_value,
4891,acousticness,missing_value,
4893,acousticness,missing_value,
4898,liveness,missing_value,
4898,loudness,missing_value,
4899,liveness,missing_value,
4900,valence,outlier_low,-0.2680
4904,tempo,missing_value,
4908,danceability,missing_value,
4911,loudness,missing_value,
4912,energy,missing_value,
4914,instrumentalness,missing_value,
4921,energy,missing_value,
4923,loudness,missing_value,
4927,loudness,outlier_low,-86.4837
4929,loudness,missing_value,
4931,valence,missing_value,
4935,energy,outlier_high,1.2096
4942,speechiness,missing_value,
4949,liveness,missing_value,
4963,instrumentalness,missing_value,
4968,danceability,outlier_high,1.1776
4972,danceability,missing_value,
4977,tempo,missing_value,
4978,speechiness,missing_value,
4981,acousticness,missing_value,
4982,speechiness,missing_value,
4983,speechiness,missing_value,
4993,danceability,missing_value,
4995,liveness,missing_value,
5001,speechiness,missing_value,
5003,danceability,outlier_high,1.4132
5003,energy,missing_value,
5003,instrumentalness,missing_value,
5007,danceability,missing_value,
5007,liveness,missing_value,
5021,tempo,missing_value,
5024,acousticness,missing_value,
5033,liveness,missing_value,
5033,acousticness,missing_value,
5034,energy,outlier_high,1.3229
5035,speechiness,missing_value,
5035,liveness,missing_value,
5035,valence,outlier_low,-0.0335
5036,liveness,missing_value,
5038,instrumentalness,missing_value,
5042,liveness,missing_value,
5043,danceability,missing_value,
5043,energy,missing_value,
5057,liveness,missing_value,
5069,valence,outlier_high,1.4905
5073,loudness,missing_value,
5075,tempo,outlier_low,13.5425
5076,speechiness,missing_value,
5082,energy,missing_value,
5083,instrumentalness,missing_value,
5084,instrumentalness,missing_value,
5087,acousticness,missing_value,
5088,valence,missing_value,
5091,speechiness,missing_value,
5108,tempo,missing_value,
5108,liveness,missing_value,
5111,valence,missing_value,
5115,instrumentalness,missing_value,
5116,speechiness,missing_value,
5117,danceability,outlier_high,1.2531
5119,loudness,missing_value,
5125,energy,missing_value,
5128,loudness,missing_value,
5129,loudness,missing_value,
5129,acousticness,missing_value,
5132,danceability,missing_value,
5140,speechiness,missing_value,
5147,danceability,missing_value,
5148,tempo,missing_value,
5150,danceability,missing_value,
5152,valence,missing_value,
5158,liveness,missing_value,
5161,energy,missing_value,
5162,speechiness,missing_value,
5162,loudness,missing_value,
5165,energy,missing_value,
5177,danceability,missing_value,
5179,liveness,missing_value,
5181,tempo,missing_value,
5181,danceability,missing_value,
5181,energy,missing_value,
5185,speechiness,missing_value,
5186,acousticness,missing_value,
5192,valence,missing_value,
5203,loudness,missing_value,
5205,valence,missing_value,
5208,tempo,missing_value,
5214,liveness,missing_value,
5214,loudness,missing_value,
5217,liveness,missing_value,
5219,loudness,missing_value,
5222,valence,missing_value,
5223,acousticness,missing_value,
5227,speechiness,missing_value,
5229,instrumentalness,missing_value,
5230,speechiness,missing_value,
5235,tempo,missing_value,
5238,danceability,missing_value,
5240,danceability,missing_value,
5241,valence,missing_value,
5251,loudness,outlier_high,6.1644
5258,acousticness,missing_value,
5262,speechiness,missing_value,
5274,loudness,missing_value,
5274,instrumentalness,missing_value,
5276,loudness,missing_value,
5278,speechiness,missing_value,
5281,energy,missing_value,
5283,acousticness,missing_value,
5284,valence,missing_value,
5288,danceability,missing_value,
5290,energy,missing_value,
5291,danceability,missing_value,
5296,valence,outlier_low,-0.1944
5297,instrumentalness,missing_value,
5297,danceability,outlier_high,1.0929
5308,energy,missing_value,
5312,valence,outlier_high,1.1356
5314,tempo,missing_value,
5320,instrumentalness,missing_value,
5323,speechiness,missing_value,
5326,valence,outlier_low,-0.0510
5336,speechiness,missing_value,
5336,acousticness,missing_value,
5340,tempo,missing_value,
5341,tempo,missing_value,
5342,speechiness,missing_value,
5344,energy,missing_value,
5349,energy,missing_value,
5350,speechiness,missing_value,
5354,energy,missing_value,
5356,valence,missing_value,
5358,acousticness,missing_value,
5359,liveness,missing_value,
5361,tempo,missing_value,
5368,loudness,missing_value,
5372,valence,missing_value,
5373,danceability,missing_value,
5377,energy,missing_value,
5388,energy,missing_value,
5391,speechiness,missing_value,
5393,loudness,missing_value,
5398,energy,outlier_high,1.1463
5409,speechiness,missing_value,
5410,energy,missing_value,
5414,valence,missing_value,
5415,tempo,missing_value,
5417,speechiness,missing_value,
5423,tempo,outlier_low,3.0109
5427,energy,outlier_high,1.3994
5427,acousticness,missing_value,
5430,valence,missing_value,
5438,valence,missing_value,
5439,energy,missing_value,
5445,tempo,missing_value,
5450,tempo,missing_value,
5454,loudness,outlier_high,6.8703
5455,acousticness,missing_value,
5458,instrumentalness,missing_value,
5460,energy,missing_value,
5462,danceability,outlier_high,1.1784
5471,instrumentalness,missing_value,
5477,instrumentalness,missing_value,
5483,energy,missing_value,
5484,liveness,missing_value,
5491,energy,missing_value,
5492,instrumentalness,missing_value,
5494,liveness,missing_value,
5501,valence,missing_value,
5505,loudness,missing_value,
5508,danceability,missing_value,
5514,valence,missing_value,
5517,valence,missing_value,
5523,valence,missing_value,
5523,instrumentalness,missing_value,
5524,energy,missing_value,
5527,tempo,missing_value,
5532,liveness,missing_value,
5534,valence,missing_value,
5537,liveness,missing_value,
5541,energy,missing_value,
5542,loudness,missing_value,
5544,energy,missing_value,
5553,acousticness,missing_value,
5560,tempo,missing_value,
5562,danceability,outlier_low,-0.1453
5562,energy,missing_value,
5564,danceability,missing_value,
5580,loudness,missing_value,
5588,energy,missing_value,
5591,danceability,missing_value,
5598,instrumentalness,missing_value,
5605,liveness,missing_value,
5607,loudness,missing_value,
5612,acousticness,missing_value,
5616,liveness,missing_value,
5621,acousticness,missing_value,
5623,tempo,missing_value,
5623,valence,missing_value,
5623,speechiness,missing_value,
5627,liveness,missing_value,
5627,energy,missing_value,
5631,valence,outlier_low,-0.1626
5632,valence,missing_value,
5635,danceability,missing_value,
5638,valence,missing_value,
5639,valence,missing_value,
5645,acousticness,missing_value,
5648,energy,missing_value,
5649,energy,missing_value,
5652,tempo,outlier_high,353.7836
5658,acousticness,missing_value,
5658,energy,missing_value,
5659,danceability,missing_value,
5660,energy,missing_value,
5664,liveness,missing_value,
5664,tempo,missing_value,
5664,loudness,missing_value,
5667,instrumentalness,missing_value,
5669,energy,missing_value,
5676,valence,missing_value,
5678,danceability,outlier_low,-0.0751
5682,danceability,outlier_high,1.3938
5686,energy,missing_value,
5688,energy,missing_value,
5689,speechiness,missing_value,
5691,loudness,outlier_low,-81.9648
5691,acousticness,missing_value,
5693,danceability,missing_value,
5694,danceability,missing_value,
5695,danceability,missing_value,
5696,tempo,missing_value,
5700,danceability,missing_value,
5701,tempo,missing_value,
5705,tempo,missing_value,
5705,danceability,missing_value,
5723,loudness,outlier_high,7.4900
5726,tempo,outlier_high,363.2698
5727,tempo,missing_value,
5728,liveness,missing_value,
5731,speechiness,missing_value,
5736,energy,missing_value,
5736,valence,missing_value,
5738,loudness,missing_value,
5741,loudness,missing_value,
5747,speechiness,missing_value,
5749,instrumentalness,missing_value,
5751,liveness,missing_value,
5754,speechiness,missing_value,
5756,energy,missing_value,
5756,tempo,missing_value,
5757,acousticness,missing_value,
5759,liveness,missing_value,
5760,acousticness,missing_value,
5760,tempo,outlier_low,9.9314
5762,valence,outlier_high,1.1468
5763,instrumentalness,missing_value,
5770,energy,missing_value,
5774,tempo,outlier_high,377.8459
5774,loudness,missing_value,
5781,energy,missing_value,
5784,tempo,missing_value,
5787,valence,missing_value,
5787,acousticness,missing_value,
5788,liveness,missing_value,
5795,energy,missing_value,
5799,tempo,missing_value,
5800,danceability,outlier_high,1.3337
5800,energy,missing_value,
5800,acousticness,missing_value,
5801,instrumentalness,missing_value,
5803,acousticness,missing_value,
5804,liveness,missing_value,
5810,speechiness,missing_value,
5820,valence,missing_value,
5827,loudness,missing_value,
5828,acousticness,missing_value,
5829,danceability,missing_value,
5830,danceability,missing_value,
5833,acousticness,missing_value,
5837,danceability,missing_value,
5838,energy,missing_value,
5838,speechiness,missing_value,
5841,loudness,missing_value,
5845,energy,missing_value,
5848,instrumentalness,missing_value,
5854,instrumentalness,missing_value,
5856,energy,missing_value,
5859,energy,outlier_low,-0.0926
5865,speechiness,missing_value,
5866,instrumentalness,missing_value,
5867,speechiness,missing_value,
5871,tempo,missing_value,
5874,tempo,missing_value,
5874,liveness,missing_value,
5876,liveness,missing_value,
5878,speechiness,missing_value,
5883,tempo,missing_value,
5885,valence,missing_value,
5885,danceability,outlier_low,-0.2419
5888,speechiness,missing_value,
5890,acousticness,missing_value,
5894,valence,missing_value,
5895,danceability,missing_value,
5898,loudness,missing_value,
5899,speechiness,missing_value,
5903,loudness,missing_value,
5907,acousticness,missing_value,
5918,danceability,outlier_high,1.4150
5926,danceability,missing_value,
5928,energy,missing_value,
5929,danceability,missing_value,
5937,danceability,missing_value,
5938,energy,missing_value,
5938,valence,missing_value,
5941,danceability,missing_value,
5945,liveness,missing_value,
5947,energy,missing_value,
5948,instrumentalness,missing_value,
5949,speechiness,missing_value,
5956,liveness,missing_value,
5971,speechiness,missing_value,
5973,valence,missing_value,
5974,danceability,missing_value,
5981,energy,missing_value,
5982,tempo,missing_value,
5982,instrumentalness,missing_value,
5986,liveness,missing_value,
5991,energy,outlier_low,-0.2842
5997,acousticness,missing_value,
6006,danceability,missing_value,
6008,energy,missing_value,
6009,liveness,missing_value,
6009,energy,missing_value,
6017,loudness,missing_value,
6017,acousticness,missing_value,
6020,danceability,missing_value,
6020,energy,outlier_low,-0.2796
6023,energy,outlier_high,1.3071
6024,loudness,missing_value,
6030,energy,outlier_low,-0.2655
6030,valence,missing_value,
6032,acousticness,missing_value,
6035,instrumentalness,missing_value,
6036,tempo,missing_value,
6040,tempo,missing_value,
6050,loudness,missing_value,
6050,tempo,missing_value,
6053,loudness,missing_value,
6054,speechiness,missing_value,
6055,valence,outlier_high,1.0815
6056,energy,missing_value,
6063,valence,missing_value,
6065,loudness,outlier_low,-77.5398
6066,loudness,missing_value,
6066,energy,outlier_low,-0.0336
6068,loudness,outlier_high,4.4071
6071,valence,missing_value,
6077,valence,missing_value,
6079,danceability,missing_value,
6081,acousticness,missing_value,
6081,valence,missing_value,
6084,energy,missing_value,
6087,danceability,missing_value,
6087,tempo,missing_value,
6091,speechiness,missing_value,
6098,instrumentalness,missing_value,
6099,danceability,outlier_high,1.1068
6100,instrumentalness,missing_value,
6108,acousticness,missing_value,
6108,valence,missing_value,
6109,tempo,missing_value,
6109,acousticness,missing_value,
6113,danceability,missing_value,
6115,energy,missing_value,
6123,danceability,missing_value,
6129,valence,missing_value,
6130,energy,missing_value,
6131,loudness,missing_value,
6132,valence,missing_value,
6134,tempo,missing_value,
6137,tempo,missing_value,
6139,energy,outlier_high,1.1679
6141,tempo,outlier_high,403.6378
6143,danceability,missing_value,
6143,acousticness,missing_value,
6148,energy,missing_value,
6151,energy,outlier_low,-0.2924
6155,danceability,outlier_low,-0.0990
6157,liveness,missing_value,
6161,liveness,missing_value,
6172,danceability,missing_value,
6183,instrumentalness,missing_value,
6185,valence,missing_value,
6187,energy,missing_value,
6191,acousticness,missing_value,
6192,liveness,missing_value,
6192,acousticness,missing_value,
6193,energy,missing_value,
6199,valence,missing_value,
6201,acousticness,missing_value,
6203,energy,missing_value,
6203,acousticness,missing_value,
6218,tempo,missing_value,
6230,valence,missing_value,
6235,speechiness,missing_value,
6239,instrumentalness,missing_value,
6246,speechiness,missing_value,
6254,loudness,missing_value,
6255,acousticness,missing_value,
6260,instrumentalness,missing_value,
6260,valence,outlier_high,1.3616
6269,acousticness,missing_value,
6271,valence,missing_value,
6272,valence,outlier_low,-0.2647
6274,acousticness,missing_value,
6275,instrumentalness,missing_value,
6276,speechiness,missing_value,
6277,speechiness,missing_value,
6285,instrumentalness,missing_value,
6286,tempo,missing_value,
6287,tempo,missing_value,
6288,speechiness,missing_value,
6288,acousticness,missing_value,
6290,acousticness,missing_value,
6291,acousticness,missing_value,
6291,instrumentalness,missing_value,
6294,danceability,missing_value,
6294,valence,missing_value,
6296,danceability,missing_value,
6303,tempo,outlier_low,9.6041
6308,tempo,missing_value,
6308,valence,missing_value,
6311,energy,missing_value,
6312,liveness,missing_value,
6314,danceability,outlier_low,-0.0934
6317,acousticness,missing_value,
6320,loudness,outlier_low,-79.0912
6321,acousticness,missing_value,
6323,instrumentalness,missing_value,
6338,danceability,outlier_high,1.2536
6342,loudness,missing_value,
6350,speechiness,missing_value,
6354,energy,missing_value,
6355,loudness,missing_value,
6358,danceability,missing_value,
6359,danceability,missing_value,
6360,valence,missing_value,
6361,loudness,missing_value,
6364,danceability,missing_value,
6365,instrumentalness,missing_value,
6366,valence,missing_value,
6375,energy,missing_value,
6378,energy,missing_value,
6382,liveness,missing_value,
6382,acousticness,missing_value,
6386,valence,missing_value,
6391,loudness,missing_value,
6394,liveness,missing_value,
6403,energy,missing_value,
6407,valence,missing_value,
6409,loudness,missing_value,
6409,acousticness,missing_value,
6410,instrumentalness,missing_value,
6411,liveness,missing_value,
6415,liveness,missing_value,
6433,instrumentalness,missing_value,
6436,energy,outlier_high,1.2637
6441,energy,missing_value,
6444,instrumentalness,missing_value,
6447,speechiness,missing_value,
6447,loudness,missing_value,
6451,liveness,missing_value,
6452,acousticness,missing_value,
6452,danceability,outlier_high,1.2638
6452,energy,missing_value,
6456,loudness,missing_value,
6459,danceability,missing_value,
6463,liveness,missing_value,
6464,liveness,missing_value,
6464,acousticness,missing_value,
6466,instrumentalness,missing_value,
6475,acousticness,missing_value,
6477,danceability,missing_value,
6482,danceability,missing_value,
6483,speechiness,missing_value,
6483,energy,missing_value,
6487,speechiness,missing_value,
6491,valence,missing_value,
6509,loudness,missing_value,
6517,liveness,missing_value,
6519,loudness,missing_value,
6520,energy,outlier_high,1.3625
6526,energy,missing_value,
6529,liveness,missing_value,
6535,instrumentalness,missing_value,
6535,speechiness,missing_value,
6540,valence,missing_value,
6543,energy,missing_value,
6546,tempo,missing_value,
6548,instrumentalness,missing_value,
6549,liveness,missing_value,
6553,acousticness,missing_value,
6554,valence,missing_value,
6555,acousticness,missing_value,
6558,liveness,missing_value,
6558,energy,missing_value,
6562,valence,missing_value,
6566,loudness,outlier_high,6.4048
6566,valence,outlier_low,-0.2889
6567,instrumentalness,missing_value,
6568,instrumentalness,missing_value,
6569,valence,missing_value,
6572,instrumentalness,missing_value,
6572,tempo,missing_value,
6577,valence,missing_value,
6578,energy,missing_value,
6579,energy,missing_value,
6581,speechiness,missing_value,
6582,loudness,missing_value,
6583,tempo,missing_value,
6593,tempo,missing_value,
6596,speechiness,missing_value,
6605,loudness,missing_value,
6613,liveness,missing_value,
6616,speechiness,missing_value,
6618,danceability,outlier_low,-0.0831
6620,danceability,missing_value,
6627,acousticness,missing_value,
6629,tempo,missing_value,
6631,danceability,missing_value,
6632,tempo,missing_value,
6635,speechiness,missing_value,
6637,tempo,missing_value,
6640,acousticness,missing_value,
6645,loudness,missing_value,
6649,acousticness,missing_value,
6653,speechiness,missing_value,
6655,tempo,missing_value,
6658,tempo,outlier_low,7.6325
6660,tempo,missing_value,
6660,liveness,missing_value,
6661,valence,missing_value,
6667,energy,missing_value,
6670,liveness,missing_value,
6678,energy,missing_value,
6681,instrumentalness,missing_value,
6683,liveness,missing_value,
6685,energy,missing_value,
6685,instrumentalness,missing_value,
6694,liveness,missing_value,
6695,instrumentalness,missing_value,
6701,tempo,missing_value,
6701,danceability,missing_value,
6704,loudness,missing_value,
6713,valence,missing_value,
6714,speechiness,missing_value,
6720,valence,outlier_high,1.0533
6721,instrumentalness,missing_value,
6725,acousticness,missing_value,
6727,liveness,missing_value,
6727,tempo,missing_value,
6728,speechiness,missing_value,
6730,tempo,missing_value,
6737,speechiness,missing_value,
6740,energy,missing_value,
6745,speechiness,missing_value,
6746,valence,missing_value,
6747,valence,missing_value,
6751,loudness,outlier_low,-85.6205
6751,acousticness,missing_value,
6759,tempo,missing_value,
6764,loudness,missing_value,
6769,loudness,missing_value,
6769,tempo,missing_value,
6777,valence,missing_value,
6783,speechiness,missing_value,
6784,instrumentalness,missing_value,
6786,danceability,missing_value,
6787,energy,missing_value,
6792,instrumentalness,missing_value,
6797,instrumentalness,missing_value,
6798,liveness,missing_value,
6799,tempo,missing_value,
6800,instrumentalness,missing_value,
6804,tempo,outlier_high,343.8333
6810,liveness,missing_value,
6813,instrumentalness,missing_value,
6813,energy,missing_value,
6823,energy,outlier_low,-0.1339
6825,liveness,missing_value,
6827,instrumentalness,missing_value,
6831,acousticness,missing_value,
6834,energy,outlier_high,1.1900
6838,danceability,missing_value,
6843,valence,missing_value,
6848,instrumentalness,missing_value,
6852,acousticness,missing_value,
6852,speechiness,missing_value,
6856,valence,missing_value,
6857,instrumentalness,missing_value,
6867,valence,missing_value,
6872,energy,missing_value,
6876,acousticness,missing_value,
6877,liveness,missing_value,
6882,instrumentalness,missing_value,
6884,danceability,outlier_low,-0.1568
6888,valence,missing_value,
6891,energy,missing_value,
6892,danceability,missing_value,
6896,speechiness,missing_value,
6898,tempo,outlier_low,11.0429
6902,energy,missing_value,
6905,loudness,outlier_high,6.4673
6908,danceability,missing_value,
6911,loudness,missing_value,
6913,liveness,missing_value,
6916,energy,outlier_low,-0.0231
6917,liveness,missing_value,
6923,instrumentalness,missing_value,
6926,liveness,missing_value,
6931,danceability,missing_value,
6940,liveness,missing_value,
6951,liveness,missing_value,
6958,tempo,missing_value,
6968,acousticness,missing_value,
6969,energy,missing_value,
6975,tempo,missing_value,
6979,danceability,missing_value,
6986,liveness,missing_value,
6987,valence,missing_value,
6992,energy,missing_value,
6995,loudness,missing_value,
7000,energy,missing_value,
7000,valence,missing_value,
7000,speechiness,missing_value,
7005,tempo,missing_value,
7016,tempo,outlier_high,411.3263
7016,energy,missing_value,
7022,tempo,missing_value,
7026,valence,missing_value,
7026,danceability,missing_value,
7028,loudness,missing_value,
7029,valence,missing_value,
7034,acousticness,missing_value,
7039,tempo,missing_value,
7042,valence,missing_value,
7054,danceability,outlier_high,1.3514
7054,valence,missing_value,
7056,valence,missing_value,
7058,acousticness,missing_value,
7060,loudness,missing_value,
7063,loudness,missing_value,
7064,danceability,outlier_low,-0.2311
7067,valence,missing_value,
7081,speechiness,missing_value,
7082,tempo,missing_value,
7086,valence,outlier_high,1.2648
7087,acousticness,missing_value,
7089,valence,missing_value,
7091,loudness,outlier_high,2.0357
7095,energy,missing_value,
7097,danceability,missing_value,
7102,speechiness,missing_value,
7107,energy,missing_value,
7108,valence,outlier_low,-0.1966
7112,energy,missing_value,
7118,valence,missing_value,
7124,tempo,missing_value,
7127,tempo,missing_value,
7128,instrumentalness,missing_value,
7131,liveness,missing_value,
7131,energy,outlier_low,-0.1713
7133,acousticness,missing_value,
7133,valence,missing_value,
7135,liveness,missing_value,
7148,valence,missing_value,
7149,liveness,missing_value,
7154,acousticness,missing_value,
7165,loudness,missing_value,
7174,tempo,missing_value,
7185,liveness,missing_value,
7188,instrumentalness,missing_value,
7194,energy,missing_value,
7195,energy,missing_value,
7196,tempo,missing_value,
7204,speechiness,missing_value,
7207,liveness,missing_value,
7210,loudness,missing_value,
7211,speechiness,missing_value,
7218,energy,outlier_high,1.1763
7219,loudness,outlier_high,2.5867
7219,instrumentalness,missing_value,
7229,liveness,missing_value,
7230,loudness,missing_value,
7235,valence,missing_value,
7235,danceability,missing_value,
7242,danceability,missing_value,
7259,danceability,outlier_high,1.3912
7260,loudness,missing_value,
7261,speechiness,missing_value,
7261,acousticness,missing_value,
7265,instrumentalness,missing_value,
7271,energy,missing_value,
7274,valence,outlier_low,-0.1452
7279,danceability,missing_value,
7279,speechiness,missing_value,
7281,loudness,missing_value,
7284,liveness,missing_value,
7285,speechiness,missing_value,
7286,danceability,missing_value,
7287,acousticness,missing_value,
7291,speechiness,missing_value,
7294,speechiness,missing_value,
7295,instrumentalness,missing_value,
7313,tempo,missing_value,
7318,speechiness,missing_value,
7319,acousticness,missing_value,
7324,speechiness,missing_value,
7334,tempo,missing_value,
7337,valence,outlier_low,-0.1985
7341,valence,missing_value,
7344,acousticness,missing_value,
7344,valence,outlier_low,-0.2543
7349,tempo,missing_value,
7350,tempo,missing_value,
7356,loudness,missing_value,
7358,acousticness,missing_value,
7358,instrumentalness,missing_value,
7362,tempo,missing_value,
7363,speechiness,missing_value,
7366,liveness,missing_value,
7371,tempo,missing_value,
7378,acousticness,missing_value,
7378,valence,missing_value,
7381,tempo,missing_value,
7384,liveness,missing_value,
7385,valence,missing_value,
7385,acousticness,missing_value,
7387,valence,missing_value,
7390,valence,missing_value,
7392,valence,missing_value,
7394,danceability,missing_value,
7399,acousticness,missing_value,
7402,danceability,missing_value,
7417,liveness,missing_value,
7424,danceability,missing_value,
7427,loudness,missing_value,
7428,tempo,missing_value,
7428,speechiness,missing_value,
7430,valence,missing_value,
7430,tempo,outlier_high,387.3988
7430,energy,outlier_low,-0.2809
7436,valence,missing_value,
7436,tempo,missing_value,
7444,energy,missing_value,
7447,valence,missing_value,
7453,instrumentalness,missing_value,
7453,danceability,outlier_high,1.2194
7455,loudness,missing_value,
7459,tempo,missing_value,
7459,danceability,outlier_high,1.2708
7460,tempo,missing_value,
7462,energy,outlier_high,1.2792
7463,instrumentalness,missing_value,
7468,energy,missing_value,
7471,energy,missing_value,
7474,danceability,outlier_low,-0.1351
7476,loudness,outlier_low,-79.6325
7476,acousticness,missing_value,
7477,energy,missing_value,
7482,valence,missing_value,
7484,valence,missing_value,
7486,acousticness,missing_value,
7487,speechiness,missing_value,
7492,acousticness,missing_value,
7502,danceability,missing_value,
7502,speechiness,missing_value,
7504,danceability,missing_value,
7505,energy,missing_value,
7507,tempo,missing_value,
7511,energy,missing_value,
7520,energy,missing_value,
7523,danceability,missing_value,
7527,instrumentalness,missing_value,
7527,valence,missing_value,
7528,valence,missing_value,
7529,acousticness,missing_value,
7537,loudness,missing_value,
7545,speechiness,missing_value,
7547,acousticness,missing_value,
7548,valence,missing_value,
7552,speechiness,missing_value,
7553,liveness,missing_value,
7556,energy,missing_value,
7561,loudness,missing_value,
7570,instrumentalness,missing_value,
7575,acousticness,missing_value,
7578,speechiness,missing_value,
7579,danceability,missing_value,
7582,tempo,missing_value,
7586,energy,outlier_high,1.3662
7588,valence,missing_value,
7598,liveness,missing_value,
7605,loudness,missing_value,
7605,valence,outlier_low,-0.1309
7609,instrumentalness,missing_value,
7611,acousticness,missing_value,
7619,tempo,missing_value,
7626,instrumentalness,missing_value,
7630,acousticness,missing_value,
7631,speechiness,missing_value,
7632,valence,missing_value,
7638,liveness,missing_value,
7641,valence,missing_value,
7643,danceability,missing_value,
7649,loudness,missing_value,
7649,speechiness,missing_value,
7650,speechiness,missing_value,
7652,loudness,missing_value,
7656,danceability,missing_value,
7659,danceability,missing_value,
7663,energy,missing_value,
7668,valence,missing_value,
7671,acousticness,missing_value,
7675,speechiness,missing_value,
7678,acousticness,missing_value,
7678,loudness,missing_value,
7679,speechiness,missing_value,
7679,tempo,missing_value,
7680,tempo,missing_value,
7683,tempo,missing_value,
7685,liveness,missing_value,
7687,acousticness,missing_value,
7688,liveness,missing_value,
7692,speechiness,missing_value,
7694,acousticness,missing_value,
7695,energy,outlier_high,1.2655
7695,tempo,missing_value,
7696,instrumentalness,missing_value,
7698,speechiness,missing_value,
7700,acousticness,missing_value,
7701,energy,outlier_low,-0.2807
7704,loudness,outlier_low,-71.9477
7707,energy,missing_value,
7709,energy,missing_value,
7710,loudness,missing_value,
7712,loudness,missing_value,
7713,energy,missing_value,
7715,energy,missing_value,
7715,liveness,missing_value,
7717,instrumentalness,missing_value,
7722,danceability,missing_value,
7725,tempo,missing_value,
7727,liveness,missing_value,
7728,valence,missing_value,
7730,valence,outlier_low,-0.2053
7732,energy,missing_value,
7738,tempo,outlier_low,6.5560
7740,danceability,outlier_high,1.1989
7743,valence,outlier_high,1.2496
7746,speechiness,missing_value,
7746,danceability,missing_value,
7748,tempo,missing_value,
7758,acousticness,missing_value,
7765,speechiness,missing_value,
7766,energy,missing_value,
7773,valence,missing_value,
7773,instrumentalness,missing_value,
7787,instrumentalness,missing_value,
7789,valence,missing_value,
7790,tempo,missing_value,
7792,valence,missing_value,
7803,acousticness,missing_value,
7806,danceability,outlier_low,-0.1062
7809,speechiness,missing_value,
7818,energy,missing_value,
7821,valence,missing_value,
7821,acousticness,missing_value,
7825,tempo,missing_value,
7827,valence,missing_value,
7828,loudness,missing_value,
7831,tempo,missing_value,
7833,liveness,missing_value,
7835,liveness,missing_value,
7836,tempo,missing_value,
7837,danceability,missing_value,
7837,instrumentalness,missing_value,
7838,tempo,missing_value,
7841,acousticness,missing_value,
7846,energy,missing_value,
7859,acousticness,missing_value,
7866,danceability,outlier_high,1.4902
7867,danceability,missing_value,
7870,valence,outlier_high,1.1555
7872,liveness,missing_value,
7876,liveness,missing_value,
7880,acousticness,missing_value,
7889,loudness,outlier_high,6.2854
7890,loudness,outlier_low,-83.0450
7905,energy,missing_value,
7932,instrumentalness,missing_value,
7934,energy,outlier_high,1.4130
7934,instrumentalness,missing_value,
7944,speechiness,missing_value,
7953,acousticness,missing_value,
7958,energy,missing_value,
7959,danceability,missing_value,
7961,acousticness,missing_value,
7962,valence,missing_value,
7964,acousticness,missing_value,
7974,valence,missing_value,
7986,danceability,missing_value,
7990,energy,missing_value,
7993,speechiness,missing_value,
7994,acousticness,missing_value,
8001,instrumentalness,missing_value,
8007,instrumentalness,missing_value,
8017,loudness,missing_value,
8021,acousticness,missing_value,
8021,valence,outlier_low,-0.2684
8028,energy,missing_value,
8036,tempo,missing_value,
8038,energy,missing_value,
8041,valence,missing_value,
8041,energy,outlier_high,1.1625
8043,loudness,missing_value,
8047,energy,missing_value,
8051,loudness,missing_value,
8051,liveness,missing_value,
8055,instrumentalness,missing_value,
8063,speechiness,missing_value,
8069,danceability,missing_value,
8069,acousticness,missing_value,
8070,speechiness,missing_value,
8071,valence,outlier_low,-0.0296
8071,danceability,outlier_low,-0.1367
8072,loudness,missing_value,
8072,liveness,missing_value,
8074,acousticness,missing_value,
8084,speechiness,missing_value,
8086,valence,missing_value,
8091,loudness,missing_value,
8092,acousticness,missing_value,
8097,danceability,outlier_low,-0.1529
8101,energy,missing_value,
8101,danceability,missing_value,
8103,liveness,missing_value,
8112,liveness,missing_value,
8118,instrumentalness,missing_value,
8130,acousticness,missing_value,
8132,loudness,missing_value,
8153,valence,missing_value,
8154,valence,missing_value,
8154,danceability,outlier_high,1.0572
8159,liveness,missing_value,
8162,loudness,missing_value,
8163,danceability,missing_value,
8168,acousticness,missing_value,
8169,danceability,missing_value,
8170,tempo,missing_value,
8171,instrumentalness,missing_value,
8172,loudness,outlier_high,6.8657
8173,valence,outlier_low,-0.0828
8175,energy,outlier_low,-0.1195
8175,loudness,outlier_high,6.7564
8176,energy,missing_value,
8176,danceability,missing_value,
8177,speechiness,missing_value,
8179,energy,missing_value,
8179,valence,missing_value,
8179,tempo,missing_value,
8180,tempo,missing_value,
8183,energy,missing_value,
8189,loudness,missing_value,
8192,loudness,outlier_high,7.2005
8195,liveness,missing_value,
8197,liveness,missing_value,
8211,energy,missing_value,
8216,energy,missing_value,
8234,danceability,missing_value,
8240,loudness,missing_value,
8241,tempo,missing_value,
8245,loudness,missing_value,
8251,tempo,outlier_high,350.3816
8252,danceability,missing_value,
8253,acousticness,missing_value,
8255,tempo,missing_value,
8261,liveness,missing_value,
8266,danceability,outlier_low,-0.0679
8271,danceability,missing_value,
8277,tempo,missing_value,
8279,valence,missing_value,
8283,danceability,outlier_high,1.3504
8286,valence,outlier_high,1.4342
8287,danceability,missing_value,
8294,instrumentalness,missing_value,
8303,speechiness,missing_value,
8321,liveness,missing_value,
8321,valence,missing_value,
8327,speechiness,missing_value,
8330,energy,missing_value,
8331,acousticness,missing_value,
8345,danceability,missing_value,
8348,instrumentalness,missing_value,
8350,danceability,missing_value,
8353,danceability,outlier_low,-0.2702
8354,energy,missing_value,
8355,speechiness,missing_value,
8355,tempo,outlier_low,14.0364
8357,instrumentalness,missing_value,
8357,loudness,missing_value,
8366,energy,outlier_low,-0.2247
8366,acousticness,missing_value,
8372,tempo,missing_value,
8377,loudness,outlier_high,4.8751
8383,valence,missing_value,
8384,energy,missing_value,
8384,loudness,missing_value,
8390,loudness,missing_value,
8392,loudness,missing_value,
8392,speechiness,missing_value,
8393,energy,outlier_low,-0.1634
8394,instrumentalness,missing_value,
8399,liveness,missing_value,
8402,energy,missing_value,
8409,instrumentalness,missing_value,
8410,loudness,missing_value,
8411,tempo,missing_value,
8413,liveness,missing_value,
8416,tempo,missing_value,
8422,energy,outlier_high,1.0801
8423,liveness,missing_value,
8426,instrumentalness,missing_value,
8427,speechiness,missing_value,
8433,loudness,outlier_low,-76.7850
8434,danceability,outlier_high,1.3692
8439,danceability,outlier_high,1.2244
8440,acousticness,missing_value,
8447,liveness,missing_value,
8449,speechiness,missing_value,
8452,loudness,missing_value,
8456,loudness,missing_value,
8466,speechiness,missing_value,
8472,danceability,missing_value,
8474,tempo,missing_value,
8478,danceability,missing_value,
8478,instrumentalness,missing_value,
8479,energy,missing_value,
8479,valence,missing_value,
8482,valence,missing_value,
8484,liveness,missing_value,
8484,valence,missing_value,
8485,danceability,missing_value,
8496,valence,missing_value,
8503,instrumentalness,missing_value,
8509,valence,missing_value,
8521,energy,missing_value,
8523,speechiness,missing_value,
8523,energy,missing_value,
8525,danceability,missing_value,
8526,danceability,missing_value,
8531,valence,missing_value,
8533,instrumentalness,missing_value,
8536,tempo,outlier_high,411.6811
8538,tempo,missing_value,
8539,liveness,missing_value,
8539,instrumentalness,missing_value,
8546,instrumentalness,missing_value,
8548,tempo,missing_value,
8565,liveness,missing_value,
8566,instrumentalness,missing_value,
8574,danceability,missing_value,
8575,danceability,outlier_low,-0.1617
8581,energy,missing_value,
8586,danceability,missing_value,
8589,loudness,missing_value,
8593,loudness,outlier_low,-70.4813
8596,liveness,missing_value,
8600,valence,missing_value,
8601,valence,missing_value,
8602,danceability,missing_value,
8602,acousticness,missing_value,
8606,liveness,missing_value,
8613,valence,missing_value,
8613,danceability,missing_value,
8626,tempo,missing_value,
8630,liveness,missing_value,
8632,acousticness,missing_value,
8642,liveness,missing_value,
8642,loudness,outlier_high,6.7048
8646,energy,missing_value,
8648,energy,missing_value,
8652,liveness,missing_value,
8653,energy,missing_value,
8655,valence,missing_value,
8656,danceability,outlier_high,1.0617
8659,loudness,missing_value,
8661,tempo,missing_value,
8663,tempo,missing_value,
8665,liveness,missing_value,
8670,loudness,missing_value,
8676,instrumentalness,missing_value,
8677,acousticness,missing_value,
8680,tempo,missing_value,
8684,danceability,missing_value,
8693,speechiness,missing_value,
8702,instrumentalness,missing_value,
8703,acousticness,missing_value,
8703,loudness,missing_value,
8704,valence,missing_value,
8704,liveness,missing_value,
8704,tempo,missing_value,
8708,liveness,missing_value,
8710,energy,outlier_low,-0.0244
8713,tempo,missing_value,
8715,valence,outlier_high,1.4012
8716,liveness,missing_value,
8727,danceability,missing_value,
8727,tempo,outlier_high,363.4602
8729,loudness,missing_value,
8733,tempo,missing_value,
8746,tempo,outlier_high,407.2822
8751,danceability,missing_value,
8758,danceability,missing_value,
8764,energy,outlier_low,-0.0452
8764,loudness,missing_value,
8766,instrumentalness,missing_value,
8768,loudness,missing_value,
8770,loudness,missing_value,
8770,valence,missing_value,
8773,speechiness,missing_value,
8781,energy,missing_value,
8787,speechiness,missing_value,
8787,liveness,missing_value,
8791,tempo,missing_value,
8795,valence,missing_value,
8797,instrumentalness,missing_value,
8805,instrumentalness,missing_value,
8806,energy,missing_value,
8806,danceability,missing_value,
8808,instrumentalness,missing_value,
8810,speechiness,missing_value,
8811,acousticness,missing_value,
8815,energy,outlier_high,1.3760
8816,instrumentalness,missing_value,
8818,energy,missing_value,
8820,instrumentalness,missing_value,
8826,instrumentalness,missing_value,
8838,loudness,missing_value,
8844,loudness,missing_value,
8845,instrumentalness,missing_value,
8847,danceability,outlier_low,-0.0685
8856,energy,missing_value,
8857,danceability,missing_value,
8858,speechiness,missing_value,
8862,tempo,missing_value,
8864,tempo,missing_value,
8876,instrumentalness,missing_value,
8878,loudness,outlier_high,8.1106
8887,loudness,missing_value,
8893,instrumentalness,missing_value,
8899,speechiness,missing_value,
8901,danceability,missing_value,
8901,valence,missing_value,
8907,loudness,missing_value,
8909,energy,missing_value,
8913,energy,missing_value,
8914,acousticness,missing_value,
8914,danceability,missing_value,
8915,tempo,outlier_low,2.7649
8917,tempo,missing_value,
8919,liveness,missing_value,
8925,energy,missing_value,
8930,tempo,outlier_high,339.3337
8931,acousticness,missing_value,
8932,loudness,missing_value,
8936,speechiness,missing_value,
8939,valence,missing_value,
8941,danceability,missing_value,
8954,liveness,missing_value,
8957,liveness,missing_value,
8960,speechiness,missing_value,
8970,acousticness,missing_value,
8973,valence,missing_value,
8974,acousticness,missing_value,
8979,valence,missing_value,
8981,liveness,missing_value,
8982,instrumentalness,missing_value,
8990,danceability,missing_value,
8990,liveness,missing_value,
8992,danceability,outlier_high,1.3393
8996,valence,missing_value,
8997,valence,missing_value,
9000,acousticness,missing_value,
9001,tempo,outlier_high,399.5887
9006,tempo,missing_value,
9010,loudness,missing_value,
9016,tempo,missing_value,
9016,danceability,missing_value,
9019,tempo,missing_value,
9023,danceability,missing_value,
9027,energy,missing_value,
9030,speechiness,missing_value,
9030,danceability,outlier_low,-0.1277
9031,liveness,missing_value,
9034,liveness,missing_value,
9037,acousticness,missing_value,
9037,instrumentalness,missing_value,
9040,acousticness,missing_value,
9043,valence,outlier_high,1.1804
9045,speechiness,missing_value,
9048,valence,outlier_high,1.2246
9050,acousticness,missing_value,
9051,tempo,outlier_high,355.4313
9053,liveness,missing_value,
9054,danceability,missing_value,
9059,loudness,missing_value,
9067,acousticness,missing_value,
9068,danceability,outlier_low,-0.1059
9079,danceability,missing_value,
9079,tempo,missing_value,
9080,speechiness,missing_value,
9091,speechiness,missing_value,
9095,loudness,missing_value,
9101,loudness,missing_value,
9103,danceability,missing_value,
9105,energy,missing_value,
9105,liveness,missing_value,
9115,energy,missing_value,
9126,energy,missing_value,
9127,danceability,missing_value,
9129,energy,missing_value,
9130,tempo,missing_value,
9135,loudness,missing_value,
9138,danceability,missing_value,
9139,liveness,missing_value,
9139,energy,missing_value,
9143,instrumentalness,missing_value,
9144,acousticness,missing_value,
9148,loudness,missing_value,
9148,speechiness,missing_value,
9152,tempo,missing_value,
9152,speechiness,missing_value,
9153,acousticness,missing_value,
9154,danceability,missing_value,
9154,acousticness,missing_value,
9156,tempo,missing_value,
9158,loudness,missing_value,
9163,acousticness,missing_value,
9163,loudness,missing_value,
9168,instrumentalness,missing_value,
9178,loudness,missing_value,
9178,energy,missing_value,
9180,instrumentalness,missing_value,
9184,acousticness,missing_value,
9190,valence,missing_value,
9196,acousticness,missing_value,
9205,loudness,outlier_high,1.9384
9205,instrumentalness,missing_value,
9208,instrumentalness,missing_value,
9219,energy,missing_value,
9222,energy,outlier_high,1.4357
9222,liveness,missing_value,
9226,danceability,missing_value,
9226,loudness,missing_value,
9233,instrumentalness,missing_value,
9233,acousticness,missing_value,
9235,liveness,missing_value,
9236,acousticness,missing_value,
9238,speechiness,missing_value,
9242,valence,missing_value,
9242,danceability,missing_value,
9244,danceability,outlier_low,-0.2918
9247,danceability,outlier_low,-0.1266
9247,valence,outlier_low,-0.0879
9250,speechiness,missing_value,
9255,acousticness,missing_value,
9255,instrumentalness,missing_value,
9261,liveness,missing_value,
9261,tempo,outlier_high,321.2893
9267,speechiness,missing_value,
9277,energy,missing_value,
9278,instrumentalness,missing_value,
9283,energy,outlier_low,-0.0384
9285,energy,missing_value,
9288,liveness,missing_value,
9293,instrumentalness,missing_value,
9296,energy,outlier_high,1.3120
9298,valence,missing_value,
9303,energy,missing_value,
9306,energy,missing_value,
9313,speechiness,missing_value,
9325,loudness,missing_value,
9326,liveness,missing_value,
9326,loudness,missing_value,
9326,energy,missing_value,
9327,danceability,outlier_low,-0.0591
9329,speechiness,missing_value,
9335,energy,missing_value,
9336,valence,missing_value,
9340,instrumentalness,missing_value,
9341,acousticness,missing_value,
9354,danceability,outlier_low,-0.0672
9358,acousticness,missing_value,
9359,danceability,outlier_high,1.4181
9359,tempo,outlier_high,373.4031
9362,liveness,missing_value,
9364,liveness,missing_value,
9375,instrumentalness,missing_value,
9375,energy,missing_value,
9376,loudness,outlier_high,1.6859
9382,instrumentalness,missing_value,
9386,liveness,missing_value,
9390,tempo,missing_value,
9391,energy,outlier_low,-0.0297
9393,acousticness,missing_value,
9396,acousticness,missing_value,
9396,valence,outlier_high,1.4474
9397,speechiness,missing_value,
9398,tempo,missing_value,
9398,energy,missing_value,
9400,instrumentalness,missing_value,
9401,energy,missing_value,
9402,liveness,missing_value,
9404,valence,outlier_high,1.3664
9404,instrumentalness,missing_value,
9405,loudness,outlier_low,-71.8704
9406,liveness,missing_value,
9407,energy,missing_value,
9413,energy,outlier_low,-0.0793
9414,tempo,missing_value,
9417,loudness,missing_value,
9418,danceability,missing_value,
9422,energy,missing_value,
9423,energy,outlier_low,-0.0591
9424,instrumentalness,missing_value,
9432,acousticness,missing_value,
9432,loudness,missing_value,
9435,loudness,missing_value,
9443,acousticness,missing_value,
9443,loudness,missing_value,
9443,valence,missing_value,
9447,speechiness,missing_value,
9448,liveness,missing_value,
9459,energy,missing_value,
9459,danceability,missing_value,
9460,tempo,missing_value,
9463,energy,missing_value,
9467,tempo,missing_value,
9468,speechiness,missing_value,
9470,loudness,missing_value,
9476,danceability,missing_value,
9481,instrumentalness,missing_value,
9482,danceability,outlier_high,1.3302
9483,tempo,missing_value,
9485,tempo,missing_value,
9491,acousticness,missing_value,
9491,danceability,missing_value,
9491,energy,missing_value,
9494,acousticness,missing_value,
9498,loudness,missing_value,
9501,speechiness,missing_value,
9506,speechiness,missing_value,
9508,valence,outlier_low,-0.2990
9509,loudness,missing_value,
9512,danceability,missing_value,
9515,tempo,missing_value,
9522,acousticness,missing_value,
9523,speechiness,missing_value,
9525,loudness,missing_value,
9528,energy,missing_value,
9529,tempo,missing_value,
9531,loudness,missing_value,
9536,loudness,missing_value,
9538,energy,missing_value,
9543,danceability,missing_value,
9551,valence,missing_value,
9551,tempo,missing_value,
9557,loudness,outlier_low,-72.3308
9561,loudness,missing_value,
9564,loudness,missing_value,
9566,tempo,missing_value,
9569,danceability,missing_value,
9571,danceability,missing_value,
9577,danceability,missing_value,
9579,danceability,missing_value,
9583,tempo,missing_value,
9590,danceability,missing_value,
9592,instrumentalness,missing_value,
9595,acousticness,missing_value,
9602,instrumentalness,missing_value,
9605,valence,missing_value,
9605,instrumentalness,missing_value,
9609,valence,missing_value,
9609,danceability,missing_value,
9609,tempo,missing_value,
9609,energy,missing_value,
9610,liveness,missing_value,
9615,energy,missing_value,
9620,liveness,missing_value,
9621,valence,missing_value,
9621,instrumentalness,missing_value,
9625,tempo,missing_value,
9627,speechiness,missing_value,
9631,danceability,missing_value,
9631,energy,missing_value,
9632,instrumentalness,missing_value,
9636,instrumentalness,missing_value,
9642,loudness,missing_value,
9642,danceability,missing_value,
9644,speechiness,missing_value,
9653,energy,missing_value,
9654,liveness,missing_value,
9655,danceability,missing_value,
9656,tempo,missing_value,
9658,loudness,missing_value,
9661,valence,missing_value,
9661,instrumentalness,missing_value,
9666,valence,missing_value,
9670,loudness,missing_value,
9672,danceability,missing_value,
9682,valence,missing_value,
9683,acousticness,missing_value,
9683,danceability,missing_value,
9688,loudness,missing_value,
9689,valence,missing_value,
9689,energy,missing_value,
9695,valence,missing_value,
9700,loudness,missing_value,
9703,speechiness,missing_value,
9706,liveness,missing_value,
9710,valence,outlier_low,-0.2169
9710,loudness,missing_value,
9712,acousticness,missing_value,
9718,valence,missing_value,
9719,speechiness,missing_value,
9724,danceability,missing_value,
9727,loudness,outlier_low,-83.1447
9730,liveness,missing_value,
9731,energy,missing_value,
9743,valence,missing_value,
9749,tempo,missing_value,
9755,tempo,outlier_low,11.1439
9764,liveness,missing_value,
9767,loudness,missing_value,
9767,valence,missing_value,
9772,tempo,missing_value,
9774,speechiness,missing_value,
9783,loudness,missing_value,
9784,energy,missing_value,
9785,valence,missing_value,
9787,energy,missing_value,
9789,danceability,missing_value,
9790,loudness,missing_value,
9794,danceability,missing_value,
9803,speechiness,missing_value,
9804,loudness,missing_value,
9804,energy,missing_value,
9805,speechiness,missing_value,
9805,danceability,missing_value,
9809,energy,outlier_low,-0.2946
9809,liveness,missing_value,
9813,tempo,missing_value,
9815,instrumentalness,missing_value,
9818,danceability,missing_value,
9822,energy,missing_value,
9828,liveness,missing_value,
9830,speechiness,missing_value,
9831,valence,missing_value,
9832,tempo,outlier_high,375.0883
9833,tempo,outlier_low,13.9032
9834,speechiness,missing_value,
9834,energy,outlier_high,1.3375
9839,instrumentalness,missing_value,
9841,danceability,missing_value,
9852,acousticness,missing_value,
9864,energy,outlier_high,1.4764
9865,instrumentalness,missing_value,
9867,valence,missing_value,
9871,energy,missing_value,
9874,valence,missing_value,
9887,tempo,missing_value,
9887,acousticness,missing_value,
9891,instrumentalness,missing_value,
9895,loudness,missing_value,
9906,tempo,outlier_low,6.1006
9906,speechiness,missing_value,
9907,valence,missing_value,
9913,instrumentalness,missing_value,
9923,valence,outlier_low,-0.1005
9925,loudness,missing_value,
9928,valence,outlier_low,-0.1041
9930,instrumentalness,missing_value,
9931,tempo,outlier_low,7.0754
9932,valence,missing_value,
9934,speechiness,missing_value,
9935,loudness,missing_value,
9937,danceability,missing_value,
9939,speechiness,missing_value,
9940,instrumentalness,missing_value,
9943,acousticness,missing_value,
9944,liveness,missing_value,
9947,danceability,missing_value,
9948,liveness,missing_value,
9953,energy,missing_value,
9955,instrumentalness,missing_value,
9961,energy,missing_value,
9965,liveness,missing_value,
9968,speechiness,missing_value,
9968,danceability,missing_value,
9971,tempo,missing_value,
9980,instrumentalness,missing_value,
9983,liveness,missing_value,
9988,tempo,missing_value,
9994,acousticness,missing_value,
9996,energy,outlier_low,-0.1750
10001,speechiness,missing_value,
10001,instrumentalness,missing_value,
10008,danceability,missing_value,
10022,energy,missing_value,
10024,acousticness,missing_value,
10028,tempo,outlier_high,416.7378
10030,valence,missing_value,
10032,energy,missing_value,
10034,liveness,missing_value,
10038,liveness,missing_value,
10041,valence,outlier_high,1.2011
10043,danceability,outlier_high,1.3238
10043,loudness,missing_value,
10044,valence,missing_value,
10047,tempo,missing_value,
10052,danceability,missing_value,
10056,liveness,missing_value,
10058,speechiness,missing_value,
10058,energy,missing_value,
10060,danceability,missing_value,
10063,liveness,missing_value,
10071,instrumentalness,missing_value,
10076,loudness,missing_value,
10077,valence,missing_value,
10078,instrumentalness,missing_value,
10088,danceability,outlier_high,1.3257
10090,liveness,missing_value,
10090,danceability,missing_value,
10092,tempo,outlier_high,367.7638
10092,loudness,missing_value,
10094,liveness,missing_value,
10094,valence,missing_value,
10094,loudness,missing_value,
10098,tempo,missing_value,
10101,loudness,missing_value,
10101,energy,missing_value,
10107,danceability,missing_value,
10110,valence,missing_value,
10116,instrumentalness,missing_value,
10125,danceability,missing_value,
10128,instrumentalness,missing_value,
10132,energy,missing_value,
10133,liveness,missing_value,
10135,valence,missing_value,
10136,loudness,missing_value,
10144,loudness,missing_value,
10144,instrumentalness,missing_value,
10146,valence,missing_value,
10152,energy,missing_value,
10156,instrumentalness,missing_value,
10158,danceability,missing_value,
10166,energy,outlier_low,-0.1666
10171,acousticness,missing_value,
10172,energy,missing_value,
10174,danceability,missing_value,
10177,instrumentalness,missing_value,
10179,loudness,missing_value,
10180,speechiness,missing_value,
10185,danceability,missing_value,
10187,instrumentalness,missing_value,
10195,acousticness,missing_value,
10196,acousticness,missing_value,
10198,danceability,missing_value,
10202,energy,missing_value,
10205,valence,outlier_low,-0.0995
10207,liveness,missing_value,
10209,loudness,missing_value,
10210,speechiness,missing_value,
10212,danceability,outlier_low,-0.2563
10212,loudness,outlier_low,-80.5462
10215,instrumentalness,missing_value,
10218,acousticness,missing_value,
10229,valence,outlier_low,-0.2792
10229,energy,outlier_high,1.1472
10230,energy,missing_value,
10237,loudness,missing_value,
10241,acousticness,missing_value,
10241,energy,missing_value,
10246,instrumentalness,missing_value,
10248,liveness,missing_value,
10251,instrumentalness,missing_value,
10254,liveness,missing_value,
10255,danceability,outlier_high,1.0862
10258,speechiness,missing_value,
10259,loudness,outlier_high,6.9532
10259,valence,missing_value,
10261,loudness,missing_value,
10265,acousticness,missing_value,
10272,danceability,outlier_high,1.0645
10274,acousticness,missing_value,
10276,liveness,missing_value,
10279,danceability,missing_value,
10284,tempo,outlier_low,4.0627
10288,valence,missing_value,
10295,energy,missing_value,
10295,instrumentalness,missing_value,
10297,valence,outlier_high,1.2542
10297,energy,missing_value,
10298,tempo,missing_value,
10300,liveness,missing_value,
10301,valence,missing_value,
10303,valence,missing_value,
10312,liveness,missing_value,
10317,tempo,missing_value,
10317,speechiness,missing_value,
10318,loudness,outlier_high,6.5572
10318,liveness,missing_value,
10321,acousticness,missing_value,
10323,tempo,missing_value,
10323,energy,missing_value,
10325,valence,missing_value,
10327,liveness,missing_value,
10328,instrumentalness,missing_value,
10338,energy,missing_value,
10345,energy,missing_value,
10346,instrumentalness,missing_value,
10352,energy,missing_value,
10356,instrumentalness,missing_value,
10359,energy,missing_value,
10367,loudness,outlier_high,8.8898
10368,tempo,missing_value,
10377,danceability,missing_value,
10377,acousticness,missing_value,
10381,acousticness,missing_value,
10388,instrumentalness,missing_value,
10395,instrumentalness,missing_value,
10397,energy,outlier_low,-0.1153
10399,speechiness,missing_value,
10405,tempo,missing_value,
10407,speechiness,missing_value,
10407,energy,missing_value,
10409,energy,outlier_low,-0.1947
10414,tempo,missing_value,
10418,loudness,outlier_low,-74.8024
10420,valence,missing_value,
10423,danceability,missing_value,
10426,liveness,missing_value,
10428,tempo,outlier_high,368.0966
10428,acousticness,missing_value,
10429,danceability,missing_value,
10434,speechiness,missing_value,
10434,valence,missing_value,
10444,danceability,missing_value,
10447,speechiness,missing_value,
10448,valence,missing_value,
10451,speechiness,missing_value,
10452,acousticness,missing_value,
10453,tempo,missing_value,
10457,valence,missing_value,
10465,energy,missing_value,
10472,acousticness,missing_value,
10479,speechiness,missing_value,
10484,instrumentalness,missing_value,
10485,valence,missing_value,
10486,danceability,missing_value,
10486,energy,missing_value,
10487,tempo,missing_value,
10489,acousticness,missing_value,
10490,valence,outlier_high,1.1213
10492,liveness,missing_value,
10496,loudness,missing_value,
10504,loudness,missing_value,
10510,valence,missing_value,
10511,speechiness,missing_value,
10514,acousticness,missing_value,
10525,danceability,missing_value,
10529,loudness,missing_value,
10539,loudness,missing_value,
10540,tempo,missing_value,
10544,liveness,missing_value,
10552,tempo,missing_value,
10553,loudness,missing_value,
10553,tempo,missing_value,
10557,instrumentalness,missing_value,
10578,danceability,missing_value,
10581,instrumentalness,missing_value,
10591,instrumentalness,missing_value,
10599,liveness,missing_value,
10604,energy,missing_value,
10606,acousticness,missing_value,
10610,liveness,missing_value,
10611,liveness,missing_value,
10613,speechiness,missing_value,
10619,danceability,missing_value,
10622,energy,missing_value,
10623,acousticness,missing_value,
10626,instrumentalness,missing_value,
10627,danceability,missing_value,
10631,energy,missing_value,
10635,acousticness,missing_value,
10636,danceability,missing_value,
10641,speechiness,missing_value,
10641,danceability,outlier_low,-0.2728
10643,tempo,missing_value,
10646,energy,missing_value,
10652,energy,missing_value,
10655,instrumentalness,missing_value,
10659,energy,missing_value,
10660,danceability,missing_value,
10662,tempo,missing_value,
10664,acousticness,missing_value,
10665,danceability,missing_value,
10665,loudness,missing_value,
10673,danceability,missing_value,
10676,energy,missing_value,
10686,loudness,missing_value,
10688,tempo,missing_value,
10691,energy,missing_value,
10698,valence,missing_value,
10701,instrumentalness,missing_value,
10709,energy,missing_value,
10713,tempo,missing_value,
10719,tempo,outlier_low,6.8040
10720,acousticness,missing_value,
10724,valence,outlier_high,1.3712
10728,instrumentalness,missing_value,
10728,energy,missing_value,
10732,danceability,missing_value,
10738,instrumentalness,missing_value,
10744,danceability,missing_value,
10749,acousticness,missing_value,
10750,instrumentalness,missing_value,
10751,acousticness,missing_value,
10751,speechiness,missing_value,
10755,tempo,outlier_low,11.1456
10765,speechiness,missing_value,
10770,energy,missing_value,
10792,liveness,missing_value,
10808,tempo,missing_value,
10809,tempo,missing_value,
10810,tempo,missing_value,
10818,valence,missing_value,
10819,speechiness,missing_value,
10820,acousticness,missing_value,
10822,valence,missing_value,
10828,acousticness,missing_value,
10835,danceability,missing_value,
10836,tempo,missing_value,
10841,instrumentalness,missing_value,
10842,liveness,missing_value,
10854,tempo,outlier_low,14.6215
10858,loudness,missing_value,
10860,valence,missing_value,
10861,liveness,missing_value,
10862,energy,missing_value,
10866,instrumentalness,missing_value,
10866,liveness,missing_value,
10870,liveness,missing_value,
10873,acousticness,missing_value,
10875,liveness,missing_value,
10881,loudness,outlier_high,6.4337
10883,valence,missing_value,
10888,loudness,outlier_high,6.5671
10894,instrumentalness,missing_value,
10896,valence,missing_value,
10900,instrumentalness,missing_value,
10907,energy,missing_value,
10913,loudness,missing_value,
10921,danceability,missing_value,
10926,instrumentalness,missing_value,
10929,tempo,missing_value,
10937,instrumentalness,missing_value,
10938,energy,missing_value,
10949,acousticness,missing_value,
10950,tempo,outlier_high,352.6143
10955,acousticness,missing_value,
10958,loudness,missing_value,
10961,acousticness,missing_value,
10968,valence,missing_value,
10969,loudness,outlier_low,-83.1547
10974,speechiness,missing_value,
10981,acousticness,missing_value,
10983,instrumentalness,missing_value,
10984,tempo,missing_value,
10992,speechiness,missing_value,
10995,valence,outlier_low,-0.0478
10996,speechiness,missing_value,
11000,tempo,missing_value,
11008,loudness,missing_value,
11010,tempo,outlier_low,3.2084
11019,loudness,outlier_high,5.1802
11022,energy,missing_value,
11024,tempo,missing_value,
11028,speechiness,missing_value,
11032,speechiness,missing_value,
11033,acousticness,missing_value,
11039,speechiness,missing_value,
11043,loudness,missing_value,
11045,tempo,missing_value,
11049,loudness,outlier_high,3.5350
11051,energy,missing_value,
11052,speechiness,missing_value,
11062,loudness,outlier_high,3.1731
11063,danceability,missing_value,
11072,valence,missing_value,
11072,tempo,outlier_high,373.6595
11076,energy,missing_value,
11077,loudness,missing_value,
11083,liveness,missing_value,
11088,liveness,missing_value,
11095,acousticness,missing_value,
11100,energy,missing_value,
11110,danceability,missing_value,
11113,instrumentalness,missing_value,
11117,instrumentalness,missing_value,
11123,speechiness,missing_value,
11124,danceability,missing_value,
11124,valence,missing_value,
11126,valence,outlier_low,-0.2240
11127,energy,missing_value,
11130,tempo,missing_value,
11134,loudness,missing_value,
11137,loudness,missing_value,
11137,liveness,missing_value,
11138,speechiness,missing_value,
11141,liveness,missing_value,
11143,speechiness,missing_value,
11145,tempo,missing_value,
11146,energy,missing_value,
11155,valence,missing_value,
11157,tempo,missing_value,
11161,danceability,missing_value,
11161,energy,missing_value,
11162,loudness,missing_value,
11170,tempo,missing_value,
11174,speechiness,missing_value,
11175,liveness,missing_value,
11176,loudness,missing_value,
11177,valence,missing_value,
11177,tempo,missing_value,
11180,speechiness,missing_value,
11181,tempo,missing_value,
11185,danceability,outlier_low,-0.1732
11190,instrumentalness,missing_value,
11191,loudness,missing_value,
11192,liveness,missing_value,
11194,loudness,outlier_high,6.0215
11195,loudness,missing_value,
11197,loudness,missing_value,
11199,liveness,missing_value,
11200,valence,missing_value,
11206,speechiness,missing_value,
11206,acousticness,missing_value,
11206,valence,missing_value,
11207,danceability,missing_value,
11208,tempo,missing_value,
11209,liveness,missing_value,
11209,acousticness,missing_value,
11211,energy,missing_value,
11211,liveness,missing_value,
11213,liveness,missing_value,
11214,tempo,outlier_high,330.1559
11217,liveness,missing_value,
11217,tempo,outlier_low,1.1084
11218,loudness,outlier_high,8.4220
11219,tempo,missing_value,
11219,liveness,missing_value,
11223,energy,missing_value,
11228,speechiness,missing_value,
11239,loudness,missing_value,
11242,instrumentalness,missing_value,
11247,liveness,missing_value,
11247,instrumentalness,missing_value,
11257,tempo,missing_value,
11259,loudness,missing_value,
11260,energy,missing_value,
11264,valence,missing_value,
11264,energy,outlier_high,1.3762
11268,liveness,missing_value,
11268,speechiness,missing_value,
11277,acousticness,missing_value,
11287,speechiness,missing_value,
11288,speechiness,missing_value,
11290,tempo,missing_value,
11291,energy,missing_value,
11292,acousticness,missing_value,
11294,instrumentalness,missing_value,
11294,loudness,missing_value,
11296,energy,missing_value,
11305,danceability,missing_value,
11307,instrumentalness,missing_value,
11309,danceability,missing_value,
11318,liveness,missing_value,
11322,speechiness,missing_value,
11326,energy,missing_value,
11326,speechiness,missing_value,
11327,valence,missing_value,
11327,acousticness,missing_value,
11328,valence,missing_value,
11331,liveness,missing_value,
11332,energy,missing_value,
11335,speechiness,missing_value,
11335,instrumentalness,missing_value,
11338,tempo,missing_value,
11342,energy,missing_value,
11345,valence,missing_value,
11352,instrumentalness,missing_value,
11355,valence,missing_value,
11356,tempo,missing_value,
11363,liveness,missing_value,
11364,tempo,missing_value,
11364,acousticness,missing_value,
11372,liveness,missing_value,
11374,acousticness,missing_value,
11375,tempo,missing_value,
11381,valence,missing_value,
11382,tempo,missing_value,
11390,instrumentalness,missing_value,
11391,acousticness,missing_value,
11392,danceability,missing_value,
11393,acousticness,missing_value,
11393,speechiness,missing_value,
11401,loudness,missing_value,
11403,loudness,missing_value,
11405,energy,outlier_low,-0.1036
11406,loudness,missing_value,
11407,energy,outlier_low,-0.0776
11408,danceability,missing_value,
11409,instrumentalness,missing_value,
11414,tempo,missing_value,
11418,tempo,missing_value,
11422,acousticness,missing_value,
11422,loudness,missing_value,
11431,energy,missing_value,
11436,liveness,missing_value,
11439,valence,outlier_low,-0.0991
11439,loudness,missing_value,
11440,liveness,missing_value,
11452,instrumentalness,missing_value,
11454,loudness,missing_value,
11455,loudness,outlier_high,6.6284
11458,liveness,missing_value,
11461,loudness,missing_value,
11463,acousticness,missing_value,
11467,loudness,outlier_low,-85.4510
11467,speechiness,missing_value,
11468,instrumentalness,missing_value,
11469,acousticness,missing_value,
11472,valence,missing_value,
11472,acousticness,missing_value,
11472,danceability,missing_value,
11479,liveness,missing_value,
11482,loudness,missing_value,
11482,speechiness,missing_value,
11484,danceability,missing_value,
11485,energy,missing_value,
11487,instrumentalness,missing_value,
11487,danceability,missing_value,
11488,acousticness,missing_value,
11491,acousticness,missing_value,
11499,liveness,missing_value,
11500,valence,missing_value,
11508,instrumentalness,missing_value,
11514,loudness,missing_value,
11515,liveness,missing_value,
11515,instrumentalness,missing_value,
11520,danceability,missing_value,
11520,tempo,missing_value,
11522,valence,missing_value,
11525,energy,missing_value,
11526,speechiness,missing_value,
11534,tempo,missing_value,
11541,speechiness,missing_value,
11542,liveness,missing_value,
11546,energy,missing_value,
11551,loudness,missing_value,
11553,loudness,missing_value,
11559,danceability,outlier_low,-0.0106
11560,instrumentalness,missing_value,
11564,loudness,missing_value,
11572,energy,missing_value,
11572,liveness,missing_value,
11574,valence,missing_value,
11574,danceability,missing_value,
11578,energy,missing_value,
11580,loudness,missing_value,
11584,acousticness,missing_value,
11588,speechiness,missing_value,
11588,tempo,missing_value,
11599,tempo,missing_value,
11605,energy,outlier_low,-0.1122
11609,liveness,missing_value,
11612,instrumentalness,missing_value,
11612,valence,missing_value,
11612,energy,missing_value,
11624,danceability,missing_value,
11634,tempo,outlier_high,328.8418
11636,valence,missing_value,
11637,valence,missing_value,
11638,danceability,missing_value,
11640,danceability,outlier_high,1.3211
11649,loudness,missing_value,
11652,valence,missing_value,
11652,speechiness,missing_value,
11655,tempo,missing_value,
11657,energy,missing_value,
11660,danceability,missing_value,
11664,valence,missing_value,
11667,speechiness,missing_value,
11669,danceability,missing_value,
11669,speechiness,missing_value,
11670,liveness,missing_value,
11675,loudness,outlier_high,3.0679
11678,speechiness,missing_value,
11684,valence,outlier_low,-0.2457
11690,tempo,missing_value,
11708,tempo,missing_value,
11710,instrumentalness,missing_value,
11713,valence,outlier_high,1.2937
11718,speechiness,missing_value,
11719,speechiness,missing_value,
11720,speechiness,missing_value,
11722,instrumentalness,missing_value,
11723,loudness,missing_value,
11728,tempo,missing_value,
11730,valence,outlier_low,-0.1601
11734,danceability,outlier_high,1.1567
11735,acousticness,missing_value,
11737,speechiness,missing_value,
11739,acousticness,missing_value,
11744,loudness,missing_value,
11745,tempo,outlier_high,401.4363
11749,valence,missing_value,
11752,acousticness,missing_value,
11756,energy,missing_value,
11759,acousticness,missing_value,
11770,speechiness,missing_value,
11774,danceability,outlier_low,-0.1500
11775,tempo,missing_value,
11778,acousticness,missing_value,
11779,liveness,missing_value,
11783,instrumentalness,missing_value,
11785,instrumentalness,missing_value,
11788,energy,missing_value,
11793,valence,missing_value,
11793,tempo,missing_value,
11794,speechiness,missing_value,
11801,valence,missing_value,
11803,tempo,missing_value,
11806,energy,missing_value,
11807,danceability,missing_value,
11808,speechiness,missing_value,
11809,liveness,missing_value,
11810,acousticness,missing_value,
11814,speechiness,missing_value,
11815,speechiness,missing_value,
11828,liveness,missing_value,
11842,energy,missing_value,
11845,valence,missing_value,
11846,tempo,missing_value,
11846,instrumentalness,missing_value,
11851,valence,missing_value,
11854,tempo,missing_value,
11855,energy,missing_value,
11863,acousticness,missing_value,
11867,energy,missing_value,
11870,speechiness,missing_value,
11871,valence,outlier_high,1.4736
11872,acousticness,missing_value,
11872,instrumentalness,missing_value,
11876,valence,missing_value,
11877,acousticness,missing_value,
11879,energy,missing_value,
11880,valence,outlier_high,1.1311
11880,danceability,missing_value,
11884,liveness,missing_value,
11887,loudness,missing_value,
11888,energy,missing_value,
11889,loudness,missing_value,
11891,tempo,missing_value,
11893,danceability,outlier_low,-0.1260
11895,loudness,missing_value,
11897,instrumentalness,missing_value,
11897,energy,missing_value,
11898,loudness,missing_value,
11899,energy,missing_value,
11902,liveness,missing_value,
11903,energy,outlier_low,-0.2662
11905,speechiness,missing_value,
11905,valence,missing_value,
11906,loudness,missing_value,
11908,loudness,missing_value,
11911,liveness,missing_value,
11915,valence,missing_value,
11916,acousticness,missing_value,
11917,speechiness,missing_value,
11922,loudness,missing_value,
11922,valence,missing_value,
11924,tempo,missing_value,
11925,liveness,missing_value,
11929,loudness,outlier_low,-72.5032
11930,tempo,missing_value,
11935,loudness,missing_value,
11938,valence,missing_value,
11940,danceability,missing_value,
11946,valence,outlier_low,-0.2039
11948,danceability,missing_value,
11950,energy,missing_value,
11955,valence,missing_value,
11955,energy,missing_value,
11955,speechiness,missing_value,
11957,instrumentalness,missing_value,
11960,danceability,missing_value,
11963,valence,missing_value,
11974,energy,outlier_low,-0.2087
11986,speechiness,missing_value,
11988,speechiness,missing_value,
11990,energy,missing_value,
11993,loudness,missing_value,
11994,loudness,missing_value,
11994,instrumentalness,missing_value,
11995,tempo,outlier_low,6.9827
12005,speechiness,missing_value,
12007,loudness,missing_value,
12010,danceability,missing_value,
12016,energy,missing_value,
12016,tempo,outlier_high,339.3189
12022,loudness,outlier_high,1.2230
12023,danceability,missing_value,
12028,instrumentalness,missing_value,
12029,tempo,missing_value,
12032,tempo,missing_value,
12033,speechiness,missing_value,
12034,energy,missing_value,
12041,valence,outlier_high,1.3226
12044,valence,missing_value,
12045,valence,missing_value,
12047,loudness,missing_value,
12050,valence,missing_value,
12055,tempo,missing_value,
12055,instrumentalness,missing_value,
12064,energy,missing_value,
12068,valence,missing_value,
12071,danceability,missing_value,
12076,acousticness,missing_value,
12078,acousticness,missing_value,
12084,danceability,missing_value,
12088,speechiness,missing_value,
12089,instrumentalness,missing_value,
12092,instrumentalness,missing_value,
12094,energy,missing_value,
12104,acousticness,missing_value,
12108,tempo,missing_value,
12114,speechiness,missing_value,
12116,speechiness,missing_value,
12119,loudness,outlier_high,2.2119
12123,speechiness,missing_value,
12124,speechiness,missing_value,
12131,liveness,missing_value,
12132,energy,missing_value,
12138,instrumentalness,missing_value,
12140,speechiness,missing_value,
12147,valence,missing_value,
12148,loudness,missing_value,
12161,energy,missing_value,
12164,acousticness,missing_value,
12167,danceability,missing_value,
12171,instrumentalness,missing_value,
12172,acousticness,missing_value,
12174,speechiness,missing_value,
12175,tempo,outlier_high,419.2233
12175,liveness,missing_value,
12175,danceability,missing_value,
12176,tempo,missing_value,
12177,danceability,outlier_low,-0.2143
12178,valence,outlier_low,-0.1194
12181,acousticness,missing_value,
12181,instrumentalness,missing_value,
12183,tempo,missing_value,
12187,tempo,outlier_high,328.4539
12188,acousticness,missing_value,
12190,acousticness,missing_value,
12194,valence,missing_value,
12195,loudness,missing_value,
12200,energy,missing_value,
12201,loudness,missing_value,
12207,speechiness,missing_value,
12211,loudness,missing_value,
12213,liveness,missing_value,
12213,acousticness,missing_value,
12216,loudness,missing_value,
12217,danceability,missing_value,
12219,valence,missing_value,
12223,loudness,missing_value,
12236,loudness,missing_value,
12237,acousticness,missing_value,
12237,speechiness,missing_value,
12238,loudness,missing_value,
12243,instrumentalness,missing_value,
12247,valence,missing_value,
12254,energy,missing_value,
12254,speechiness,missing_value,
12255,energy,missing_value,
12260,loudness,missing_value,
12264,valence,missing_value,
12267,acousticness,missing_value,
12270,acousticness,missing_value,
12275,liveness,missing_value,
12275,instrumentalness,missing_value,
12276,liveness,missing_value,
12277,loudness,missing_value,
12278,liveness,missing_value,
12283,energy,missing_value,
12286,loudness,missing_value,
12294,valence,missing_value,
12295,instrumentalness,missing_value,
12298,acousticness,missing_value,
12299,speechiness,missing_value,
12304,energy,missing_value,
12306,danceability,missing_value,
12307,valence,missing_value,
12308,energy,missing_value,
12320,liveness,missing_value,
12325,instrumentalness,missing_value,
12325,energy,missing_value,
12326,acousticness,missing_value,
12329,energy,missing_value,
12340,speechiness,missing_value,
12342,danceability,missing_value,
12343,instrumentalness,missing_value,
12343,liveness,missing_value,
12347,instrumentalness,missing_value,
12362,tempo,missing_value,
12364,acousticness,missing_value,
12365,danceability,outlier_high,1.2067
12366,speechiness,missing_value,
12368,speechiness,missing_value,
12368,valence,outlier_high,1.4902
12376,danceability,missing_value,
12379,instrumentalness,missing_value,
12384,instrumentalness,missing_value,
12384,energy,missing_value,
12388,liveness,missing_value,
12391,liveness,missing_value,
12397,loudness,missing_value,
12398,acousticness,missing_value,
12404,valence,outlier_high,1.2817
12409,loudness,missing_value,
12412,tempo,outlier_low,5.8368
12413,energy,outlier_high,1.3707
12415,speechiness,missing_value,
12417,liveness,missing_value,
12417,danceability,missing_value,
12420,loudness,missing_value,
12424,valence,missing_value,
12427,danceability,missing_value,
12438,loudness,missing_value,
12438,energy,missing_value,
12439,energy,missing_value,
12444,liveness,missing_value,
12444,acousticness,missing_value,
12448,speechiness,missing_value,
12449,speechiness,missing_value,
12454,energy,missing_value,
12461,speechiness,missing_value,
12471,liveness,missing_value,
12473,valence,missing_value,
12483,valence,missing_value,
12486,valence,missing_value,
12488,tempo,missing_value,
12488,speechiness,missing_value,
12492,tempo,missing_value,
12497,speechiness,missing_value,
12499,tempo,missing_value,
12501,energy,missing_value,
12506,danceability,missing_value,
12527,valence,missing_value,
12528,valence,outlier_low,-0.2447
12531,liveness,missing_value,
12538,instrumentalness,missing_value,
12539,loudness,missing_value,
12546,danceability,missing_value,
12555,speechiness,missing_value,
12556,tempo,missing_value,
12558,valence,missing_value,
12561,valence,missing_value,
12568,liveness,missing_value,
12568,tempo,missing_value,
12569,energy,missing_value,
12571,tempo,missing_value,
12576,energy,outlier_low,-0.2341
12585,speechiness,missing_value,
12588,tempo,missing_value,
12588,loudness,missing_value,
12590,valence,missing_value,
12596,energy,missing_value,
12597,instrumentalness,missing_value,
12598,liveness,missing_value,
12600,valence,missing_value,
12602,loudness,missing_value,
12602,danceability,missing_value,
12603,loudness,missing_value,
12604,acousticness,missing_value,
12605,energy,missing_value,
12607,tempo,missing_value,
12608,danceability,outlier_low,-0.2591
12610,valence,outlier_high,1.4463
12614,energy,missing_value,
12615,acousticness,missing_value,
12615,energy,missing_value,
12617,speechiness,missing_value,
12620,loudness,missing_value,
12623,liveness,missing_value,
12625,danceability,missing_value,
12629,instrumentalness,missing_value,
12631,valence,outlier_low,-0.0127
12637,energy,missing_value,
12641,tempo,missing_value,
12648,danceability,missing_value,
12651,danceability,missing_value,
12654,valence,missing_value,
12655,speechiness,missing_value,
12657,instrumentalness,missing_value,
12662,tempo,missing_value,
12664,tempo,missing_value,
12665,liveness,missing_value,
12669,acousticness,missing_value,
12670,valence,missing_value,
12676,loudness,outlier_low,-81.2921
12691,speechiness,missing_value,
12695,acousticness,missing_value,
12695,instrumentalness,missing_value,
12701,loudness,outlier_high,8.6584
12702,tempo,missing_value,
12704,danceability,missing_value,
12706,acousticness,missing_value,
12709,speechiness,missing_value,
12711,valence,missing_value,
12722,acousticness,missing_value,
12725,energy,missing_value,
12730,energy,missing_value,
12731,loudness,missing_value,
12731,liveness,missing_value,
12733,tempo,missing_value,
12734,valence,outlier_high,1.3059
12740,valence,missing_value,
12742,danceability,missing_value,
12744,liveness,missing_value,
12746,energy,missing_value,
12750,liveness,missing_value,
12751,instrumentalness,missing_value,
12754,danceability,outlier_high,1.3799
12757,instrumentalness,missing_value,
12759,danceability,missing_value,
12762,acousticness,missing_value,
12763,loudness,missing_value,
12765,loudness,missing_value,
12765,energy,missing_value,
12768,valence,outlier_low,-0.0930
12769,danceability,missing_value,
12771,tempo,missing_value,
12772,loudness,missing_value,
12772,danceability,missing_value,
12778,instrumentalness,missing_value,
12778,valence,missing_value,
12778,loudness,missing_value,
12779,liveness,missing_value,
12787,tempo,missing_value,
12793,acousticness,missing_value,
12796,tempo,outlier_high,381.3856
12805,acousticness,missing_value,
12808,acousticness,missing_value,
12809,loudness,missing_value,
12810,acousticness,missing_value,
12813,tempo,missing_value,
12817,tempo,outlier_low,10.1214
12821,acousticness,missing_value,
12822,energy,outlier_high,1.2932
12827,tempo,missing_value,
12828,valence,missing_value,
12836,loudness,missing_value,
12837,valence,outlier_high,1.4427
12840,tempo,missing_value,
12841,acousticness,missing_value,
12845,tempo,missing_value,
12849,liveness,missing_value,
12849,instrumentalness,missing_value,
12853,energy,missing_value,
12853,valence,missing_value,
12854,danceability,outlier_high,1.3899
12856,energy,missing_value,
12864,valence,outlier_low,-0.2669
12865,danceability,missing_value,
12867,valence,missing_value,
12871,valence,missing_value,
12872,tempo,missing_value,
12873,tempo,missing_value,
12874,energy,missing_value,
12878,liveness,missing_value,
12881,speechiness,missing_value,
12881,danceability,missing_value,
12883,loudness,missing_value,
12884,danceability,missing_value,
12889,valence,outlier_high,1.2033
12894,tempo,missing_value,
12895,valence,missing_value,
12895,acousticness,missing_value,
12896,instrumentalness,missing_value,
12897,valence,missing_value,
12897,loudness,missing_value,
12897,speechiness,missing_value,
12897,energy,missing_value,
12904,energy,missing_value,
12906,tempo,missing_value,
12910,acousticness,missing_value,
12921,danceability,missing_value,
12922,valence,missing_value,
12923,tempo,missing_value,
12926,acousticness,missing_value,
12930,loudness,missing_value,
12931,danceability,outlier_low,-0.0336
12934,liveness,missing_value,
12942,energy,missing_value,
12945,acousticness,missing_value,
12945,speechiness,missing_value,
12946,danceability,outlier_high,1.2392
12947,liveness,missing_value,
12950,liveness,missing_value,
12950,loudness,missing_value,
12953,loudness,missing_value,
12955,liveness,missing_value,
12960,valence,missing_value,
12961,tempo,outlier_low,3.6622
12962,acousticness,missing_value,
12963,acousticness,missing_value,
12968,instrumentalness,missing_value,
12972,tempo,missing_value,
12972,speechiness,missing_value,
12985,acousticness,missing_value,
12985,energy,missing_value,
12987,speechiness,missing_value,
12988,energy,missing_value,
12990,speechiness,missing_value,
12990,liveness,missing_value,
12996,instrumentalness,missing_value,
13000,valence,missing_value,
13002,acousticness,missing_value,
13009,acousticness,missing_value,
13010,instrumentalness,missing_value,
13012,acousticness,missing_value,
13013,loudness,missing_value,
13013,danceability,missing_value,
13017,loudness,missing_value,
13019,acousticness,missing_value,
13023,loudness,outlier_high,1.3652
13024,energy,missing_value,
13025,valence,missing_value,
13029,valence,missing_value,
13029,liveness,missing_value,
13030,loudness,missing_value,
13032,energy,missing_value,
13035,loudness,missing_value,
13037,acousticness,missing_value,
13042,energy,missing_value,
13045,danceability,missing_value,
13045,valence,missing_value,
13045,loudness,missing_value,
13048,loudness,outlier_high,6.3284
13049,energy,missing_value,
13053,valence,missing_value,
13061,tempo,missing_value,
13064,danceability,missing_value,
13067,valence,missing_value,
13069,acousticness,missing_value,
13074,loudness,missing_value,
13074,tempo,missing_value,
13084,speechiness,missing_value,
13087,liveness,missing_value,
13089,loudness,missing_value,
13089,energy,missing_value,
13092,danceability,missing_value,
13102,danceability,missing_value,
13104,valence,missing_value,
13106,energy,missing_value,
13109,acousticness,missing_value,
13112,loudness,outlier_high,8.0728
13119,instrumentalness,missing_value,
13119,energy,missing_value,
13125,liveness,missing_value,
13127,instrumentalness,missing_value,
13130,tempo,missing_value,
13139,liveness,missing_value,
13146,liveness,missing_value,
13148,danceability,missing_value,
13149,instrumentalness,missing_value,
13149,valence,missing_value,
13151,valence,outlier_high,1.3661
13152,energy,missing_value,
13157,energy,missing_value,
13178,loudness,outlier_low,-76.3680
13183,instrumentalness,missing_value,
13194,acousticness,missing_value,
13194,loudness,missing_value,
13205,instrumentalness,missing_value,
13205,energy,missing_value,
13206,tempo,missing_value,
13206,loudness,missing_value,
13212,loudness,missing_value,
13216,valence,missing_value,
13218,valence,missing_value,
13220,energy,missing_value,
13223,valence,missing_value,
13224,energy,missing_value,
13228,valence,outlier_high,1.2567
13231,valence,missing_value,
13233,energy,missing_value,
13233,loudness,outlier_high,7.3300
13233,liveness,missing_value,
13233,instrumentalness,missing_value,
13234,liveness,missing_value,
13239,loudness,missing_value,
13244,danceability,missing_value,
13249,tempo,outlier_high,365.5112
13250,tempo,missing_value,
13251,energy,outlier_high,1.2071
13254,energy,missing_value,
13256,energy,missing_value,
13259,valence,outlier_low,-0.1344
13266,energy,missing_value,
13270,liveness,missing_value,
13270,tempo,outlier_high,323.3379
13284,tempo,missing_value,
13286,tempo,missing_value,
13290,instrumentalness,missing_value,
13297,liveness,missing_value,
13298,liveness,missing_value,
13300,liveness,missing_value,
13307,danceability,missing_value,
13311,danceability,outlier_high,1.4933
13313,speechiness,missing_value,
13315,valence,outlier_high,1.3705
13320,instrumentalness,missing_value,
13326,instrumentalness,missing_value,
13330,speechiness,missing_value,
13334,energy,missing_value,
13335,instrumentalness,missing_value,
13338,speechiness,missing_value,
13339,valence,missing_value,
13340,loudness,missing_value,
13341,loudness,missing_value,
13343,tempo,missing_value,
13344,valence,outlier_high,1.0983
13348,valence,missing_value,
13355,speechiness,missing_value,
13356,speechiness,missing_value,
13357,energy,missing_value,
13357,danceability,missing_value,
13358,danceability,missing_value,
13359,danceability,missing_value,
13359,instrumentalness,missing_value,
13361,energy,missing_value,
13363,tempo,missing_value,
13366,valence,outlier_high,1.1467
13366,tempo,missing_value,
13373,energy,missing_value,
13379,liveness,missing_value,
13381,energy,missing_value,
13391,loudness,missing_value,
13394,liveness,missing_value,
13397,energy,missing_value,
13398,energy,missing_value,
13409,energy,missing_value,
13411,tempo,missing_value,
13412,speechiness,missing_value,
13414,instrumentalness,missing_value,
13417,loudness,missing_value,
13433,liveness,missing_value,
13433,instrumentalness,missing_value,
13436,loudness,missing_value,
13446,energy,missing_value,
13447,speechiness,missing_value,
13448,energy,missing_value,
13449,instrumentalness,missing_value,
13451,tempo,missing_value,
13452,tempo,missing_value,
13460,speechiness,missing_value,
13460,valence,missing_value,
13465,valence,missing_value,
13472,valence,missing_value,
13475,liveness,missing_value,
13479,acousticness,missing_value,
13487,speechiness,missing_value,
13489,acousticness,missing_value,
13492,liveness,missing_value,
13494,loudness,missing_value,
13497,acousticness,missing_value,
13504,danceability,missing_value,
13508,tempo,outlier_low,11.6870
13512,acousticness,missing_value,
13513,loudness,missing_value,
13518,speechiness,missing_value,
13519,instrumentalness,missing_value,
13520,energy,missing_value,
13520,liveness,missing_value,
13523,danceability,missing_value,
13524,energy,missing_value,
13526,danceability,missing_value,
13531,speechiness,missing_value,
13531,liveness,missing_value,
13536,acousticness,missing_value,
13536,tempo,missing_value,
13540,danceability,missing_value,
13546,instrumentalness,missing_value,
13549,energy,outlier_high,1.3599
13552,acousticness,missing_value,
13556,liveness,missing_value,
13557,valence,missing_value,
13559,danceability,missing_value,
13560,tempo,outlier_low,4.6475
13568,energy,missing_value,
13575,danceability,missing_value,
13583,speechiness,missing_value,
13584,tempo,missing_value,
13588,acousticness,missing_value,
13595,liveness,missing_value,
13597,tempo,outlier_high,316.2709
13598,danceability,outlier_high,1.3102
13598,instrumentalness,missing_value,
13599,acousticness,missing_value,
13601,tempo,missing_value,
13604,valence,missing_value,
13606,energy,outlier_high,1.4274
13606,loudness,outlier_low,-75.9913
13607,tempo,outlier_high,413.1975
13611,valence,missing_value,
13614,speechiness,missing_value,
13617,liveness,missing_value,
13619,instrumentalness,missing_value,
13620,tempo,missing_value,
13628,energy,outlier_high,1.3914
13634,tempo,missing_value,
13637,speechiness,missing_value,
13639,instrumentalness,missing_value,
13648,loudness,missing_value,
13655,speechiness,missing_value,
13656,instrumentalness,missing_value,
13657,danceability,missing_value,
13660,liveness,missing_value,
13669,loudness,outlier_high,4.8638
13669,tempo,missing_value,
13671,instrumentalness,missing_value,
13674,acousticness,missing_value,
13674,valence,outlier_low,-0.0806
13675,danceability,missing_value,
13685,danceability,missing_value,
13686,valence,missing_value,
13687,energy,missing_value,
13687,loudness,missing_value,
13704,loudness,missing_value,
13704,valence,missing_value,
13711,acousticness,missing_value,
13713,loudness,missing_value,
13715,energy,missing_value,
13717,valence,outlier_low,-0.0423
13719,speechiness,missing_value,
13723,speechiness,missing_value,
13723,instrumentalness,missing_value,
13731,speechiness,missing_value,
13732,loudness,missing_value,
13735,energy,missing_value,
13739,loudness,missing_value,
13742,energy,missing_value,
13746,danceability,missing_value,
13747,speechiness,missing_value,
13748,speechiness,missing_value,
13750,danceability,missing_value,
13751,instrumentalness,missing_value,
13755,instrumentalness,missing_value,
13756,liveness,missing_value,
13757,loudness,missing_value,
13758,tempo,missing_value,
13764,tempo,missing_value,
13764,loudness,missing_value,
13769,valence,missing_value,
13770,liveness,missing_value,
13770,energy,missing_value,
13774,tempo,missing_value,
13780,liveness,missing_value,
13783,tempo,missing_value,
13784,speechiness,missing_value,
13791,liveness,missing_value,
13794,loudness,outlier_low,-84.9274
13800,valence,missing_value,
13801,speechiness,missing_value,
13802,speechiness,missing_value,
13803,danceability,missing_value,
13807,liveness,missing_value,
13807,tempo,missing_value,
13814,speechiness,missing_value,
13820,valence,missing_value,
13822,tempo,missing_value,
13822,instrumentalness,missing_value,
13825,liveness,missing_value,
13826,valence,missing_value,
13833,danceability,missing_value,
13838,tempo,missing_value,
13839,tempo,missing_value,
13846,instrumentalness,missing_value,
13848,instrumentalness,missing_value,
13850,liveness,missing_value,
13850,acousticness,missing_value,
13865,loudness,missing_value,
13869,acousticness,missing_value,
13877,danceability,missing_value,
13880,acousticness,missing_value,
13882,acousticness,missing_value,
13885,tempo,outlier_low,0.8112
13887,acousticness,missing_value,
13892,tempo,missing_value,
13900,loudness,outlier_low,-87.7955
13902,liveness,missing_value,
13911,instrumentalness,missing_value,
13916,instrumentalness,missing_value,
13917,loudness,missing_value,
13921,liveness,missing_value,
13922,danceability,missing_value,
13927,danceability,outlier_high,1.4875
13939,loudness,missing_value,
13958,acousticness,missing_value,
13958,valence,missing_value,
13958,loudness,missing_value,
13964,liveness,missing_value,
13969,danceability,missing_value,
13973,danceability,outlier_high,1.2488
13974,tempo,outlier_low,0.3555
13975,speechiness,missing_value,
13976,danceability,missing_value,
13980,loudness,outlier_low,-87.3678
13982,loudness,missing_value,
13983,acousticness,missing_value,
13984,loudness,missing_value,
13985,valence,missing_value,
13985,liveness,missing_value,
13986,instrumentalness,missing_value,
13987,valence,missing_value,
13989,loudness,missing_value,
13989,energy,missing_value,
13992,acousticness,missing_value,
13997,loudness,outlier_high,5.9203
14000,valence,missing_value,
14012,energy,missing_value,
14014,instrumentalness,missing_value,
14015,speechiness,missing_value,
14018,valence,missing_value,
14023,danceability,missing_value,
14025,valence,missing_value,
14025,tempo,missing_value,
14027,valence,outlier_low,-0.2820
14036,instrumentalness,missing_value,
14043,instrumentalness,missing_value,
14045,valence,missing_value,
14045,tempo,outlier_high,355.6013
14048,loudness,missing_value,
14050,acousticness,missing_value,
14053,speechiness,missing_value,
14054,tempo,missing_value,
14058,energy,outlier_high,1.2814
14059,energy,missing_value,
14061,acousticness,missing_value,
14072,tempo,missing_value,
14079,acousticness,missing_value,
14079,liveness,missing_value,
14080,energy,missing_value,
14081,acousticness,missing_value,
14084,valence,missing_value,
14086,valence,missing_value,
14093,energy,missing_value,
14100,tempo,missing_value,
14101,loudness,missing_value,
14101,danceability,missing_value,
14102,liveness,missing_value,
14107,speechiness,missing_value,
14107,energy,missing_value,
14108,acousticness,missing_value,
14111,speechiness,missing_value,
14113,instrumentalness,missing_value,
14118,liveness,missing_value,
14121,valence,missing_value,
14122,valence,missing_value,
14123,acousticness,missing_value,
14126,speechiness,missing_value,
14128,danceability,missing_value,
14129,liveness,missing_value,
14136,liveness,missing_value,
14138,energy,outlier_high,1.1889
14144,liveness,missing_value,
14145,danceability,missing_value,
14146,valence,missing_value,
14148,energy,outlier_low,-0.1144
14148,tempo,outlier_low,2.0067
14149,instrumentalness,missing_value,
14157,acousticness,missing_value,
14159,loudness,missing_value,
14159,danceability,missing_value,
14160,valence,missing_value,
14161,instrumentalness,missing_value,
14161,speechiness,missing_value,
14161,loudness,outlier_low,-81.0891
14166,loudness,missing_value,
14170,speechiness,missing_value,
14172,acousticness,missing_value,
14173,tempo,missing_value,
14176,acousticness,missing_value,
14181,instrumentalness,missing_value,
14181,energy,missing_value,
14184,loudness,missing_value,
14197,liveness,missing_value,
14198,acousticness,missing_value,
14200,acousticness,missing_value,
14201,tempo,missing_value,
14204,speechiness,missing_value,
14213,liveness,missing_value,
14214,liveness,missing_value,
14216,speechiness,missing_value,
14227,acousticness,missing_value,
14230,liveness,missing_value,
14241,speechiness,missing_value,
14243,speechiness,missing_value,
14245,tempo,missing_value,
14250,energy,missing_value,
14256,speechiness,missing_value,
14266,acousticness,missing_value,
14268,acousticness,missing_value,
14269,acousticness,missing_value,
14271,acousticness,missing_value,
14272,valence,outlier_low,-0.1796
14273,instrumentalness,missing_value,
14275,liveness,missing_value,
14276,speechiness,missing_value,
14280,energy,missing_value,
14280,valence,outlier_high,1.4868
14281,energy,missing_value,
14282,tempo,missing_value,
14284,danceability,missing_value,
14287,danceability,missing_value,
14288,instrumentalness,missing_value,
14295,valence,missing_value,
14295,liveness,missing_value,
14297,liveness,missing_value,
14298,loudness,missing_value,
14301,acousticness,missing_value,
14303,acousticness,missing_value,
14303,speechiness,missing_value,
14311,instrumentalness,missing_value,
14312,energy,missing_value,
14315,loudness,missing_value,
14317,valence,missing_value,
14317,energy,missing_value,
14321,acousticness,missing_value,
14322,danceability,missing_value,
14326,speechiness,missing_value,
14326,instrumentalness,missing_value,
14326,danceability,missing_value,
14328,danceability,missing_value,
14330,tempo,missing_value,
14337,tempo,missing_value,
14340,loudness,missing_value,
14340,valence,outlier_high,1.3843
14345,speechiness,missing_value,
14349,speechiness,missing_value,
14351,tempo,outlier_high,394.5059
14358,liveness,missing_value,
14367,danceability,missing_value,
14373,loudness,missing_value,
14374,liveness,missing_value,
14378,liveness,missing_value,
14384,speechiness,missing_value,
14388,valence,missing_value,
14391,danceability,missing_value,
14393,tempo,missing_value,
14393,danceability,missing_value,
14397,danceability,missing_value,
14399,danceability,missing_value,
14399,speechiness,missing_value,
14407,liveness,missing_value,
14411,loudness,missing_value,
14417,loudness,missing_value,
14418,energy,missing_value,
14421,tempo,missing_value,
14430,valence,missing_value,
14438,energy,missing_value,
14438,danceability,missing_value,
14440,instrumentalness,missing_value,
14446,valence,missing_value,
14446,tempo,missing_value,
14446,instrumentalness,missing_value,
14447,instrumentalness,missing_value,
14451,instrumentalness,missing_value,
14452,speechiness,missing_value,
14454,speechiness,missing_value,
14455,acousticness,missing_value,
14458,speechiness,missing_value,
14461,valence,missing_value,
14462,energy,missing_value,
14464,liveness,missing_value,
14464,tempo,missing_value,
14467,danceability,missing_value,
14468,loudness,missing_value,
14470,danceability,missing_value,
14476,loudness,outlier_low,-87.1298
14476,danceability,missing_value,
14479,tempo,missing_value,
14489,instrumentalness,missing_value,
14491,acousticness,missing_value,
14493,loudness,missing_value,
14497,danceability,outlier_high,1.1175
14498,tempo,missing_value,
14499,valence,outlier_low,-0.2073
14502,tempo,missing_value,
14505,tempo,outlier_low,14.0447
14507,speechiness,missing_value,
14508,liveness,missing_value,
14508,energy,missing_value,
14510,liveness,missing_value,
14512,energy,missing_value,
14514,danceability,missing_value,
14518,valence,missing_value,
14520,valence,missing_value,
14522,acousticness,missing_value,
14522,valence,missing_value,
14523,speechiness,missing_value,
14530,instrumentalness,missing_value,
14532,danceability,outlier_high,1.2587
14534,speechiness,missing_value,
14536,loudness,missing_value,
14539,liveness,missing_value,
14546,liveness,missing_value,
14547,danceability,missing_value,
14549,liveness,missing_value,
14552,speechiness,missing_value,
14557,loudness,missing_value,
14560,speechiness,missing_value,
14567,loudness,missing_value,
14568,valence,outlier_low,-0.0469
14569,liveness,missing_value,
14569,valence,missing_value,
14573,valence,missing_value,
14574,valence,missing_value,
14576,loudness,missing_value,
14577,energy,missing_value,
14581,tempo,missing_value,
14585,liveness,missing_value,
14598,instrumentalness,missing_value,
14600,instrumentalness,missing_value,
14614,energy,missing_value,
14621,loudness,missing_value,
14625,energy,outlier_high,1.1442
14630,danceability,missing_value,
14631,instrumentalness,missing_value,
14638,danceability,missing_value,
14641,tempo,missing_value,
14641,acousticness,missing_value,
14646,tempo,missing_value,
14647,energy,outlier_high,1.4320
14652,energy,missing_value,
14659,energy,missing_value,
14661,speechiness,missing_value,
14663,speechiness,missing_value,
14664,valence,missing_value,
14675,danceability,missing_value,
14675,energy,missing_value,
14678,liveness,missing_value,
14683,instrumentalness,missing_value,
14683,danceability,outlier_low,-0.2300
14685,speechiness,missing_value,
14685,danceability,missing_value,
14687,acousticness,missing_value,
14689,danceability,outlier_low,-0.1080
14692,speechiness,missing_value,
14693,danceability,missing_value,
14697,valence,missing_value,
14698,valence,missing_value,
14701,loudness,outlier_low,-73.5873
14701,tempo,outlier_high,417.8100
14707,tempo,missing_value,
14716,energy,missing_value,
14718,danceability,missing_value,
14720,loudness,missing_value,
14723,instrumentalness,missing_value,
14735,energy,missing_value,
14743,loudness,missing_value,
14744,energy,missing_value,
14749,tempo,missing_value,
14750,loudness,missing_value,
14752,loudness,missing_value,
14753,tempo,missing_value,
14753,valence,outlier_low,-0.1376
14754,liveness,missing_value,
14755,acousticness,missing_value,
14771,speechiness,missing_value,
14772,valence,missing_value,
14775,danceability,missing_value,
14778,acousticness,missing_value,
14781,instrumentalness,missing_value,
14787,speechiness,missing_value,
14787,instrumentalness,missing_value,
14787,loudness,missing_value,
14790,energy,outlier_high,1.1011
14792,energy,outlier_high,1.0976
14794,valence,missing_value,
14794,danceability,missing_value,
14796,valence,missing_value,
14797,energy,outlier_low,-0.0858
14799,energy,outlier_low,-0.2910
14799,speechiness,missing_value,
14806,tempo,missing_value,
14807,loudness,missing_value,
14820,energy,missing_value,
14820,tempo,missing_value,
14825,acousticness,missing_value,
14829,tempo,missing_value,
14830,danceability,missing_value,
14830,acousticness,missing_value,
14834,tempo,missing_value,
14838,danceability,missing_value,
14841,valence,missing_value,
14846,tempo,missing_value,
14847,tempo,missing_value,
14855,energy,outlier_high,1.3518
14864,energy,missing_value,
14870,liveness,missing_value,
14875,liveness,missing_value,
14884,valence,missing_value,
14885,loudness,outlier_low,-74.0858
14887,valence,missing_value,
14893,danceability,outlier_low,-0.2870
14894,liveness,missing_value,
14894,valence,missing_value,
14895,energy,missing_value,
14898,loudness,missing_value,
14900,liveness,missing_value,
14907,loudness,missing_value,
14910,energy,missing_value,
14913,acousticness,missing_value,
14914,acousticness,missing_value,
14917,liveness,missing_value,
14925,tempo,missing_value,
14925,acousticness,missing_value,
14925,instrumentalness,missing_value,
14927,speechiness,missing_value,
14928,valence,missing_value,
14928,loudness,outlier_high,4.6286
14930,acousticness,missing_value,
14935,energy,missing_value,
14935,liveness,missing_value,
14936,loudness,missing_value,
14939,speechiness,missing_value,
14939,tempo,missing_value,
14941,tempo,missing_value,
14942,liveness,missing_value,
14944,tempo,missing_value,
14944,loudness,missing_value,
14948,instrumentalness,missing_value,
14949,speechiness,missing_value,
14956,acousticness,missing_value,
14958,energy,outlier_low,-0.2520
14966,liveness,missing_value,
14968,liveness,missing_value,
14970,danceability,missing_value,
14972,energy,outlier_low,-0.2163
14973,acousticness,missing_value,
14981,speechiness,missing_value,
14981,energy,missing_value,
14983,loudness,missing_value,
14986,tempo,outlier_low,12.6696
14992,valence,outlier_high,1.3202
14995,liveness,missing_value,
14998,instrumentalness,missing_value,
15003,valence,missing_value,
15003,acousticness,missing_value,
15003,danceability,missing_value,
15007,liveness,missing_value,
15011,energy,outlier_low,-0.0855
15021,liveness,missing_value,
15026,tempo,outlier_high,348.3405
15032,tempo,missing_value,
15034,valence,missing_value,
15039,valence,missing_value,
15040,liveness,missing_value,
15042,tempo,missing_value,
15044,loudness,missing_value,
15045,danceability,missing_value,
15047,valence,missing_value,
15050,liveness,missing_value,
15050,speechiness,missing_value,
15052,valence,outlier_high,1.1389
15056,energy,missing_value,
15067,energy,missing_value,
15067,speechiness,missing_value,
15070,speechiness,missing_value,
15071,speechiness,missing_value,
15076,liveness,missing_value,
15078,tempo,outlier_high,350.8279
15081,energy,missing_value,
15083,loudness,missing_value,
15087,energy,missing_value,
15090,loudness,missing_value,
15090,acousticness,missing_value,
15095,speechiness,missing_value,
15106,acousticness,missing_value,
15111,tempo,missing_value,
15114,liveness,missing_value,
15114,loudness,outlier_high,8.7640
15120,energy,outlier_low,-0.1208
15122,energy,missing_value,
15128,instrumentalness,missing_value,
15134,loudness,missing_value,
15139,valence,missing_value,
15143,liveness,missing_value,
15150,liveness,missing_value,
15155,speechiness,missing_value,
15155,acousticness,missing_value,
15158,loudness,missing_value,
15159,tempo,missing_value,
15161,instrumentalness,missing_value,
15166,liveness,missing_value,
15169,valence,missing_value,
15169,acousticness,missing_value,
15170,acousticness,missing_value,
15170,energy,outlier_low,-0.0410
15177,tempo,missing_value,
15181,loudness,missing_value,
15181,danceability,outlier_high,1.3360
15182,energy,missing_value,
15184,danceability,missing_value,
15184,acousticness,missing_value,
15186,loudness,missing_value,
15187,loudness,missing_value,
15198,speechiness,missing_value,
15203,liveness,missing_value,
15205,danceability,outlier_high,1.1597
15210,energy,missing_value,
15211,valence,missing_value,
15211,acousticness,missing_value,
15213,speechiness,missing_value,
15215,energy,missing_value,
15223,valence,missing_value,
15225,tempo,missing_value,
15225,danceability,outlier_high,1.3028
15230,danceability,outlier_high,1.2311
15233,loudness,missing_value,
15246,valence,missing_value,
15249,acousticness,missing_value,
15260,tempo,missing_value,
15261,danceability,missing_value,
15263,energy,missing_value,
15267,instrumentalness,missing_value,
15272,speechiness,missing_value,
15272,energy,outlier_low,-0.2260
15276,acousticness,missing_value,
15280,tempo,outlier_low,11.7012
15282,instrumentalness,missing_value,
15282,valence,missing_value,
15284,danceability,missing_value,
15289,tempo,outlier_high,313.6648
15291,liveness,missing_value,
15298,loudness,missing_value,
15302,liveness,missing_value,
15303,speechiness,missing_value,
15305,tempo,missing_value,
15311,instrumentalness,missing_value,
15311,danceability,missing_value,
15312,liveness,missing_value,
15314,danceability,missing_value,
15315,valence,outlier_low,-0.1702
15317,loudness,missing_value,
15318,instrumentalness,missing_value,
15322,loudness,missing_value,
15325,energy,missing_value,
15331,valence,missing_value,
15337,valence,missing_value,
15338,tempo,missing_value,
15343,danceability,missing_value,
15351,loudness,missing_value,
15353,tempo,missing_value,
15354,acousticness,missing_value,
15354,danceability,missing_value,
15355,liveness,missing_value,
15356,liveness,missing_value,
15358,instrumentalness,missing_value,
15360,loudness,missing_value,
15361,tempo,missing_value,
15366,tempo,missing_value,
15371,liveness,missing_value,
15377,liveness,missing_value,
15381,valence,outlier_low,-0.0296
15388,valence,missing_value,
15399,danceability,missing_value,
15399,tempo,missing_value,
15402,valence,missing_value,
15408,danceability,missing_value,
15411,danceability,missing_value,
15414,acousticness,missing_value,
15414,instrumentalness,missing_value,
15419,liveness,missing_value,
15422,energy,missing_value,
15425,acousticness,missing_value,
15428,liveness,missing_value,
15429,danceability,missing_value,
15434,danceability,missing_value,
15439,instrumentalness,missing_value,
15443,energy,outlier_low,-0.0329
15446,acousticness,missing_value,
15448,loudness,outlier_low,-83.3858
15449,valence,missing_value,
15452,tempo,missing_value,
15459,energy,missing_value,
15461,tempo,missing_value,
15461,valence,missing_value,
15463,danceability,outlier_high,1.1854
15467,tempo,missing_value,
15474,valence,missing_value,
15476,danceability,outlier_low,-0.1268
15479,liveness,missing_value,
15483,instrumentalness,missing_value,
15485,speechiness,missing_value,
15492,speechiness,missing_value,
15497,danceability,outlier_high,1.4160
15500,acousticness,missing_value,
15501,liveness,missing_value,
15503,loudness,outlier_low,-73.0111
15507,loudness,missing_value,
15510,tempo,missing_value,
15518,danceability,missing_value,
15519,loudness,missing_value,
15524,energy,outlier_high,1.1558
15530,loudness,missing_value,
15531,acousticness,missing_value,
15535,loudness,outlier_high,1.0600
15540,tempo,missing_value,
15543,energy,outlier_high,1.2670
15545,speechiness,missing_value,
15561,valence,missing_value,
15567,acousticness,missing_value,
15567,instrumentalness,missing_value,
15570,speechiness,missing_value,
15571,instrumentalness,missing_value,
15586,loudness,missing_value,
15608,instrumentalness,missing_value,
15612,speechiness,missing_value,
15614,danceability,missing_value,
15618,acousticness,missing_value,
15619,acousticness,missing_value,
15624,energy,missing_value,
15627,valence,missing_value,
15627,speechiness,missing_value,
15628,loudness,missing_value,
15629,liveness,missing_value,
15635,danceability,missing_value,
15637,energy,missing_value,
15643,loudness,missing_value,
15643,energy,missing_value,
15650,liveness,missing_value,
15655,loudness,missing_value,
15655,tempo,missing_value,
15661,speechiness,missing_value,
15662,acousticness,missing_value,
15664,danceability,missing_value,
15668,energy,missing_value,
15675,energy,outlier_low,-0.1728
15681,tempo,missing_value,
15691,tempo,outlier_low,7.4041
15693,acousticness,missing_value,
15694,liveness,missing_value,
15694,tempo,missing_value,
15703,valence,missing_value,
15703,acousticness,missing_value,
15705,speechiness,missing_value,
15708,energy,missing_value,
15713,speechiness,missing_value,
15718,acousticness,missing_value,
15721,loudness,missing_value,
15724,loudness,missing_value,
15729,loudness,missing_value,
15731,speechiness,missing_value,
15738,danceability,missing_value,
15740,acousticness,missing_value,
15750,danceability,missing_value,
15751,liveness,missing_value,
15753,valence,missing_value,
15755,liveness,missing_value,
15758,loudness,missing_value,
15762,tempo,missing_value,
15770,valence,missing_value,
15772,acousticness,missing_value,
15772,energy,missing_value,
15777,valence,missing_value,
15779,danceability,missing_value,
15785,energy,missing_value,
15789,loudness,missing_value,
15789,tempo,missing_value,
15793,speechiness,missing_value,
15804,instrumentalness,missing_value,
15809,energy,missing_value,
15812,liveness,missing_value,
15813,energy,missing_value,
15814,valence,missing_value,
15818,valence,missing_value,
15819,instrumentalness,missing_value,
15822,danceability,missing_value,
15832,acousticness,missing_value,
15835,tempo,missing_value,
15836,danceability,missing_value,
15836,loudness,missing_value,
15839,speechiness,missing_value,
15841,valence,missing_value,
15856,speechiness,missing_value,
15857,loudness,missing_value,
15861,instrumentalness,missing_value,
15861,acousticness,missing_value,
15866,speechiness,missing_value,
15867,acousticness,missing_value,
15867,loudness,outlier_high,3.2295
15869,energy,missing_value,
15872,danceability,missing_value,
15876,speechiness,missing_value,
15878,energy,missing_value,
15879,speechiness,missing_value,
15882,speechiness,missing_value,
15888,tempo,missing_value,
15889,tempo,outlier_high,369.7175
15892,speechiness,missing_value,
15895,loudness,outlier_high,4.8177
15897,tempo,missing_value,
15901,danceability,missing_value,
15904,speechiness,missing_value,
15905,energy,missing_value,
15909,acousticness,missing_value,
15914,speechiness,missing_value,
15916,valence,missing_value,
15918,speechiness,missing_value,
15918,acousticness,missing_value,
15918,instrumentalness,missing_value,
15928,energy,outlier_high,1.1530
15930,valence,outlier_low,-0.0835
15935,acousticness,missing_value,
15937,tempo,outlier_low,8.8551
15938,loudness,missing_value,
15942,acousticness,missing_value,
15946,valence,outlier_high,1.2428
15949,tempo,outlier_high,367.5719
15955,energy,outlier_high,1.4032
15955,acousticness,missing_value,
15957,acousticness,missing_value,
15964,loudness,missing_value,
15965,liveness,missing_value,
15965,acousticness,missing_value,
15968,speechiness,missing_value,
15968,liveness,missing_value,
15968,acousticness,missing_value,
15973,loudness,missing_value,
15974,acousticness,missing_value,
15974,loudness,missing_value,
15976,liveness,missing_value,
15976,acousticness,missing_value,
15978,acousticness,missing_value,
15981,liveness,missing_value,
15982,acousticness,missing_value,
15992,loudness,missing_value,
15997,speechiness,missing_value,
15998,loudness,outlier_low,-86.2223
16001,instrumentalness,missing_value,
16009,instrumentalness,missing_value,
16014,liveness,missing_value,
16015,speechiness,missing_value,
16017,liveness,missing_value,
16017,energy,missing_value,
16018,tempo,missing_value,
16021,danceability,missing_value,
16025,valence,missing_value,
16031,danceability,outlier_low,-0.2469
16035,loudness,missing_value,
16042,tempo,missing_value,
16046,valence,missing_value,
16046,energy,missing_value,
16048,danceability,outlier_low,-0.2038
16050,danceability,missing_value,
16063,instrumentalness,missing_value,
16066,energy,missing_value,
16068,tempo,missing_value,
16071,speechiness,missing_value,
16072,speechiness,missing_value,
16073,loudness,missing_value,
16075,instrumentalness,missing_value,
16079,valence,missing_value,
16092,tempo,missing_value,
16093,valence,missing_value,
16094,speechiness,missing_value,
16096,danceability,outlier_high,1.3492
16100,valence,missing_value,
16101,loudness,missing_value,
16103,energy,missing_value,
16106,liveness,missing_value,
16112,energy,missing_value,
16115,tempo,outlier_high,382.0470
16117,danceability,missing_value,
16118,acousticness,missing_value,
16127,danceability,missing_value,
16134,liveness,missing_value,
16136,speechiness,missing_value,
16147,valence,missing_value,
16149,tempo,outlier_low,4.0113
16149,valence,missing_value,
16152,tempo,outlier_low,2.7902
16157,valence,outlier_high,1.4614
16159,valence,outlier_high,1.4514
16162,instrumentalness,missing_value,
16164,danceability,missing_value,
16170,speechiness,missing_value,
16171,energy,missing_value,
16175,liveness,missing_value,
16177,loudness,missing_value,
16182,valence,missing_value,
16182,instrumentalness,missing_value,
16183,valence,missing_value,
16184,tempo,missing_value,
16185,instrumentalness,missing_value,
16185,tempo,missing_value,
16189,valence,missing_value,
16190,acousticness,missing_value,
16191,energy,missing_value,
16192,tempo,missing_value,
16193,loudness,missing_value,
16203,acousticness,missing_value,
16203,energy,missing_value,
16210,energy,missing_value,
16224,liveness,missing_value,
16229,danceability,missing_value,
16233,loudness,missing_value,
16237,valence,missing_value,
16237,energy,missing_value,
16240,valence,missing_value,
16241,energy,outlier_low,-0.2278
16247,tempo,outlier_low,13.5741
16248,energy,missing_value,
16250,loudness,missing_value,
16251,valence,missing_value,
16254,valence,missing_value,
16257,loudness,missing_value,
16258,acousticness,missing_value,
16260,liveness,missing_value,
16260,danceability,missing_value,
16264,valence,missing_value,
16268,loudness,outlier_low,-70.8090
16270,acousticness,missing_value,
16274,acousticness,missing_value,
16275,valence,missing_value,
16276,speechiness,missing_value,
16279,loudness,missing_value,
16288,tempo,outlier_high,332.1097
16289,valence,outlier_low,-0.1655
16294,tempo,missing_value,
16294,speechiness,missing_value,
16296,tempo,missing_value,
16299,acousticness,missing_value,
16309,loudness,outlier_high,6.2140
16311,speechiness,missing_value,
16313,valence,missing_value,
16316,acousticness,missing_value,
16318,loudness,missing_value,
16319,instrumentalness,missing_value,
16322,instrumentalness,missing_value,
16324,valence,missing_value,
16325,liveness,missing_value,
16330,valence,missing_value,
16334,tempo,outlier_high,328.8478
16336,danceability,missing_value,
16342,loudness,missing_value,
16343,valence,outlier_low,-0.2536
16344,instrumentalness,missing_value,
16347,tempo,missing_value,
16350,liveness,missing_value,
16351,instrumentalness,missing_value,
16354,loudness,outlier_high,7.0352
16356,danceability,missing_value,
16360,acousticness,missing_value,
16361,acousticness,missing_value,
16361,energy,missing_value,
16362,energy,missing_value,
16367,danceability,missing_value,
16368,liveness,missing_value,
16371,instrumentalness,missing_value,
16374,loudness,missing_value,
16374,speechiness,missing_value,
16377,liveness,missing_value,
16377,loudness,missing_value,
16379,tempo,missing_value,
16381,liveness,missing_value,
16384,liveness,missing_value,
16385,loudness,outlier_high,1.1266
16386,valence,outlier_high,1.4238
16388,instrumentalness,missing_value,
16391,valence,missing_value,
16392,speechiness,missing_value,
16393,instrumentalness,missing_value,
16397,valence,missing_value,
16399,valence,missing_value,
16402,danceability,missing_value,
16402,valence,outlier_low,-0.1782
16404,energy,missing_value,
16405,tempo,missing_value,
16407,loudness,missing_value,
16410,danceability,missing_value,
16414,valence,outlier_high,1.3459
16419,liveness,missing_value,
16419,danceability,missing_value,
16421,loudness,missing_value,
16423,tempo,outlier_high,417.5453
16425,liveness,missing_value,
16427,loudness,missing_value,
16427,speechiness,missing_value,
16429,danceability,missing_value,
16432,tempo,missing_value,
16434,tempo,missing_value,
16434,valence,missing_value,
16436,instrumentalness,missing_value,
16436,tempo,outlier_low,12.8880
16439,valence,missing_value,
16447,energy,missing_value,
16451,danceability,outlier_high,1.0796
16461,speechiness,missing_value,
16461,acousticness,missing_value,
16466,liveness,missing_value,
16476,loudness,missing_value,
16477,valence,missing_value,
16480,energy,missing_value,
16482,tempo,missing_value,
16482,valence,outlier_high,1.4567
16485,liveness,missing_value,
16486,valence,missing_value,
16492,loudness,missing_value,
16494,tempo,missing_value,
16496,danceability,missing_value,
16499,liveness,missing_value,
16499,tempo,missing_value,
16506,danceability,missing_value,
16506,valence,missing_value,
16508,acousticness,missing_value,
16510,danceability,missing_value,
16510,acousticness,missing_value,
16525,acousticness,missing_value,
16527,valence,missing_value,
16527,tempo,missing_value,
16530,liveness,missing_value,
16532,tempo,missing_value,
16533,loudness,missing_value,
16539,instrumentalness,missing_value,
16541,loudness,missing_value,
16557,instrumentalness,missing_value,
16558,acousticness,missing_value,
16569,valence,missing_value,
16573,instrumentalness,missing_value,
16573,energy,missing_value,
16577,danceability,missing_value,
16587,instrumentalness,missing_value,
16590,speechiness,missing_value,
16591,tempo,missing_value,
16594,valence,missing_value,
16594,danceability,missing_value,
16597,acousticness,missing_value,
16598,valence,missing_value,
16599,danceability,missing_value,
16601,acousticness,missing_value,
16606,danceability,missing_value,
16620,energy,missing_value,
16621,energy,missing_value,
16624,valence,missing_value,
16625,liveness,missing_value,
16629,danceability,missing_value,
16629,loudness,missing_value,
16631,danceability,missing_value,
16634,acousticness,missing_value,
16635,tempo,missing_value,
16638,instrumentalness,missing_value,
16642,instrumentalness,missing_value,
16642,danceability,missing_value,
16647,tempo,outlier_low,0.3013
16649,danceability,missing_value,
16650,loudness,missing_value,
16651,acousticness,missing_value,
16652,acousticness,missing_value,
16653,instrumentalness,missing_value,
16663,speechiness,missing_value,
16663,valence,missing_value,
16665,energy,missing_value,
16668,speechiness,missing_value,
16670,speechiness,missing_value,
16671,danceability,missing_value,
16675,liveness,missing_value,
16677,acousticness,missing_value,
16678,liveness,missing_value,
16679,danceability,missing_value,
16679,valence,missing_value,
16681,tempo,missing_value,
16682,liveness,missing_value,
16688,acousticness,missing_value,
16693,loudness,missing_value,
16694,loudness,missing_value,
16695,tempo,missing_value,
16696,speechiness,missing_value,
16696,danceability,missing_value,
16698,liveness,missing_value,
16700,loudness,missing_value,
16701,valence,missing_value,
16703,danceability,missing_value,
16705,energy,missing_value,
16706,tempo,missing_value,
16710,acousticness,missing_value,
16713,valence,missing_value,
16720,instrumentalness,missing_value,
16740,tempo,missing_value,
16740,valence,missing_value,
16744,energy,missing_value,
16746,instrumentalness,missing_value,
16750,energy,missing_value,
16757,liveness,missing_value,
16760,acousticness,missing_value,
16770,energy,missing_value,
16772,acousticness,missing_value,
16775,tempo,missing_value,
16776,tempo,missing_value,
16785,acousticness,missing_value,
16786,danceability,missing_value,
16786,instrumentalness,missing_value,
16789,danceability,missing_value,
16798,energy,missing_value,
16799,valence,missing_value,
16800,instrumentalness,missing_value,
16803,valence,outlier_high,1.1077
16803,tempo,missing_value,
16808,instrumentalness,missing_value,
16808,tempo,missing_value,
16809,liveness,missing_value,
16810,tempo,missing_value,
16811,valence,missing_value,
16818,instrumentalness,missing_value,
16819,danceability,missing_value,
16821,acousticness,missing_value,
16822,liveness,missing_value,
16827,tempo,outlier_low,6.4220
16828,loudness,missing_value,
16834,energy,outlier_low,-0.2257
16838,energy,missing_value,
16840,valence,missing_value,
16841,loudness,missing_value,
16842,instrumentalness,missing_value,
16842,speechiness,missing_value,
16845,tempo,outlier_high,419.0753
16849,speechiness,missing_value,
16855,instrumentalness,missing_value,
16866,tempo,missing_value,
16867,valence,outlier_low,-0.1573
16870,energy,missing_value,
16870,acousticness,missing_value,
16876,liveness,missing_value,
16878,energy,missing_value,
16883,danceability,outlier_low,-0.2582
16886,danceability,missing_value,
16888,energy,missing_value,
16888,tempo,missing_value,
16889,instrumentalness,missing_value,
16890,instrumentalness,missing_value,
16899,danceability,missing_value,
16901,danceability,missing_value,
16904,tempo,missing_value,
16904,energy,missing_value,
16911,tempo,missing_value,
16916,speechiness,missing_value,
16920,valence,outlier_high,1.0613
16922,acousticness,missing_value,
16929,liveness,missing_value,
16931,instrumentalness,missing_value,
16941,danceability,missing_value,
16950,energy,missing_value,
16951,tempo,outlier_low,6.4237
16952,acousticness,missing_value,
16959,energy,outlier_high,1.2217
16964,valence,missing_value,
16964,loudness,missing_value,
16975,instrumentalness,missing_value,
16979,energy,missing_value,
16980,liveness,missing_value,
16981,liveness,missing_value,
16983,loudness,missing_value,
16985,loudness,missing_value,
16988,danceability,outlier_high,1.1000
16994,speechiness,missing_value,
16997,danceability,missing_value,
17007,speechiness,missing_value,
17013,speechiness,missing_value,
17014,valence,outlier_low,-0.0814
17027,tempo,missing_value,
17029,instrumentalness,missing_value,
17031,danceability,missing_value,
17033,loudness,missing_value,
17036,speechiness,missing_value,
17037,valence,missing_value,
17038,speechiness,missing_value,
17042,instrumentalness,missing_value,
17043,speechiness,missing_value,
17046,tempo,missing_value,
17051,speechiness,missing_value,
17057,acousticness,missing_value,
17065,loudness,missing_value,
17065,valence,missing_value,
17070,instrumentalness,missing_value,
17071,instrumentalness,missing_value,
17080,acousticness,missing_value,
17081,loudness,missing_value,
17089,acousticness,missing_value,
17094,danceability,missing_value,
17098,valence,missing_value,
17100,tempo,missing_value,
17109,valence,missing_value,
17111,instrumentalness,missing_value,
17112,tempo,missing_value,
17116,energy,missing_value,
17119,energy,missing_value,
17121,valence,outlier_low,-0.0222
17128,speechiness,missing_value,
17132,speechiness,missing_value,
17138,speechiness,missing_value,
17148,tempo,missing_value,
17153,valence,missing_value,
17155,loudness,missing_value,
17160,valence,missing_value,
17161,acousticness,missing_value,
17168,tempo,outlier_low,0.3176
17170,acousticness,missing_value,
17174,liveness,missing_value,
17179,valence,outlier_high,1.3397
17183,energy,missing_value,
17183,liveness,missing_value,
17185,liveness,missing_value,
17192,acousticness,missing_value,
17194,tempo,missing_value,
17195,tempo,missing_value,
17197,valence,missing_value,
17198,danceability,outlier_high,1.4962
17211,acousticness,missing_value,
17212,instrumentalness,missing_value,
17222,valence,outlier_low,-0.0468
17227,danceability,missing_value,
17227,energy,outlier_low,-0.1526
17227,instrumentalness,missing_value,
17227,speechiness,missing_value,
17234,acousticness,missing_value,
17235,acousticness,missing_value,
17236,acousticness,missing_value,
17239,energy,missing_value,
17239,acousticness,missing_value,
17239,tempo,missing_value,
17258,tempo,missing_value,
17259,acousticness,missing_value,
17261,loudness,missing_value,
17262,instrumentalness,missing_value,
17271,danceability,missing_value,
17272,loudness,outlier_high,5.4332
17272,tempo,missing_value,
17275,loudness,missing_value,
17276,danceability,missing_value,
17283,liveness,missing_value,
17283,speechiness,missing_value,
17284,instrumentalness,missing_value,
17284,speechiness,missing_value,
17285,speechiness,missing_value,
17288,danceability,missing_value,
17291,valence,missing_value,
17292,liveness,missing_value,
17299,valence,missing_value,
17304,energy,missing_value,
17306,valence,missing_value,
17311,speechiness,missing_value,
17315,energy,outlier_low,-0.1643
17317,loudness,missing_value,
17324,instrumentalness,missing_value,
17332,valence,missing_value,
17341,energy,missing_value,
17342,energy,missing_value,
17350,valence,outlier_low,-0.1115
17358,speechiness,missing_value,
17364,acousticness,missing_value,
17365,speechiness,missing_value,
17367,tempo,missing_value,
17369,loudness,missing_value,
17370,valence,missing_value,
17370,instrumentalness,missing_value,
17376,speechiness,missing_value,
17377,tempo,missing_value,
17378,tempo,missing_value,
17391,danceability,missing_value,
17404,danceability,missing_value,
17405,loudness,missing_value,
17405,valence,missing_value,
17406,instrumentalness,missing_value,
17409,energy,outlier_high,1.4667
17410,loudness,missing_value,
17411,energy,missing_value,
17413,danceability,missing_value,
17414,tempo,missing_value,
17417,liveness,missing_value,
17418,valence,missing_value,
17430,danceability,missing_value,
17432,loudness,outlier_high,9.0139
17435,tempo,missing_value,
17435,instrumentalness,missing_value,
17438,energy,missing_value,
17442,acousticness,missing_value,
17443,valence,outlier_high,1.1537
17452,liveness,missing_value,
17468,loudness,missing_value,
17469,loudness,missing_value,
17472,loudness,missing_value,
17474,tempo,outlier_high,317.0307
17475,tempo,missing_value,
17477,acousticness,missing_value,
17482,speechiness,missing_value,
17485,acousticness,missing_value,
17493,acousticness,missing_value,
17493,instrumentalness,missing_value,
17498,liveness,missing_value,
17503,speechiness,missing_value,
17507,valence,missing_value,
17509,valence,missing_value,
17510,danceability,missing_value,
17513,valence,missing_value,
17518,liveness,missing_value,
17528,valence,missing_value,
17534,danceability,missing_value,
17541,valence,missing_value,
17545,loudness,missing_value,
17548,instrumentalness,missing_value,
17554,energy,missing_value,
17555,danceability,missing_value,
17558,valence,missing_value,
17560,valence,missing_value,
17561,acousticness,missing_value,
17571,speechiness,missing_value,
17579,danceability,missing_value,
17584,speechiness,missing_value,
17587,energy,missing_value,
17588,tempo,outlier_high,376.8920
17603,liveness,missing_value,
17606,energy,missing_value,
17628,speechiness,missing_value,
17628,acousticness,missing_value,
17628,instrumentalness,missing_value,
17632,loudness,missing_value,
17641,instrumentalness,missing_value,
17644,liveness,missing_value,
17650,liveness,missing_value,
17658,liveness,missing_value,
17670,speechiness,missing_value,
17677,danceability,missing_value,
17682,danceability,missing_value,
17687,liveness,missing_value,
17691,tempo,outlier_high,314.7295
17693,danceability,missing_value,
17694,speechiness,missing_value,
17696,loudness,missing_value,
17697,speechiness,missing_value,
17699,danceability,outlier_low,-0.0268
17701,instrumentalness,missing_value,
17704,energy,missing_value,
17705,valence,missing_value,
17708,energy,missing_value,
17709,liveness,missing_value,
17711,acousticness,missing_value,
17712,danceability,missing_value,
17714,loudness,missing_value,
17718,acousticness,missing_value,
17730,acousticness,missing_value,
17734,energy,outlier_low,-0.1308
17739,energy,missing_value,
17740,tempo,outlier_high,372.8962
17743,valence,missing_value,
17743,tempo,missing_value,
17745,loudness,outlier_low,-76.8186
17749,danceability,missing_value,
17749,valence,outlier_low,-0.0485
17770,instrumentalness,missing_value,
17774,acousticness,missing_value,
17775,valence,missing_value,
17781,danceability,missing_value,
17782,energy,missing_value,
17783,acousticness,missing_value,
17784,tempo,missing_value,
17784,liveness,missing_value,
17786,valence,outlier_low,-0.2580
17786,liveness,missing_value,
17799,danceability,missing_value,
17811,tempo,missing_value,
17811,valence,missing_value,
17811,speechiness,missing_value,
17812,liveness,missing_value,
17812,valence,missing_value,
17813,tempo,missing_value,
17821,loudness,outlier_high,6.8530
17822,tempo,missing_value,
17822,danceability,missing_value,
17827,valence,missing_value,
17828,loudness,outlier_high,4.3049
17829,tempo,missing_value,
17833,tempo,missing_value,
17838,tempo,outlier_high,357.1008
17840,liveness,missing_value,
17847,loudness,outlier_high,8.5316
17847,energy,missing_value,
17848,tempo,outlier_high,342.3545
17851,loudness,missing_value,
17858,loudness,missing_value,
17862,danceability,outlier_low,-0.2226
17864,liveness,missing_value,
17867,instrumentalness,missing_value,
17873,valence,missing_value,
17873,tempo,missing_value,
17878,liveness,missing_value,
17880,danceability,missing_value,
17884,danceability,missing_value,
17885,acousticness,missing_value,
17891,tempo,missing_value,
17893,acousticness,missing_value,
17895,liveness,missing_value,
17897,speechiness,missing_value,
17898,acousticness,missing_value,
17901,danceability,missing_value,
17902,acousticness,missing_value,
17914,acousticness,missing_value,
17915,acousticness,missing_value,
17917,speechiness,missing_value,
17920,energy,missing_value,
17934,valence,missing_value,
17936,acousticness,missing_value,
17937,valence,outlier_low,-0.2091
17940,tempo,missing_value,
17940,acousticness,missing_value,
17941,instrumentalness,missing_value,
17942,tempo,outlier_low,6.3036
17944,energy,missing_value,
17945,liveness,missing_value,
17945,loudness,missing_value,
17948,speechiness,missing_value,
17950,tempo,missing_value,
17954,speechiness,missing_value,
17961,danceability,missing_value,
17963,liveness,missing_value,
17966,tempo,outlier_low,8.2709
17969,danceability,missing_value,
17979,valence,outlier_high,1.4312
17983,liveness,missing_value,
17994,tempo,missing_value,
17998,speechiness,missing_value,
18003,valence,outlier_low,-0.1523
18003,speechiness,missing_value,
18004,energy,missing_value,
18010,valence,missing_value,
18011,liveness,missing_value,
18013,danceability,missing_value,
18025,energy,missing_value,
18026,acousticness,missing_value,
18026,energy,missing_value,
18027,energy,missing_value,
18029,tempo,missing_value,
18030,tempo,missing_value,
18030,acousticness,missing_value,
18031,danceability,missing_value,
18033,tempo,missing_value,
18037,tempo,missing_value,
18048,energy,missing_value,
18050,valence,missing_value,
18053,instrumentalness,missing_value,
18053,danceability,missing_value,
18053,loudness,missing_value,
18069,valence,missing_value,
18070,tempo,missing_value,
18073,valence,outlier_low,-0.1008
18074,tempo,missing_value,
18081,liveness,missing_value,
18083,danceability,missing_value,
18085,instrumentalness,missing_value,
18093,instrumentalness,missing_value,
18094,tempo,missing_value,
18094,energy,missing_value,
18095,speechiness,missing_value,
18107,tempo,missing_value,
18111,valence,missing_value,
18111,energy,outlier_low,-0.0593
18113,instrumentalness,missing_value,
18116,loudness,missing_value,
18120,loudness,missing_value,
18124,tempo,missing_value,
18125,danceability,missing_value,
18126,liveness,missing_value,
18128,acousticness,missing_value,
18130,valence,missing_value,
18130,tempo,missing_value,
18133,energy,missing_value,
18135,acousticness,missing_value,
18136,liveness,missing_value,
18144,energy,missing_value,
18145,instrumentalness,missing_value,
18152,speechiness,missing_value,
18152,tempo,missing_value,
18153,instrumentalness,missing_value,
18156,acousticness,missing_value,
18160,loudness,missing_value,
18160,speechiness,missing_value,
18168,instrumentalness,missing_value,
18169,valence,outlier_high,1.1052
18181,loudness,outlier_low,-89.5094
18181,valence,missing_value,
18186,valence,missing_value,
18188,acousticness,missing_value,
18191,tempo,missing_value,
18191,liveness,missing_value,
18194,danceability,outlier_high,1.1829
18197,danceability,missing_value,
18197,liveness,missing_value,
18201,speechiness,missing_value,
18202,loudness,missing_value,
18211,tempo,outlier_low,9.3124
18212,speechiness,missing_value,
18213,danceability,missing_value,
18219,energy,outlier_high,1.2425
18219,tempo,missing_value,
18224,liveness,missing_value,
18228,energy,missing_value,
18236,loudness,missing_value,
18239,valence,missing_value,
18242,instrumentalness,missing_value,
18253,valence,outlier_high,1.2395
18255,loudness,missing_value,
18260,instrumentalness,missing_value,
18277,tempo,outlier_low,1.6780
18282,speechiness,missing_value,
18282,energy,outlier_low,-0.2622
18284,acousticness,missing_value,
18284,energy,missing_value,
18285,liveness,missing_value,
18286,acousticness,missing_value,
18291,energy,outlier_low,-0.1160
18295,valence,missing_value,
18296,instrumentalness,missing_value,
18298,instrumentalness,missing_value,
18306,loudness,missing_value,
18308,speechiness,missing_value,
18310,liveness,missing_value,
18320,valence,missing_value,
18322,speechiness,missing_value,
18338,danceability,missing_value,
18340,instrumentalness,missing_value,
18341,valence,missing_value,
18348,speechiness,missing_value,
18349,valence,missing_value,
18353,danceability,missing_value,
18362,energy,missing_value,
18364,valence,missing_value,
18365,loudness,missing_value,
18372,loudness,outlier_low,-80.5252
18376,danceability,missing_value,
18378,acousticness,missing_value,
18383,danceability,missing_value,
18383,instrumentalness,missing_value,
18384,danceability,missing_value,
18384,loudness,missing_value,
18386,acousticness,missing_value,
18389,acousticness,missing_value,
18394,speechiness,missing_value,
18397,danceability,missing_value,
18400,valence,outlier_high,1.2119
18402,loudness,missing_value,
18410,energy,missing_value,
18418,energy,missing_value,
18422,tempo,missing_value,
18425,energy,missing_value,
18428,speechiness,missing_value,
18429,acousticness,missing_value,
18439,tempo,missing_value,
18441,energy,outlier_low,-0.0260
18443,speechiness,missing_value,
18452,instrumentalness,missing_value,
18460,energy,outlier_high,1.1925
18471,loudness,missing_value,
18471,energy,outlier_high,1.4608
18475,valence,missing_value,
18484,acousticness,missing_value,
18484,liveness,missing_value,
18486,liveness,missing_value,
18493,liveness,missing_value,
18501,tempo,missing_value,
18508,speechiness,missing_value,
18514,loudness,outlier_high,5.6384
18517,energy,missing_value,
18524,instrumentalness,missing_value,
18525,danceability,missing_value,
18529,valence,missing_value,
18529,tempo,missing_value,
18530,loudness,missing_value,
18530,liveness,missing_value,
18534,instrumentalness,missing_value,
18551,danceability,missing_value,
18556,tempo,outlier_low,14.2122
18561,tempo,missing_value,
18563,loudness,missing_value,
18570,loudness,missing_value,
18570,liveness,missing_value,
18573,danceability,missing_value,
18576,loudness,missing_value,
18580,loudness,missing_value,
18585,loudness,missing_value,
18587,instrumentalness,missing_value,
18587,valence,missing_value,
18589,loudness,missing_value,
18592,liveness,missing_value,
18601,instrumentalness,missing_value,
18607,instrumentalness,missing_value,
18610,valence,missing_value,
18617,tempo,outlier_low,1.1565
18620,energy,missing_value,
18624,valence,outlier_high,1.0742
18625,speechiness,missing_value,
18628,danceability,missing_value,
18631,valence,outlier_low,-0.2933
18633,tempo,missing_value,
18643,danceability,missing_value,
18644,acousticness,missing_value,
18647,speechiness,missing_value,
18647,valence,missing_value,
18653,energy,missing_value,
18654,energy,missing_value,
18669,loudness,outlier_low,-84.8919
18670,instrumentalness,missing_value,
18671,valence,outlier_low,-0.2677
18676,acousticness,missing_value,
18677,danceability,missing_value,
18679,instrumentalness,missing_value,
18681,liveness,missing_value,
18685,loudness,missing_value,
18695,acousticness,missing_value,
18697,danceability,outlier_low,-0.1729
18700,liveness,missing_value,
18705,loudness,missing_value,
18706,instrumentalness,missing_value,
18709,danceability,missing_value,
18711,loudness,missing_value,
18714,valence,missing_value,
18720,tempo,missing_value,
18721,valence,missing_value,
18721,loudness,missing_value,
18726,speechiness,missing_value,
18728,tempo,missing_value,
18728,valence,missing_value,
18728,liveness,missing_value,
18729,liveness,missing_value,
18730,acousticness,missing_value,
18733,liveness,missing_value,
18739,speechiness,missing_value,
18740,acousticness,missing_value,
18745,instrumentalness,missing_value,
18751,instrumentalness,missing_value,
18752,acousticness,missing_value,
18753,energy,missing_value,
18755,liveness,missing_value,
18763,liveness,missing_value,
18763,acousticness,missing_value,
18765,loudness,missing_value,
18769,valence,missing_value,
18773,energy,missing_value,
18774,valence,outlier_high,1.0573
18781,energy,outlier_high,1.4499
18782,acousticness,missing_value,
18783,liveness,missing_value,
18786,liveness,missing_value,
18787,instrumentalness,missing_value,
18790,danceability,outlier_high,1.1611
18795,loudness,outlier_high,8.1966
18797,liveness,missing_value,
18805,tempo,missing_value,
18818,speechiness,missing_value,
18834,liveness,missing_value,
18840,liveness,missing_value,
18843,speechiness,missing_value,
18850,valence,missing_value,
18853,valence,missing_value,
18863,valence,missing_value,
18865,danceability,missing_value,
18872,speechiness,missing_value,
18875,liveness,missing_value,
18880,tempo,missing_value,
18881,instrumentalness,missing_value,
18881,liveness,missing_value,
18885,acousticness,missing_value,
18885,danceability,missing_value,
18887,acousticness,missing_value,
18887,liveness,missing_value,
18887,instrumentalness,missing_value,
18888,valence,missing_value,
18888,tempo,missing_value,
18891,speechiness,missing_value,
18896,liveness,missing_value,
18896,valence,missing_value,
18918,speechiness,missing_value,
18923,energy,outlier_high,1.2831
18924,valence,missing_value,
18931,danceability,missing_value,
18932,acousticness,missing_value,
18937,danceability,missing_value,
18937,speechiness,missing_value,
18938,loudness,missing_value,
18940,acousticness,missing_value,
18952,valence,missing_value,
18962,speechiness,missing_value,
18965,loudness,missing_value,
18967,danceability,missing_value,
18971,liveness,missing_value,
18973,valence,missing_value,
18973,danceability,missing_value,
18975,loudness,outlier_high,5.1514
18983,energy,missing_value,
18984,valence,missing_value,
18993,loudness,missing_value,
18997,energy,missing_value,
19002,loudness,missing_value,
19003,energy,outlier_high,1.3649
19005,acousticness,missing_value,
19008,liveness,missing_value,
19012,energy,missing_value,
19013,loudness,missing_value,
19016,acousticness,missing_value,
19020,valence,missing_value,
19020,danceability,missing_value,
19030,loudness,outlier_low,-81.7601
19043,loudness,missing_value,
19051,tempo,missing_value,
19055,liveness,missing_value,
19059,speechiness,missing_value,
19060,valence,missing_value,
19062,loudness,missing_value,
19063,tempo,missing_value,
19070,tempo,missing_value,
19070,danceability,missing_value,
19072,tempo,outlier_low,3.5978
19075,liveness,missing_value,
19085,danceability,missing_value,
19086,speechiness,missing_value,
19091,danceability,missing_value,
19102,instrumentalness,missing_value,
19103,energy,outlier_low,-0.2341
19106,acousticness,missing_value,
19107,liveness,missing_value,
19107,loudness,missing_value,
19108,valence,missing_value,
19108,danceability,missing_value,
19109,instrumentalness,missing_value,
19111,danceability,missing_value,
19112,liveness,missing_value,
19117,acousticness,missing_value,
19117,energy,missing_value,
19120,speechiness,missing_value,
19131,valence,missing_value,
19131,energy,missing_value,
19139,valence,missing_value,
19147,tempo,missing_value,
19148,danceability,outlier_low,-0.1940
19151,acousticness,missing_value,
19155,speechiness,missing_value,
19160,tempo,missing_value,
19163,loudness,missing_value,
19164,speechiness,missing_value,
19166,instrumentalness,missing_value,
19166,valence,outlier_low,-0.0718
19171,danceability,missing_value,
19174,valence,missing_value,
19177,speechiness,missing_value,
19179,liveness,missing_value,
19190,energy,missing_value,
19195,danceability,missing_value,
19196,acousticness,missing_value,
19198,danceability,outlier_low,-0.0673
19199,liveness,missing_value,
19202,speechiness,missing_value,
19204,valence,missing_value,
19207,acousticness,missing_value,
19209,loudness,outlier_low,-86.9176
19210,valence,missing_value,
19211,instrumentalness,missing_value,
19212,loudness,missing_value,
19213,valence,missing_value,
19214,valence,missing_value,
19215,energy,missing_value,
19219,instrumentalness,missing_value,
19223,loudness,missing_value,
19230,loudness,missing_value,
19232,liveness,missing_value,
19233,danceability,missing_value,
19235,energy,missing_value,
19244,speechiness,missing_value,
19249,speechiness,missing_value,
19249,loudness,missing_value,
19252,loudness,outlier_high,9.0771
19258,valence,missing_value,
19260,valence,missing_value,
19264,energy,outlier_low,-0.0420
19268,tempo,missing_value,
19269,danceability,missing_value,
19273,valence,missing_value,
19277,danceability,missing_value,
19279,instrumentalness,missing_value,
19279,speechiness,missing_value,
19280,energy,missing_value,
19281,speechiness,missing_value,
19285,tempo,missing_value,
19285,liveness,missing_value,
19287,speechiness,missing_value,
19288,instrumentalness,missing_value,
19289,tempo,missing_value,
19289,instrumentalness,missing_value,
19289,danceability,missing_value,
19292,liveness,missing_value,
19302,loudness,missing_value,
19307,speechiness,missing_value,
19312,instrumentalness,missing_value,
19315,instrumentalness,missing_value,
19315,speechiness,missing_value,
19318,speechiness,missing_value,
19321,energy,missing_value,
19323,energy,missing_value,
19325,loudness,missing_value,
19326,energy,missing_value,
19327,danceability,missing_value,
19327,loudness,outlier_high,4.2078
19330,liveness,missing_value,
19337,valence,missing_value,
19339,energy,missing_value,
19347,loudness,missing_value,
19349,loudness,missing_value,
19349,speechiness,missing_value,
19355,speechiness,missing_value,
19356,danceability,missing_value,
19357,loudness,missing_value,
19358,instrumentalness,missing_value,
19361,liveness,missing_value,
19362,speechiness,missing_value,
19366,loudness,missing_value,
19367,danceability,missing_value,
19369,acousticness,missing_value,
19376,liveness,missing_value,
19409,acousticness,missing_value,
19413,acousticness,missing_value,
19413,speechiness,missing_value,
19415,valence,missing_value,
19420,speechiness,missing_value,
19427,energy,missing_value,
19427,speechiness,missing_value,
19442,acousticness,missing_value,
19444,valence,missing_value,
19444,instrumentalness,missing_value,
19446,tempo,missing_value,
19447,instrumentalness,missing_value,
19451,valence,missing_value,
19453,loudness,outlier_high,5.8272
19454,loudness,outlier_low,-85.8130
19455,instrumentalness,missing_value,
19457,energy,missing_value,
19459,tempo,missing_value,
19460,energy,missing_value,
19462,acousticness,missing_value,
19466,energy,outlier_low,-0.2367
19468,danceability,missing_value,
19469,valence,missing_value,
19474,speechiness,missing_value,
19475,danceability,outlier_low,-0.2096
19484,loudness,outlier_high,9.2336
19485,loudness,missing_value,
19488,tempo,missing_value,
19488,danceability,missing_value,
19489,liveness,missing_value,
19490,tempo,missing_value,
19491,acousticness,missing_value,
19492,speechiness,missing_value,
19494,tempo,outlier_low,0.1414
19496,loudness,outlier_low,-83.9443
19498,instrumentalness,missing_value,
19499,instrumentalness,missing_value,
19501,instrumentalness,missing_value,
19504,instrumentalness,missing_value,
19510,tempo,missing_value,
19511,instrumentalness,missing_value,
19515,energy,missing_value,
19520,acousticness,missing_value,
19523,acousticness,missing_value,
19523,danceability,missing_value,
19524,energy,missing_value,
19524,liveness,missing_value,
19524,speechiness,missing_value,
19525,energy,missing_value,
19529,energy,missing_value,
19532,acousticness,missing_value,
19534,danceability,outlier_low,-0.1753
19536,instrumentalness,missing_value,
19536,tempo,missing_value,
19536,loudness,missing_value,
19542,tempo,missing_value,
19544,loudness,missing_value,
19545,energy,missing_value,
19550,energy,missing_value,
19554,liveness,missing_value,
19557,instrumentalness,missing_value,
19562,loudness,missing_value,
19569,valence,missing_value,
19569,energy,outlier_high,1.1102
19569,liveness,missing_value,
19572,tempo,outlier_high,339.3055
19581,danceability,missing_value,
19583,liveness,missing_value,
19583,acousticness,missing_value,
19585,instrumentalness,missing_value,
19592,instrumentalness,missing_value,
19595,loudness,outlier_high,1.5072
19596,liveness,missing_value,
19596,danceability,missing_value,
19602,liveness,missing_value,
19604,energy,missing_value,
19611,valence,missing_value,
19615,danceability,missing_value,
19618,loudness,missing_value,
19622,acousticness,missing_value,
19624,valence,missing_value,
19625,energy,outlier_high,1.1873
19628,speechiness,missing_value,
19629,instrumentalness,missing_value,
19629,acousticness,missing_value,
19632,tempo,missing_value,
19636,instrumentalness,missing_value,
19638,energy,missing_value,
19639,tempo,missing_value,
19642,liveness,missing_value,
19651,energy,missing_value,
19652,speechiness,missing_value,
19652,tempo,missing_value,
19656,speechiness,missing_value,
19657,liveness,missing_value,
19660,danceability,missing_value,
19661,speechiness,missing_value,
19664,loudness,missing_value,
19670,valence,missing_value,
19671,valence,missing_value,
19677,acousticness,missing_value,
19682,acousticness,missing_value,
19682,liveness,missing_value,
19693,danceability,missing_value,
19695,valence,missing_value,
19696,energy,missing_value,
19700,valence,missing_value,
19704,loudness,missing_value,
19714,instrumentalness,missing_value,
19715,acousticness,missing_value,
19725,loudness,missing_value,
19728,instrumentalness,missing_value,
19728,acousticness,missing_value,
19729,liveness,missing_value,
19735,instrumentalness,missing_value,
19743,energy,missing_value,
19745,liveness,missing_value,
19755,tempo,missing_value,
19756,valence,missing_value,
19760,liveness,missing_value,
19762,energy,missing_value,
19768,loudness,missing_value,
19770,energy,missing_value,
19771,tempo,outlier_high,372.4716
19772,danceability,missing_value,
19776,valence,missing_value,
19779,loudness,missing_value,
19781,danceability,missing_value,
19793,loudness,outlier_high,7.5458
19797,tempo,missing_value,
19799,energy,missing_value,
19803,loudness,missing_value,
19803,speechiness,missing_value,
19806,speechiness,missing_value,
19818,instrumentalness,missing_value,
19820,liveness,missing_value,
19821,speechiness,missing_value,
19826,tempo,outlier_high,318.0129
19830,danceability,missing_value,
19835,loudness,missing_value,
19837,tempo,missing_value,
19842,energy,missing_value,
19843,loudness,missing_value,
19848,valence,missing_value,
19852,speechiness,missing_value,
19854,loudness,missing_value,
19855,instrumentalness,missing_value,
19856,tempo,missing_value,
19858,liveness,missing_value,
19863,danceability,missing_value,
19864,energy,missing_value,
19865,acousticness,missing_value,
19866,speechiness,missing_value,
19868,acousticness,missing_value,
19869,loudness,missing_value,
19873,acousticness,missing_value,
19877,valence,missing_value,
19880,liveness,missing_value,
19884,tempo,missing_value,
19895,tempo,missing_value,
19903,acousticness,missing_value,
19912,liveness,missing_value,
19918,speechiness,missing_value,
19918,valence,missing_value,
19921,loudness,outlier_high,8.5633
19933,liveness,missing_value,
19937,acousticness,missing_value,
19939,liveness,missing_value,
19942,speechiness,missing_value,
19946,energy,missing_value,
19946,loudness,outlier_low,-81.5674
19954,tempo,missing_value,
19955,instrumentalness,missing_value,
19955,acousticness,missing_value,
19957,danceability,missing_value,
19958,energy,missing_value,
19961,loudness,missing_value,
19965,valence,outlier_low,-0.2383
19967,valence,outlier_low,-0.1725
19970,liveness,missing_value,
19973,danceability,outlier_low,-0.2898
19979,acousticness,missing_value,
19981,energy,outlier_high,1.4701
19983,loudness,missing_value,
19986,valence,missing_value,
19987,valence,missing_value,
19989,valence,missing_value,
19992,loudness,outlier_low,-81.0605
19994,loudness,missing_value,
19997,tempo,missing_value,
19998,liveness,missing_value,
20008,speechiness,missing_value,
20009,liveness,missing_value,
20015,liveness,missing_value,
20015,tempo,missing_value,
20018,tempo,missing_value,
20022,valence,missing_value,
20028,tempo,missing_value,
20030,tempo,missing_value,
20040,instrumentalness,missing_value,
20042,valence,missing_value,
20042,instrumentalness,missing_value,
20045,tempo,missing_value,
20045,valence,missing_value,
20050,valence,missing_value,
20050,acousticness,missing_value,
20057,loudness,missing_value,
20059,tempo,outlier_low,7.7027
20061,instrumentalness,missing_value,
20061,valence,missing_value,
20067,speechiness,missing_value,
20070,valence,outlier_high,1.1891
20070,loudness,missing_value,
20070,acousticness,missing_value,
20077,instrumentalness,missing_value,
20077,speechiness,missing_value,
20079,energy,outlier_low,-0.0245
20081,acousticness,missing_value,
20086,acousticness,missing_value,
20094,tempo,missing_value,
20100,danceability,missing_value,
20106,energy,missing_value,
20109,loudness,missing_value,
20109,acousticness,missing_value,
20110,liveness,missing_value,
20111,speechiness,missing_value,
20115,speechiness,missing_value,
20116,danceability,missing_value,
20121,valence,missing_value,
20124,acousticness,missing_value,
20131,danceability,missing_value,
20136,liveness,missing_value,
20141,energy,missing_value,
20142,danceability,missing_value,
20151,instrumentalness,missing_value,
20160,speechiness,missing_value,
20164,loudness,missing_value,
20171,tempo,missing_value,
20172,energy,missing_value,
20195,speechiness,missing_value,
20198,loudness,missing_value,
20200,liveness,missing_value,
20202,valence,missing_value,
20203,loudness,missing_value,
20206,danceability,missing_value,
20209,instrumentalness,missing_value,
20210,loudness,missing_value,
20211,acousticness,missing_value,
20214,loudness,missing_value,
20216,instrumentalness,missing_value,
20217,acousticness,missing_value,
20217,speechiness,missing_value,
20228,speechiness,missing_value,
20229,danceability,missing_value,
20233,instrumentalness,missing_value,
20234,instrumentalness,missing_value,
20239,loudness,missing_value,
20243,acousticness,missing_value,
20249,valence,missing_value,
20253,tempo,missing_value,
20255,valence,missing_value,
20258,liveness,missing_value,
20261,danceability,missing_value,
20263,liveness,missing_value,
20271,energy,missing_value,
20273,energy,missing_value,
20273,tempo,missing_value,
20280,speechiness,missing_value,
20281,loudness,outlier_low,-81.2319
20285,instrumentalness,missing_value,
20285,acousticness,missing_value,
20287,loudness,missing_value,
20289,energy,missing_value,
20297,instrumentalness,missing_value,
20303,speechiness,missing_value,
20314,valence,missing_value,
20314,danceability,missing_value,
20316,loudness,missing_value,
20324,liveness,missing_value,
20325,instrumentalness,missing_value,
20330,liveness,missing_value,
20334,valence,missing_value,
20336,loudness,missing_value,
20338,valence,missing_value,
20339,instrumentalness,missing_value,
20340,acousticness,missing_value,
20341,instrumentalness,missing_value,
20345,instrumentalness,missing_value,
20348,valence,outlier_low,-0.2413
20349,acousticness,missing_value,
20353,energy,missing_value,
20359,loudness,missing_value,
20363,tempo,missing_value,
20364,speechiness,missing_value,
20367,danceability,missing_value,
20367,loudness,missing_value,
20370,acousticness,missing_value,
20371,valence,missing_value,
20372,energy,missing_value,
20375,instrumentalness,missing_value,
20381,instrumentalness,missing_value,
20388,energy,missing_value,
20389,liveness,missing_value,
20389,tempo,missing_value,
20392,tempo,missing_value,
20397,liveness,missing_value,
20407,loudness,outlier_low,-89.3928
20411,instrumentalness,missing_value,
20414,liveness,missing_value,
20414,loudness,missing_value,
20415,energy,missing_value,
20416,acousticness,missing_value,
20423,danceability,missing_value,
20425,energy,missing_value,
20428,tempo,missing_value,
20429,speechiness,missing_value,
20431,valence,outlier_low,-0.2680
20433,loudness,outlier_low,-87.0856
20436,energy,missing_value,
20441,valence,missing_value,
20444,speechiness,missing_value,
20450,acousticness,missing_value,
20453,loudness,missing_value,
20465,danceability,outlier_high,1.3400
20469,loudness,missing_value,
20471,speechiness,missing_value,
20473,energy,missing_value,
20480,acousticness,missing_value,
20480,energy,missing_value,
20481,speechiness,missing_value,
20483,loudness,missing_value,
20483,acousticness,missing_value,
20491,acousticness,missing_value,
20496,acousticness,missing_value,
20496,speechiness,missing_value,
20498,tempo,missing_value,
20501,loudness,outlier_high,2.4990
20504,energy,missing_value,
20508,danceability,outlier_high,1.4337
20517,liveness,missing_value,
20525,energy,missing_value,
20525,danceability,outlier_high,1.3227
20528,valence,missing_value,
20531,valence,missing_value,
20534,speechiness,missing_value,
20536,speechiness,missing_value,
20539,liveness,missing_value,
20547,liveness,missing_value,
20550,energy,missing_value,
20553,valence,missing_value,
20554,tempo,missing_value,
20555,liveness,missing_value,
20557,instrumentalness,missing_value,
20560,acousticness,missing_value,
20561,instrumentalness,missing_value,
20561,valence,missing_value,
20569,liveness,missing_value,
20571,energy,missing_value,
20575,energy,missing_value,
20575,danceability,missing_value,
20577,danceability,missing_value,
20579,valence,outlier_low,-0.1903
20579,danceability,missing_value,
20584,speechiness,missing_value,
20589,tempo,missing_value,
20593,instrumentalness,missing_value,
20593,valence,outlier_low,-0.2773
20596,energy,missing_value,
20602,loudness,missing_value,
20606,valence,outlier_low,-0.0634
20613,loudness,missing_value,
20616,liveness,missing_value,
20617,acousticness,missing_value,
20623,speechiness,missing_value,
20626,loudness,outlier_high,6.1161
20627,danceability,missing_value,
20631,acousticness,missing_value,
20634,tempo,missing_value,
20636,tempo,missing_value,
20638,speechiness,missing_value,
20640,loudness,missing_value,
20641,loudness,missing_value,
20653,valence,missing_value,
20656,liveness,missing_value,
20657,acousticness,missing_value,
20658,loudness,missing_value,
20661,instrumentalness,missing_value,
20664,instrumentalness,missing_value,
20667,valence,missing_value,
20667,acousticness,missing_value,
20672,energy,missing_value,
20678,energy,missing_value,
20682,acousticness,missing_value,
20685,instrumentalness,missing_value,
20695,liveness,missing_value,
20704,speechiness,missing_value,
20712,instrumentalness,missing_value,
20714,tempo,missing_value,
20716,instrumentalness,missing_value,
20719,valence,missing_value,
20720,liveness,missing_value,
20720,tempo,missing_value,
20721,acousticness,missing_value,
20725,valence,missing_value,
20733,tempo,missing_value,
20736,danceability,outlier_low,-0.1176
20751,valence,missing_value,
20752,speechiness,missing_value,
20754,liveness,missing_value,
20755,acousticness,missing_value,
20756,speechiness,missing_value,
20756,acousticness,missing_value,
20758,danceability,missing_value,
20769,energy,missing_value,
20769,danceability,missing_value,
20772,danceability,missing_value,
20773,loudness,missing_value,
20777,acousticness,missing_value,
20785,loudness,missing_value,
20789,instrumentalness,missing_value,
20791,tempo,missing_value,
20795,acousticness,missing_value,
20798,speechiness,missing_value,
20803,liveness,missing_value,
20803,danceability,missing_value,
20804,speechiness,missing_value,
20804,danceability,missing_value,
20805,instrumentalness,missing_value,
20808,danceability,missing_value,
20820,liveness,missing_value,
20820,energy,missing_value,
20828,energy,missing_value,
20830,speechiness,missing_value,
20838,loudness,missing_value,
20842,danceability,missing_value,
20842,speechiness,missing_value,
20844,loudness,missing_value,
20846,liveness,missing_value,
20849,speechiness,missing_value,
20849,loudness,missing_value,
20850,acousticness,missing_value,
20853,acousticness,missing_value,
20856,speechiness,missing_value,
20868,acousticness,missing_value,
20879,tempo,missing_value,
20879,energy,outlier_low,-0.1847
20883,liveness,missing_value,
20885,acousticness,missing_value,
20895,tempo,missing_value,
20900,tempo,missing_value,
20901,speechiness,missing_value,
20908,instrumentalness,missing_value,
20908,tempo,outlier_low,4.6015
20910,loudness,missing_value,
20917,tempo,outlier_high,334.9599
20918,tempo,missing_value,
20922,acousticness,missing_value,
20923,tempo,missing_value,
20927,danceability,missing_value,
20930,loudness,missing_value,
20934,speechiness,missing_value,
20937,tempo,missing_value,
20947,instrumentalness,missing_value,
20950,energy,missing_value,
20951,tempo,missing_value,
20959,liveness,missing_value,
20964,danceability,missing_value,
20970,instrumentalness,missing_value,
20975,speechiness,missing_value,
20984,loudness,missing_value,
20988,valence,missing_value,
20992,tempo,missing_value,
20992,loudness,outlier_low,-88.7051
20993,danceability,outlier_high,1.1273
20994,acousticness,missing_value,
20995,energy,missing_value,
21005,acousticness,missing_value,
21005,liveness,missing_value,
21010,energy,missing_value,
21020,loudness,missing_value,
21020,speechiness,missing_value,
21032,speechiness,missing_value,
21036,loudness,missing_value,
21037,valence,missing_value,
21042,liveness,missing_value,
21042,danceability,outlier_low,-0.2900
21042,tempo,missing_value,
21044,liveness,missing_value,
21045,loudness,outlier_low,-89.2176
21047,loudness,missing_value,
21050,tempo,outlier_high,370.1424
21051,valence,outlier_high,1.2709
21058,energy,outlier_low,-0.0205
21061,liveness,missing_value,
21065,energy,missing_value,
21066,instrumentalness,missing_value,
21073,energy,outlier_low,-0.1493
21073,valence,missing_value,
21077,valence,missing_value,
21080,tempo,missing_value,
21081,acousticness,missing_value,
21082,loudness,missing_value,
21082,instrumentalness,missing_value,
21085,liveness,missing_value,
21088,energy,missing_value,
21090,instrumentalness,missing_value,
21100,tempo,missing_value,
21101,tempo,missing_value,
21105,energy,missing_value,
21106,acousticness,missing_value,
21107,energy,missing_value,
21108,acousticness,missing_value,
21109,valence,missing_value,
21113,loudness,missing_value,
21124,instrumentalness,missing_value,
21124,acousticness,missing_value,
21131,danceability,missing_value,
21134,danceability,missing_value,
21134,instrumentalness,missing_value,
21136,energy,missing_value,
21144,tempo,missing_value,
21145,acousticness,missing_value,
21151,danceability,missing_value,
21169,energy,missing_value,
21170,danceability,missing_value,
21171,acousticness,missing_value,
21177,loudness,missing_value,
21177,instrumentalness,missing_value,
21181,energy,missing_value,
21182,energy,missing_value,
21183,acousticness,missing_value,
21186,valence,missing_value,
21188,loudness,outlier_high,3.6491
21191,loudness,missing_value,
21191,speechiness,missing_value,
21198,liveness,missing_value,
21200,speechiness,missing_value,
21201,loudness,missing_value,
21207,acousticness,missing_value,
21211,loudness,missing_value,
21213,energy,outlier_low,-0.1712
21216,acousticness,missing_value,
21222,danceability,outlier_high,1.0611
21226,valence,missing_value,
21226,tempo,missing_value,
21228,valence,missing_value,
21229,speechiness,missing_value,
21233,speechiness,missing_value,
21234,speechiness,missing_value,
21235,liveness,missing_value,
21237,energy,missing_value,
21238,valence,missing_value,
21241,speechiness,missing_value,
21250,danceability,missing_value,
21255,valence,missing_value,
21257,acousticness,missing_value,
21261,instrumentalness,missing_value,
21262,tempo,missing_value,
21263,speechiness,missing_value,
21264,valence,missing_value,
21265,loudness,missing_value,
21267,energy,missing_value,
21276,danceability,missing_value,
21279,acousticness,missing_value,
21281,speechiness,missing_value,
21284,instrumentalness,missing_value,
21287,tempo,missing_value,
21287,loudness,missing_value,
21287,danceability,missing_value,
21294,danceability,missing_value,
21295,liveness,missing_value,
21300,tempo,missing_value,
21304,loudness,missing_value,
21304,instrumentalness,missing_value,
21304,speechiness,missing_value,
21306,valence,outlier_high,1.0611
21309,valence,missing_value,
21310,instrumentalness,missing_value,
21310,acousticness,missing_value,
21313,danceability,outlier_low,-0.1462
21315,valence,missing_value,
21315,acousticness,missing_value,
21320,tempo,missing_value,
21323,liveness,missing_value,
21323,danceability,missing_value,
21330,speechiness,missing_value,
21337,speechiness,missing_value,
21342,instrumentalness,missing_value,
21351,tempo,outlier_high,359.4977
21358,instrumentalness,missing_value,
21364,speechiness,missing_value,
21367,liveness,missing_value,
21374,energy,missing_value,
21381,liveness,missing_value,
21385,valence,missing_value,
21386,speechiness,missing_value,
21389,tempo,missing_value,
21390,liveness,missing_value,
21394,tempo,missing_value,
21399,energy,missing_value,
21400,acousticness,missing_value,
21402,instrumentalness,missing_value,
21410,valence,missing_value,
21414,energy,missing_value,
21415,instrumentalness,missing_value,
21415,speechiness,missing_value,
21416,danceability,missing_value,
21427,valence,missing_value,
21429,loudness,missing_value,
21437,liveness,missing_value,
21439,danceability,missing_value,
21446,valence,missing_value,
21446,tempo,missing_value,
21448,instrumentalness,missing_value,
21452,tempo,missing_value,
21454,energy,missing_value,
21460,liveness,missing_value,
21461,acousticness,missing_value,
21462,acousticness,missing_value,
21463,danceability,missing_value,
21463,valence,outlier_low,-0.1025
21465,valence,missing_value,
21468,acousticness,missing_value,
21472,tempo,outlier_high,372.5754
21476,instrumentalness,missing_value,
21478,tempo,missing_value,
21486,valence,missing_value,
21487,acousticness,missing_value,
21491,tempo,outlier_high,323.0084
21491,energy,missing_value,
21493,valence,missing_value,
21494,valence,outlier_high,1.1900
21496,valence,outlier_high,1.2412
21499,tempo,outlier_low,7.9751
21499,danceability,missing_value,
21500,speechiness,missing_value,
21502,tempo,outlier_low,7.8913
21502,energy,missing_value,
21509,tempo,missing_value,
21510,energy,missing_value,
21512,loudness,outlier_high,3.9766
21516,energy,missing_value,
21518,acousticness,missing_value,
21522,speechiness,missing_value,
21522,danceability,missing_value,
21525,tempo,missing_value,
21526,tempo,missing_value,
21528,energy,missing_value,
21532,danceability,missing_value,
21535,speechiness,missing_value,
21536,acousticness,missing_value,
21539,energy,missing_value,
21541,loudness,outlier_low,-79.2002
21543,acousticness,missing_value,
21548,danceability,missing_value,
21549,acousticness,missing_value,
21551,liveness,missing_value,
21552,instrumentalness,missing_value,
21554,instrumentalness,missing_value,
21559,tempo,missing_value,
21574,danceability,missing_value,
21576,valence,missing_value,
21577,loudness,missing_value,
21579,tempo,missing_value,
21582,loudness,outlier_high,4.9246
21584,danceability,missing_value,
21593,loudness,missing_value,
21596,valence,missing_value,
21596,tempo,missing_value,
21597,tempo,missing_value,
21598,instrumentalness,missing_value,
21599,loudness,outlier_high,8.1101
21604,instrumentalness,missing_value,
21605,loudness,missing_value,
21608,acousticness,missing_value,
21610,acousticness,missing_value,
21612,danceability,missing_value,
21618,loudness,missing_value,
21619,loudness,missing_value,
21625,speechiness,missing_value,
21627,tempo,outlier_high,395.6983
21627,acousticness,missing_value,
21636,loudness,outlier_low,-77.3495
21641,danceability,missing_value,
21644,danceability,missing_value,
21650,acousticness,missing_value,
21657,instrumentalness,missing_value,
21662,speechiness,missing_value,
21663,valence,outlier_high,1.2607
21665,valence,outlier_high,1.0932
21667,acousticness,missing_value,
21667,speechiness,missing_value,
21667,loudness,missing_value,
21673,acousticness,missing_value,
21673,speechiness,missing_value,
21677,energy,outlier_low,-0.0672
21677,instrumentalness,missing_value,
21678,loudness,missing_value,
21678,instrumentalness,missing_value,
21681,danceability,outlier_high,1.1867
21687,acousticness,missing_value,
21689,speechiness,missing_value,
21698,loudness,missing_value,
21703,loudness,outlier_low,-71.4662
21703,instrumentalness,missing_value,
21707,danceability,missing_value,
21710,energy,missing_value,
21712,tempo,missing_value,
21712,speechiness,missing_value,
21717,instrumentalness,missing_value,
21719,tempo,missing_value,
21719,energy,outlier_high,1.3699
21723,valence,missing_value,
21724,liveness,missing_value,
21725,valence,missing_value,
21727,instrumentalness,missing_value,
21728,liveness,missing_value,
21732,valence,outlier_high,1.0612
21736,danceability,outlier_high,1.3878
21743,loudness,missing_value,
21744,danceability,missing_value,
21744,speechiness,missing_value,
21746,valence,outlier_low,-0.0256
21748,valence,missing_value,
21748,tempo,missing_value,
21750,tempo,missing_value,
21753,instrumentalness,missing_value,
21753,energy,outlier_low,-0.1358
21767,liveness,missing_value,
21769,loudness,missing_value,
21770,valence,outlier_low,-0.2260
21770,acousticness,missing_value,
21773,tempo,missing_value,
21783,danceability,missing_value,
21788,instrumentalness,missing_value,
21790,tempo,outlier_low,6.6046
21791,speechiness,missing_value,
21792,energy,outlier_low,-0.1920
21792,instrumentalness,missing_value,
21798,tempo,missing_value,
21799,tempo,missing_value,
21803,energy,missing_value,
21803,tempo,missing_value,
21805,acousticness,missing_value,
21806,acousticness,missing_value,
21819,loudness,missing_value,
21819,acousticness,missing_value,
21820,energy,missing_value,
21825,liveness,missing_value,
21826,danceability,missing_value,
21827,speechiness,missing_value,
21831,speechiness,missing_value,
21832,speechiness,missing_value,
21840,danceability,missing_value,
21846,loudness,missing_value,
21849,instrumentalness,missing_value,
21850,loudness,missing_value,
21851,acousticness,missing_value,
21854,energy,missing_value,
21856,danceability,missing_value,
21859,loudness,missing_value,
21863,loudness,missing_value,
21863,acousticness,missing_value,
21864,speechiness,missing_value,
21865,danceability,missing_value,
21871,speechiness,missing_value,
21871,liveness,missing_value,
21878,danceability,missing_value,
21881,acousticness,missing_value,
21883,liveness,missing_value,
21883,energy,missing_value,
21884,loudness,missing_value,
21888,loudness,missing_value,
21899,tempo,missing_value,
21900,acousticness,missing_value,
21902,loudness,missing_value,
21905,instrumentalness,missing_value,
21908,speechiness,missing_value,
21908,loudness,missing_value,
21918,speechiness,missing_value,
21920,acousticness,missing_value,
21925,tempo,missing_value,
21930,instrumentalness,missing_value,
21931,loudness,outlier_low,-83.6530
21936,liveness,missing_value,
21938,liveness,missing_value,
21941,tempo,missing_value,
21945,tempo,missing_value,
21945,speechiness,missing_value,
21950,speechiness,missing_value,
21954,loudness,missing_value,
21959,tempo,missing_value,
21959,loudness,missing_value,
21960,speechiness,missing_value,
21961,tempo,outlier_low,12.5633
21962,tempo,missing_value,
21963,tempo,missing_value,
21964,valence,missing_value,
21974,instrumentalness,missing_value,
21974,valence,outlier_high,1.3991
21977,loudness,missing_value,
21977,danceability,missing_value,
21978,instrumentalness,missing_value,
21981,energy,missing_value,
21982,danceability,outlier_low,-0.0249
21984,speechiness,missing_value,
21986,instrumentalness,missing_value,
21987,danceability,missing_value,
21988,instrumentalness,missing_value,
21991,tempo,missing_value,
21998,liveness,missing_value,
21998,valence,missing_value,
21999,loudness,missing_value,
22002,liveness,missing_value,
22009,energy,missing_value,
22018,instrumentalness,missing_value,
22021,energy,missing_value,
22024,acousticness,missing_value,
22025,speechiness,missing_value,
22029,speechiness,missing_value,
22033,loudness,missing_value,
22035,loudness,missing_value,
22038,tempo,missing_value,
22042,energy,missing_value,
22043,loudness,outlier_high,3.8674
22048,acousticness,missing_value,
22048,tempo,missing_value,
22049,tempo,missing_value,
22053,energy,missing_value,
22065,energy,missing_value,
22069,loudness,missing_value,
22072,energy,outlier_low,-0.1801
22073,energy,outlier_high,1.4034
22073,tempo,missing_value,
22077,acousticness,missing_value,
22078,tempo,missing_value,
22080,acousticness,missing_value,
22085,danceability,missing_value,
22088,loudness,missing_value,
22091,valence,outlier_high,1.2942
22091,loudness,missing_value,
22094,valence,missing_value,
22101,danceability,outlier_low,-0.2664
22102,liveness,missing_value,
22103,danceability,missing_value,
22104,tempo,missing_value,
22111,speechiness,missing_value,
22112,valence,missing_value,
22113,acousticness,missing_value,
22116,valence,missing_value,
22118,tempo,missing_value,
22121,tempo,outlier_high,378.8880
22125,valence,missing_value,
22134,instrumentalness,missing_value,
22135,danceability,missing_value,
22140,energy,missing_value,
22143,speechiness,missing_value,
22146,energy,missing_value,
22148,valence,missing_value,
22149,tempo,missing_value,
22154,energy,outlier_low,-0.0495
22155,loudness,missing_value,
22163,acousticness,missing_value,
22163,tempo,missing_value,
22165,liveness,missing_value,
22165,energy,missing_value,
22173,valence,missing_value,
22184,loudness,outlier_low,-86.1485
22197,liveness,missing_value,
22200,energy,missing_value,
22202,danceability,missing_value,
22204,tempo,missing_value,
22206,tempo,missing_value,
22218,loudness,missing_value,
22220,danceability,outlier_high,1.3314
22223,instrumentalness,missing_value,
22225,liveness,missing_value,
22228,valence,missing_value,
22229,instrumentalness,missing_value,
22230,danceability,missing_value,
22235,tempo,missing_value,
22241,instrumentalness,missing_value,
22245,energy,missing_value,
22251,energy,missing_value,
22251,instrumentalness,missing_value,
22252,tempo,outlier_high,327.4330
22256,danceability,missing_value,
22260,liveness,missing_value,
22260,valence,missing_value,
22271,instrumentalness,missing_value,
22271,loudness,outlier_high,2.0996
22282,valence,missing_value,
22288,acousticness,missing_value,
22303,energy,outlier_low,-0.2038
22306,energy,missing_value,
22308,tempo,missing_value,
22312,energy,missing_value,
22315,energy,outlier_high,1.2771
22317,speechiness,missing_value,
22328,energy,missing_value,
22331,acousticness,missing_value,
22331,speechiness,missing_value,
22337,valence,missing_value,
22338,valence,missing_value,
22339,loudness,missing_value,
22343,energy,missing_value,
22347,loudness,missing_value,
22348,valence,missing_value,
22349,energy,missing_value,
22360,tempo,missing_value,
22363,tempo,missing_value,
22365,loudness,outlier_high,5.1092
22365,tempo,missing_value,
22365,danceability,outlier_high,1.1994
22366,energy,missing_value,
22367,valence,missing_value,
22370,tempo,outlier_high,369.3755
22374,liveness,missing_value,
22389,speechiness,missing_value,
22390,valence,missing_value,
22391,danceability,missing_value,
22391,tempo,missing_value,
22394,liveness,missing_value,
22401,danceability,missing_value,
22404,danceability,missing_value,
22404,speechiness,missing_value,
22408,instrumentalness,missing_value,
22409,energy,missing_value,
22411,valence,missing_value,
22412,instrumentalness,missing_value,
22413,energy,missing_value,
22413,valence,missing_value,
22416,instrumentalness,missing_value,
22418,tempo,missing_value,
22420,danceability,missing_value,
22426,acousticness,missing_value,
22426,valence,outlier_low,-0.1725
22427,liveness,missing_value,
22427,tempo,missing_value,
22436,loudness,missing_value,
22439,loudness,missing_value,
22440,tempo,missing_value,
22444,valence,missing_value,
22446,danceability,missing_value,
22455,instrumentalness,missing_value,
22457,energy,missing_value,
22462,acousticness,missing_value,
22464,speechiness,missing_value,
22465,speechiness,missing_value,
22469,speechiness,missing_value,
22469,tempo,missing_value,
22470,liveness,missing_value,
22472,speechiness,missing_value,
22474,liveness,missing_value,
22475,valence,missing_value,
22475,speechiness,missing_value,
22475,acousticness,missing_value,
22492,instrumentalness,missing_value,
22493,valence,outlier_low,-0.2618
22494,loudness,missing_value,
22503,energy,missing_value,
22503,loudness,outlier_low,-88.0583
22503,tempo,missing_value,
22507,loudness,missing_value,
22509,danceability,outlier_low,-0.1507
22516,danceability,missing_value,
22517,loudness,missing_value,
22520,danceability,missing_value,
22531,energy,missing_value,
22532,energy,missing_value,
22535,loudness,missing_value,
22540,danceability,missing_value,
22542,acousticness,missing_value,
22542,danceability,missing_value,
22545,acousticness,missing_value,
22551,energy,missing_value,
22551,acousticness,missing_value,
22554,liveness,missing_value,
22558,danceability,missing_value,
22564,instrumentalness,missing_value,
22566,valence,missing_value,
22568,acousticness,missing_value,
22569,liveness,missing_value,
22571,liveness,missing_value,
22573,tempo,missing_value,
22583,tempo,missing_value,
22586,danceability,missing_value,
22588,danceability,missing_value,
22592,energy,outlier_low,-0.2294
22594,loudness,missing_value,
22601,acousticness,missing_value,
22606,loudness,missing_value,
22610,speechiness,missing_value,
22622,speechiness,missing_value,
22623,loudness,missing_value,
22623,tempo,missing_value,
22626,danceability,missing_value,
22629,speechiness,missing_value,
22632,tempo,missing_value,
22638,valence,outlier_low,-0.2200
22641,instrumentalness,missing_value,
22643,energy,outlier_low,-0.1517
22644,danceability,missing_value,
22646,tempo,outlier_low,6.5726
22647,valence,missing_value,
22647,speechiness,missing_value,
22649,acousticness,missing_value,
22650,speechiness,missing_value,
22658,tempo,missing_value,
22662,instrumentalness,missing_value,
22663,instrumentalness,missing_value,
22665,valence,missing_value,
22668,acousticness,missing_value,
22669,instrumentalness,missing_value,
22676,danceability,outlier_low,-0.1740
22677,speechiness,missing_value,
22678,liveness,missing_value,
22680,valence,missing_value,
22680,loudness,missing_value,
22682,loudness,missing_value,
22683,loudness,missing_value,
22685,loudness,missing_value,
22687,acousticness,missing_value,
22689,tempo,missing_value,
22690,acousticness,missing_value,
22692,speechiness,missing_value,
22692,valence,missing_value,
22693,danceability,missing_value,
22695,liveness,missing_value,
22697,speechiness,missing_value,
22701,liveness,missing_value,
22703,danceability,outlier_low,-0.2743
22706,speechiness,missing_value,
22710,liveness,missing_value,
22711,energy,missing_value,
22712,loudness,missing_value,
22717,instrumentalness,missing_value,
22719,energy,missing_value,
22719,tempo,missing_value,
22729,energy,missing_value,
22736,acousticness,missing_value,
22737,valence,missing_value,
22737,instrumentalness,missing_value,
22738,liveness,missing_value,
22740,liveness,missing_value,
22740,valence,missing_value,
22740,energy,missing_value,
22742,speechiness,missing_value,
22748,liveness,missing_value,
22749,loudness,missing_value,
22751,valence,missing_value,
22754,loudness,missing_value,
22755,tempo,missing_value,
22756,loudness,missing_value,
22761,energy,missing_value,
22764,energy,missing_value,
22766,liveness,missing_value,
22767,valence,outlier_low,-0.1594
22768,valence,missing_value,
22769,acousticness,missing_value,
22769,tempo,missing_value,
22774,energy,missing_value,
22777,instrumentalness,missing_value,
22780,valence,missing_value,
22780,instrumentalness,missing_value,
22782,loudness,missing_value,
22788,valence,missing_value,
22789,loudness,missing_value,
22791,acousticness,missing_value,
22794,energy,missing_value,
22799,loudness,outlier_low,-87.7517
22808,danceability,outlier_high,1.1121
22810,speechiness,missing_value,
22815,liveness,missing_value,
22817,instrumentalness,missing_value,
22819,tempo,missing_value,
22820,loudness,missing_value,
22821,danceability,outlier_low,-0.0721
22830,speechiness,missing_value,
22831,loudness,missing_value,
22831,speechiness,missing_value,
22833,acousticness,missing_value,
22835,liveness,missing_value,
22842,valence,missing_value,
22843,tempo,missing_value,
22851,instrumentalness,missing_value,
22858,loudness,missing_value,
22859,valence,missing_value,
22861,acousticness,missing_value,
22864,energy,missing_value,
22866,liveness,missing_value,
22871,energy,missing_value,
22873,energy,missing_value,
22873,instrumentalness,missing_value,
22874,acousticness,missing_value,
22874,liveness,missing_value,
22896,energy,outlier_high,1.3502
22897,liveness,missing_value,
22900,valence,missing_value,
22904,danceability,outlier_high,1.0860
22905,liveness,missing_value,
22906,speechiness,missing_value,
22911,speechiness,missing_value,
22915,speechiness,missing_value,
22930,speechiness,missing_value,
22939,valence,missing_value,
22942,liveness,missing_value,
22943,liveness,missing_value,
22950,danceability,missing_value,
22950,valence,outlier_high,1.2642
22954,instrumentalness,missing_value,
22961,speechiness,missing_value,
22966,tempo,missing_value,
22970,liveness,missing_value,
22977,instrumentalness,missing_value,
22978,acousticness,missing_value,
22978,speechiness,missing_value,
22990,danceability,missing_value,
22992,speechiness,missing_value,
22996,tempo,outlier_low,1.5546
23000,liveness,missing_value,
23002,liveness,missing_value,
23003,acousticness,missing_value,
23010,speechiness,missing_value,
23012,loudness,missing_value,
23015,speechiness,missing_value,
23016,liveness,missing_value,
23017,danceability,missing_value,
23018,liveness,missing_value,
23022,danceability,missing_value,
23025,acousticness,missing_value,
23031,valence,missing_value,
23035,valence,missing_value,
23036,loudness,outlier_high,5.7715
23037,tempo,missing_value,
23044,danceability,missing_value,
23044,energy,missing_value,
23053,tempo,missing_value,
23056,tempo,missing_value,
23071,danceability,missing_value,
23071,liveness,missing_value,
23073,valence,outlier_high,1.0871
23079,acousticness,missing_value,
23081,loudness,missing_value,
23084,instrumentalness,missing_value,
23085,energy,missing_value,
23086,instrumentalness,missing_value,
23089,valence,missing_value,
23093,valence,missing_value,
23093,instrumentalness,missing_value,
23094,energy,missing_value,
23099,tempo,missing_value,
23099,loudness,missing_value,
23113,valence,missing_value,
23113,loudness,missing_value,
23118,danceability,outlier_high,1.4435
23119,acousticness,missing_value,
23120,liveness,missing_value,
23120,valence,outlier_low,-0.2624
23121,energy,missing_value,
23122,valence,missing_value,
23123,loudness,missing_value,
23128,danceability,missing_value,
23133,danceability,missing_value,
23139,speechiness,missing_value,
23141,speechiness,missing_value,
23141,tempo,missing_value,
23141,loudness,missing_value,
23149,loudness,missing_value,
23154,valence,missing_value,
23157,liveness,missing_value,
23158,energy,missing_value,
23159,danceability,missing_value,
23169,danceability,outlier_high,1.3634
23175,loudness,missing_value,
23176,speechiness,missing_value,
23179,speechiness,missing_value,
23180,energy,missing_value,
23181,tempo,missing_value,
23185,energy,missing_value,
23188,liveness,missing_value,
23189,liveness,missing_value,
23209,energy,outlier_low,-0.2463
23210,valence,missing_value,
23215,speechiness,missing_value,
23216,liveness,missing_value,
23224,instrumentalness,missing_value,
23227,speechiness,missing_value,
23230,valence,missing_value,
23232,loudness,missing_value,
23234,instrumentalness,missing_value,
23236,liveness,missing_value,
23239,energy,missing_value,
23248,acousticness,missing_value,
23248,tempo,missing_value,
23257,liveness,missing_value,
23258,speechiness,missing_value,
23263,loudness,missing_value,
23276,speechiness,missing_value,
23279,energy,missing_value,
23292,energy,missing_value,
23297,tempo,missing_value,
23297,energy,missing_value,
23300,liveness,missing_value,
23311,liveness,missing_value,
23323,liveness,missing_value,
23326,danceability,missing_value,
23330,speechiness,missing_value,
23331,loudness,missing_value,
23333,liveness,missing_value,
23338,speechiness,missing_value,
23340,danceability,missing_value,
23342,speechiness,missing_value,
23343,acousticness,missing_value,
23345,liveness,missing_value,
23346,valence,missing_value,
23350,liveness,missing_value,
23351,tempo,missing_value,
23352,acousticness,missing_value,
23354,speechiness,missing_value,
23358,loudness,missing_value,
23364,instrumentalness,missing_value,
23364,danceability,missing_value,
23369,acousticness,missing_value,
23374,speechiness,missing_value,
23374,valence,missing_value,
23375,danceability,outlier_high,1.3598
23384,danceability,missing_value,
23397,speechiness,missing_value,
23400,valence,outlier_high,1.0858
23402,loudness,missing_value,
23407,instrumentalness,missing_value,
23408,valence,missing_value,
23409,loudness,missing_value,
23412,tempo,missing_value,
23412,energy,missing_value,
23414,tempo,missing_value,
23416,loudness,missing_value,
23423,speechiness,missing_value,
23425,liveness,missing_value,
23427,speechiness,missing_value,
23428,energy,missing_value,
23435,tempo,outlier_low,14.0227
23436,liveness,missing_value,
23445,liveness,missing_value,
23445,loudness,missing_value,
23445,danceability,missing_value,
23448,loudness,outlier_high,7.3698
23456,energy,missing_value,
23457,instrumentalness,missing_value,
23457,valence,missing_value,
23464,energy,missing_value,
23466,loudness,missing_value,
23474,loudness,missing_value,
23475,instrumentalness,missing_value,
23475,danceability,outlier_low,-0.1685
23476,instrumentalness,missing_value,
23477,loudness,missing_value,
23477,speechiness,missing_value,
23481,speechiness,missing_value,
23483,loudness,missing_value,
23499,liveness,missing_value,
23502,instrumentalness,missing_value,
23505,energy,missing_value,
23505,tempo,missing_value,
23508,instrumentalness,missing_value,
23508,loudness,outlier_high,7.0900
23509,instrumentalness,missing_value,
23511,loudness,missing_value,
23513,valence,missing_value,
23517,valence,missing_value,
23521,loudness,missing_value,
23525,tempo,missing_value,
23533,tempo,missing_value,
23541,speechiness,missing_value,
23542,valence,outlier_low,-0.2532
23543,liveness,missing_value,
23543,acousticness,missing_value,
23543,energy,outlier_high,1.4923
23547,liveness,missing_value,
23552,energy,missing_value,
23553,tempo,missing_value,
23558,tempo,missing_value,
23561,valence,missing_value,
23565,danceability,missing_value,
23577,loudness,missing_value,
23578,loudness,missing_value,
23583,loudness,missing_value,
23585,tempo,missing_value,
23587,speechiness,missing_value,
23587,liveness,missing_value,
23588,tempo,missing_value,
23597,speechiness,missing_value,
23601,loudness,missing_value,
23605,danceability,missing_value,
23608,liveness,missing_value,
23608,danceability,missing_value,
23608,valence,missing_value,
23616,instrumentalness,missing_value,
23620,tempo,missing_value,
23620,danceability,missing_value,
23624,valence,missing_value,
23625,energy,missing_value,
23625,liveness,missing_value,
23639,liveness,missing_value,
23651,energy,missing_value,
23655,instrumentalness,missing_value,
23657,danceability,missing_value,
23660,acousticness,missing_value,
23663,instrumentalness,missing_value,
23665,danceability,missing_value,
23669,valence,missing_value,
23669,acousticness,missing_value,
23673,loudness,missing_value,
23674,instrumentalness,missing_value,
23674,valence,missing_value,
23685,energy,missing_value,
23693,instrumentalness,missing_value,
23696,liveness,missing_value,
23698,danceability,missing_value,
23701,liveness,missing_value,
23703,liveness,missing_value,
23703,tempo,missing_value,
23707,tempo,missing_value,
23708,instrumentalness,missing_value,
23711,danceability,missing_value,
23711,tempo,missing_value,
23713,energy,missing_value,
23716,liveness,missing_value,
23716,acousticness,missing_value,
23720,energy,missing_value,
23720,loudness,missing_value,
23721,tempo,outlier_high,402.9384
23721,speechiness,missing_value,
23723,tempo,missing_value,
23724,energy,missing_value,
23728,danceability,outlier_high,1.3175
23730,loudness,missing_value,
23733,valence,missing_value,
23736,tempo,missing_value,
23738,valence,missing_value,
23738,instrumentalness,missing_value,
23741,loudness,missing_value,
23742,danceability,missing_value,
23742,energy,outlier_low,-0.1970
23745,acousticness,missing_value,
23748,acousticness,missing_value,
23751,liveness,missing_value,
23751,danceability,missing_value,
23753,liveness,missing_value,
23765,valence,missing_value,
23772,instrumentalness,missing_value,
23773,danceability,outlier_low,-0.1188
23778,speechiness,missing_value,
23779,liveness,missing_value,
23779,valence,missing_value,
23781,liveness,missing_value,
23782,acousticness,missing_value,
23785,valence,outlier_low,-0.2731
23791,valence,outlier_high,1.3666
23794,loudness,missing_value,
23794,valence,missing_value,
23804,liveness,missing_value,
23806,instrumentalness,missing_value,
23806,acousticness,missing_value,
23809,tempo,missing_value,
23810,acousticness,missing_value,
23812,valence,missing_value,
23813,instrumentalness,missing_value,
23816,danceability,outlier_low,-0.1423
23817,loudness,missing_value,
23817,liveness,missing_value,
23820,speechiness,missing_value,
23823,speechiness,missing_value,
23834,valence,missing_value,
23835,instrumentalness,missing_value,
23837,energy,outlier_low,-0.2881
23837,danceability,missing_value,
23842,tempo,missing_value,
23842,energy,missing_value,
23856,danceability,missing_value,
23861,acousticness,missing_value,
23862,liveness,missing_value,
23868,valence,missing_value,
23874,loudness,missing_value,
23875,tempo,missing_value,
23876,tempo,outlier_high,383.4241
23883,valence,missing_value,
23884,tempo,missing_value,
23886,acousticness,missing_value,
23887,acousticness,missing_value,
23893,instrumentalness,missing_value,
23901,acousticness,missing_value,
23903,liveness,missing_value,
23904,liveness,missing_value,
23905,energy,missing_value,
23911,tempo,outlier_high,309.6264
23915,energy,missing_value,
23916,danceability,missing_value,
23920,danceability,missing_value,
23924,tempo,missing_value,
23924,danceability,missing_value,
23929,acousticness,missing_value,
23933,tempo,outlier_low,12.7684
23934,danceability,missing_value,
23936,liveness,missing_value,
23942,valence,missing_value,
23954,danceability,outlier_high,1.4824
23957,valence,missing_value,
23967,liveness,missing_value,
23970,danceability,missing_value,
23970,loudness,outlier_low,-73.4437
23977,tempo,missing_value,
23983,tempo,missing_value,
23984,speechiness,missing_value,
23993,danceability,missing_value,
23995,tempo,missing_value,
23997,acousticness,missing_value,
24002,tempo,missing_value,
24006,tempo,missing_value,
24009,tempo,missing_value,
24015,liveness,missing_value,
24017,danceability,missing_value,
24018,valence,missing_value,
24019,tempo,missing_value,
24023,tempo,outlier_low,10.8715
24026,valence,outlier_high,1.3476
24028,valence,missing_value,
24028,tempo,missing_value,
24034,danceability,missing_value,
24037,tempo,outlier_low,6.3042
24047,danceability,outlier_low,-0.1765
24052,tempo,missing_value,
24054,acousticness,missing_value,
24057,valence,missing_value,
24058,energy,missing_value,
24061,instrumentalness,missing_value,
24067,liveness,missing_value,
24070,liveness,missing_value,
24072,danceability,missing_value,
24072,tempo,missing_value,
24081,tempo,missing_value,
24083,speechiness,missing_value,
24091,valence,missing_value,
24092,liveness,missing_value,
24094,loudness,missing_value,
24094,tempo,missing_value,
24095,acousticness,missing_value,
24096,tempo,missing_value,
24109,danceability,missing_value,
24112,liveness,missing_value,
24118,loudness,missing_value,
24125,acousticness,missing_value,
24126,danceability,missing_value,
24131,acousticness,missing_value,
24132,instrumentalness,missing_value,
24132,acousticness,missing_value,
24134,instrumentalness,missing_value,
24142,valence,missing_value,
24147,energy,missing_value,
24150,energy,missing_value,
24152,loudness,missing_value,
24153,danceability,missing_value,
24156,tempo,missing_value,
24159,energy,missing_value,
24161,energy,missing_value,
24172,loudness,missing_value,
24175,loudness,missing_value,
24176,liveness,missing_value,
24178,speechiness,missing_value,
24178,energy,missing_value,
24180,tempo,missing_value,
24183,loudness,missing_value,
24193,speechiness,missing_value,
24195,energy,missing_value,
24196,loudness,missing_value,
24199,instrumentalness,missing_value,
24207,speechiness,missing_value,
24209,danceability,outlier_low,-0.0557
24219,loudness,outlier_high,1.2819
24219,danceability,missing_value,
24223,danceability,missing_value,
24224,danceability,missing_value,
24227,loudness,missing_value,
24228,tempo,missing_value,
24229,danceability,missing_value,
24231,energy,missing_value,
24234,valence,missing_value,
24241,energy,outlier_low,-0.2073
24251,loudness,missing_value,
24252,loudness,missing_value,
24257,tempo,missing_value,
24265,loudness,missing_value,
24269,loudness,missing_value,
24273,valence,missing_value,
24274,valence,missing_value,
24280,tempo,missing_value,
24281,speechiness,missing_value,
24284,instrumentalness,missing_value,
24299,tempo,missing_value,
24303,energy,missing_value,
24314,speechiness,missing_value,
24314,danceability,missing_value,
24314,instrumentalness,missing_value,
24318,valence,missing_value,
24319,energy,missing_value,
24323,speechiness,missing_value,
24324,danceability,missing_value,
24331,loudness,outlier_high,4.6909
24334,instrumentalness,missing_value,
24342,valence,missing_value,
24343,instrumentalness,missing_value,
24348,valence,missing_value,
24352,energy,outlier_high,1.3349
24355,tempo,outlier_high,345.5697
24358,liveness,missing_value,
24359,acousticness,missing_value,
24361,liveness,missing_value,
24370,acousticness,missing_value,
24371,instrumentalness,missing_value,
24375,speechiness,missing_value,
24376,tempo,missing_value,
24377,loudness,missing_value,
24382,acousticness,missing_value,
24383,tempo,outlier_low,9.2098
24389,danceability,outlier_high,1.3273
24391,energy,missing_value,
24396,liveness,missing_value,
24402,danceability,missing_value,
24402,instrumentalness,missing_value,
24404,energy,missing_value,
24411,liveness,missing_value,
24414,valence,outlier_high,1.3074
24420,tempo,missing_value,
24420,speechiness,missing_value,
24426,tempo,missing_value,
24428,loudness,missing_value,
24431,instrumentalness,missing_value,
24436,energy,missing_value,
24443,speechiness,missing_value,
24444,liveness,missing_value,
24444,acousticness,missing_value,
24450,tempo,missing_value,
24451,speechiness,missing_value,
24452,valence,missing_value,
24456,tempo,missing_value,
24458,acousticness,missing_value,
24458,loudness,missing_value,
24458,energy,missing_value,
24459,speechiness,missing_value,
24461,speechiness,missing_value,
24462,energy,outlier_low,-0.0164
24467,liveness,missing_value,
24472,valence,outlier_low,-0.1433
24475,tempo,missing_value,
24475,speechiness,missing_value,
24475,valence,missing_value,
24475,danceability,missing_value,
24477,instrumentalness,missing_value,
24481,instrumentalness,missing_value,
24490,danceability,outlier_low,-0.2402
24490,loudness,missing_value,
24494,speechiness,missing_value,
24494,energy,outlier_high,1.3578
24496,loudness,missing_value,
24499,danceability,missing_value,
24500,acousticness,missing_value,
24502,energy,missing_value,
24507,energy,missing_value,
24508,speechiness,missing_value,
24518,valence,outlier_high,1.3659
24518,liveness,missing_value,
24519,energy,outlier_high,1.1230
24519,tempo,outlier_high,306.8487
24522,tempo,missing_value,
24525,liveness,missing_value,
24526,tempo,missing_value,
24533,acousticness,missing_value,
24540,danceability,missing_value,
24546,acousticness,missing_value,
24546,loudness,missing_value,
24547,danceability,missing_value,
24553,valence,missing_value,
24557,acousticness,missing_value,
24560,energy,missing_value,
24564,speechiness,missing_value,
24568,acousticness,missing_value,
24570,speechiness,missing_value,
24571,speechiness,missing_value,
24572,speechiness,missing_value,
24575,liveness,missing_value,
24576,loudness,missing_value,
24579,acousticness,missing_value,
24579,liveness,missing_value,
24581,instrumentalness,missing_value,
24582,danceability,missing_value,
24583,valence,outlier_low,-0.0263
24586,tempo,outlier_high,316.9674
24588,tempo,missing_value,
24595,valence,missing_value,
24598,instrumentalness,missing_value,
24598,danceability,missing_value,
24601,valence,missing_value,
24602,acousticness,missing_value,
24603,tempo,missing_value,
24608,instrumentalness,missing_value,
24612,danceability,missing_value,
24622,tempo,missing_value,
24624,energy,missing_value,
24624,loudness,missing_value,
24625,valence,missing_value,
24635,acousticness,missing_value,
24635,tempo,missing_value,
24636,tempo,missing_value,
24637,danceability,missing_value,
24638,liveness,missing_value,
24638,acousticness,missing_value,
24640,valence,missing_value,
24642,liveness,missing_value,
24646,acousticness,missing_value,
24646,energy,missing_value,
24652,loudness,missing_value,
24656,danceability,missing_value,
24662,energy,missing_value,
24664,tempo,missing_value,
24677,valence,outlier_low,-0.0346
24680,speechiness,missing_value,
24681,energy,missing_value,
24682,loudness,missing_value,
24683,loudness,missing_value,
24689,valence,missing_value,
24695,acousticness,missing_value,
24695,loudness,missing_value,
24696,energy,missing_value,
24698,energy,missing_value,
24704,liveness,missing_value,
24708,tempo,missing_value,
24715,loudness,missing_value,
24716,energy,missing_value,
24723,energy,outlier_low,-0.0751
24724,energy,missing_value,
24725,energy,missing_value,
24725,speechiness,missing_value,
24727,energy,missing_value,
24730,tempo,missing_value,
24730,instrumentalness,missing_value,
24734,instrumentalness,missing_value,
24743,liveness,missing_value,
24745,tempo,missing_value,
24750,danceability,missing_value,
24754,instrumentalness,missing_value,
24765,speechiness,missing_value,
24765,energy,missing_value,
24767,liveness,missing_value,
24774,tempo,missing_value,
24775,valence,outlier_low,-0.1349
24779,valence,missing_value,
24779,tempo,missing_value,
24788,speechiness,missing_value,
24794,energy,outlier_low,-0.2537
24795,loudness,outlier_low,-86.1701
24798,speechiness,missing_value,
24801,danceability,missing_value,
24804,valence,missing_value,
24810,instrumentalness,missing_value,
24811,instrumentalness,missing_value,
24818,valence,missing_value,
24820,acousticness,missing_value,
24821,liveness,missing_value,
24823,energy,missing_value,
24826,loudness,missing_value,
24828,danceability,missing_value,
24829,valence,outlier_high,1.3748
24832,loudness,missing_value,
24833,acousticness,missing_value,
24834,danceability,outlier_low,-0.2064
24838,danceability,missing_value,
24840,loudness,missing_value,
24843,speechiness,missing_value,
24849,speechiness,missing_value,
24856,danceability,outlier_low,-0.0973
24860,liveness,missing_value,
24863,loudness,missing_value,
24868,danceability,missing_value,
24871,valence,missing_value,
24876,energy,missing_value,
24876,instrumentalness,missing_value,
24878,acousticness,missing_value,
24882,speechiness,missing_value,
24883,instrumentalness,missing_value,
24885,loudness,missing_value,
24886,danceability,outlier_low,-0.2738
24888,speechiness,missing_value,
24890,tempo,missing_value,
24901,tempo,missing_value,
24902,tempo,missing_value,
24902,speechiness,missing_value,
24907,tempo,outlier_low,12.3943
24911,instrumentalness,missing_value,
24911,tempo,missing_value,
24911,energy,outlier_low,-0.0957
24912,tempo,missing_value,
24914,danceability,outlier_low,-0.0266
24916,instrumentalness,missing_value,
24919,loudness,outlier_high,7.9974
24919,instrumentalness,missing_value,
24920,liveness,missing_value,
24920,valence,missing_value,
24923,speechiness,missing_value,
24923,loudness,outlier_low,-74.5416
24926,acousticness,missing_value,
24936,danceability,missing_value,
24941,valence,missing_value,
24955,instrumentalness,missing_value,
24957,liveness,missing_value,
24960,instrumentalness,missing_value,
24988,danceability,missing_value,
24992,loudness,outlier_low,-73.3598
24996,liveness,missing_value,
24997,instrumentalness,missing_value,
25001,energy,missing_value,
25002,danceability,missing_value,
25008,acousticness,missing_value,
25008,tempo,missing_value,
25018,energy,outlier_high,1.1460
25019,energy,missing_value,
25020,instrumentalness,missing_value,
25024,acousticness,missing_value,
25025,danceability,outlier_high,1.2243
25026,valence,missing_value,
25030,liveness,missing_value,
25032,valence,missing_value,
25034,valence,missing_value,
25036,loudness,missing_value,
25036,speechiness,missing_value,
25040,energy,missing_value,
25045,speechiness,missing_value,
25046,instrumentalness,missing_value,
25047,speechiness,missing_value,
25048,loudness,missing_value,
25051,valence,missing_value,
25053,speechiness,missing_value,
25055,valence,missing_value,
25063,speechiness,missing_value,
25071,tempo,missing_value,
25075,speechiness,missing_value,
25077,energy,outlier_high,1.3994
25078,loudness,missing_value,
25082,tempo,missing_value,
25083,tempo,missing_value,
25085,speechiness,missing_value,
25086,acousticness,missing_value,
25097,liveness,missing_value,
25102,tempo,missing_value,
25104,danceability,missing_value,
25110,speechiness,missing_value,
25111,instrumentalness,missing_value,
25116,acousticness,missing_value,
25118,tempo,missing_value,
25119,danceability,missing_value,
25121,valence,missing_value,
25124,loudness,missing_value,
25126,energy,missing_value,
25128,acousticness,missing_value,
25141,acousticness,missing_value,
25146,loudness,outlier_low,-75.9781
25149,instrumentalness,missing_value,
25151,instrumentalness,missing_value,
25154,danceability,missing_value,
25160,valence,outlier_high,1.3534
25161,tempo,outlier_low,8.5209
25166,danceability,outlier_high,1.1491
25166,valence,missing_value,
25168,tempo,outlier_high,401.5164
25169,danceability,outlier_low,-0.1455
25177,instrumentalness,missing_value,
25186,instrumentalness,missing_value,
25188,speechiness,missing_value,
25188,danceability,missing_value,
25192,loudness,outlier_high,3.8034
25193,valence,missing_value,
25194,acousticness,missing_value,
25197,danceability,missing_value,
25207,speechiness,missing_value,
25212,instrumentalness,missing_value,
25215,energy,outlier_low,-0.1413
25223,loudness,missing_value,
25223,energy,missing_value,
25224,liveness,missing_value,
25225,liveness,missing_value,
25227,valence,outlier_high,1.3843
25237,danceability,missing_value,
25238,acousticness,missing_value,
25238,valence,missing_value,
25240,tempo,missing_value,
25243,liveness,missing_value,
25243,acousticness,missing_value,
25246,valence,outlier_high,1.3768
25246,danceability,outlier_low,-0.2801
25252,speechiness,missing_value,
25254,valence,missing_value,
25256,valence,missing_value,
25259,speechiness,missing_value,
25262,liveness,missing_value,
25263,acousticness,missing_value,
25265,valence,missing_value,
25268,instrumentalness,missing_value,
25269,energy,missing_value,
25270,valence,outlier_high,1.0567
25271,acousticness,missing_value,
25282,loudness,missing_value,
25284,danceability,missing_value,
25287,danceability,missing_value,
25290,speechiness,missing_value,
25301,danceability,missing_value,
25306,energy,missing_value,
25307,speechiness,missing_value,
25315,danceability,missing_value,
25315,liveness,missing_value,
25322,energy,outlier_low,-0.1964
25328,speechiness,missing_value,
25341,liveness,missing_value,
25341,instrumentalness,missing_value,
25347,danceability,missing_value,
25348,speechiness,missing_value,
25352,speechiness,missing_value,
25353,instrumentalness,missing_value,
25357,danceability,missing_value,
25362,danceability,missing_value,
25363,liveness,missing_value,
25363,speechiness,missing_value,
25369,speechiness,missing_value,
25370,danceability,missing_value,
25381,tempo,missing_value,
25386,acousticness,missing_value,
25388,acousticness,missing_value,
25391,tempo,outlier_high,316.5388
25391,danceability,missing_value,
25392,instrumentalness,missing_value,
25404,liveness,missing_value,
25405,speechiness,missing_value,
25411,valence,missing_value,
25418,tempo,missing_value,
25420,danceability,missing_value,
25421,liveness,missing_value,
25425,tempo,missing_value,
25430,acousticness,missing_value,
25432,danceability,missing_value,
25440,energy,missing_value,
25441,speechiness,missing_value,
25445,danceability,missing_value,
25448,acousticness,missing_value,
25449,liveness,missing_value,
25451,acousticness,missing_value,
25451,speechiness,missing_value,
25451,instrumentalness,missing_value,
25457,tempo,missing_value,
25471,danceability,missing_value,
25473,energy,missing_value,
25474,energy,missing_value,
25475,liveness,missing_value,
25476,liveness,missing_value,
25478,danceability,missing_value,
25481,valence,missing_value,
25501,danceability,missing_value,
25503,speechiness,missing_value,
25506,speechiness,missing_value,
25511,danceability,missing_value,
25516,danceability,missing_value,
25517,energy,missing_value,
25522,danceability,missing_value,
25523,valence,outlier_low,-0.2692
25527,acousticness,missing_value,
25530,instrumentalness,missing_value,
25536,loudness,missing_value,
25539,instrumentalness,missing_value,
25540,tempo,missing_value,
25542,instrumentalness,missing_value,
25542,speechiness,missing_value,
25544,valence,missing_value,
25545,valence,missing_value,
25548,loudness,missing_value,
25565,tempo,missing_value,
25566,energy,missing_value,
25567,danceability,outlier_low,-0.1155
25578,valence,missing_value,
25584,instrumentalness,missing_value,
25600,acousticness,missing_value,
25601,tempo,outlier_low,13.6416
25603,danceability,missing_value,
25605,energy,missing_value,
25610,instrumentalness,missing_value,
25611,acousticness,missing_value,
25620,tempo,missing_value,
25624,liveness,missing_value,
25630,acousticness,missing_value,
25630,energy,outlier_low,-0.0783
25630,liveness,missing_value,
25637,danceability,missing_value,
25646,loudness,missing_value,
25647,speechiness,missing_value,
25650,instrumentalness,missing_value,
25651,tempo,missing_value,
25656,instrumentalness,missing_value,
25657,speechiness,missing_value,
25664,speechiness,missing_value,
25669,loudness,missing_value,
25674,loudness,missing_value,
25680,liveness,missing_value,
25684,energy,missing_value,
25686,tempo,missing_value,
25687,danceability,outlier_high,1.2296
25688,tempo,missing_value,
25691,instrumentalness,missing_value,
25701,speechiness,missing_value,
25707,liveness,missing_value,
25708,acousticness,missing_value,
25711,liveness,missing_value,
25713,tempo,missing_value,
25717,danceability,missing_value,
25718,acousticness,missing_value,
25722,acousticness,missing_value,
25723,acousticness,missing_value,
25724,energy,missing_value,
25730,instrumentalness,missing_value,
25731,valence,outlier_high,1.2895
25732,acousticness,missing_value,
25733,speechiness,missing_value,
25733,loudness,missing_value,
25736,speechiness,missing_value,
25739,liveness,missing_value,
25743,liveness,missing_value,
25745,speechiness,missing_value,
25752,speechiness,missing_value,
25753,tempo,outlier_low,8.8487
25753,speechiness,missing_value,
25753,danceability,missing_value,
25754,tempo,missing_value,
25756,energy,missing_value,
25757,valence,missing_value,
25758,energy,missing_value,
25764,tempo,missing_value,
25766,danceability,missing_value,
25771,speechiness,missing_value,
25776,energy,missing_value,
25779,instrumentalness,missing_value,
25779,acousticness,missing_value,
25785,speechiness,missing_value,
25787,danceability,missing_value,
25787,acousticness,missing_value,
25788,acousticness,missing_value,
25788,loudness,outlier_high,9.3169
25791,valence,missing_value,
25791,loudness,missing_value,
25791,liveness,missing_value,
25791,danceability,missing_value,
25792,tempo,missing_value,
25793,speechiness,missing_value,
25796,speechiness,missing_value,
25796,danceability,missing_value,
25815,valence,outlier_high,1.1480
25823,danceability,missing_value,
25825,valence,missing_value,
25827,tempo,outlier_high,321.8344
25829,energy,missing_value,
25832,instrumentalness,missing_value,
25833,acousticness,missing_value,
25833,speechiness,missing_value,
25839,liveness,missing_value,
25843,tempo,missing_value,
25849,tempo,missing_value,
25853,speechiness,missing_value,
25857,danceability,missing_value,
25859,acousticness,missing_value,
25868,acousticness,missing_value,
25868,energy,missing_value,
25872,instrumentalness,missing_value,
25874,tempo,outlier_high,367.5212
25874,speechiness,missing_value,
25881,liveness,missing_value,
25882,loudness,missing_value,
25883,energy,missing_value,
25884,tempo,missing_value,
25886,instrumentalness,missing_value,
25886,danceability,missing_value,
25897,instrumentalness,missing_value,
25897,tempo,missing_value,
25900,liveness,missing_value,
25901,liveness,missing_value,
25905,valence,missing_value,
25907,valence,missing_value,
25914,valence,missing_value,
25917,liveness,missing_value,
25920,instrumentalness,missing_value,
25923,loudness,missing_value,
25930,liveness,missing_value,
25941,acousticness,missing_value,
25944,speechiness,missing_value,
25944,valence,missing_value,
25945,speechiness,missing_value,
25951,liveness,missing_value,
25958,danceability,outlier_high,1.1824
25959,tempo,missing_value,
25964,danceability,missing_value,
25967,loudness,outlier_low,-73.7592
25968,acousticness,missing_value,
25970,energy,missing_value,
25971,instrumentalness,missing_value,
25973,tempo,missing_value,
25981,loudness,missing_value,
25982,danceability,missing_value,
25982,instrumentalness,missing_value,
25984,energy,outlier_low,-0.1281
25988,danceability,missing_value,
25993,instrumentalness,missing_value,
25993,liveness,missing_value,
25994,loudness,missing_value,
26001,acousticness,missing_value,
26001,energy,missing_value,
26002,energy,missing_value,
26003,energy,missing_value,
26004,energy,missing_value,
26010,valence,outlier_low,-0.1786
26019,liveness,missing_value,
26022,loudness,missing_value,
26029,acousticness,missing_value,
26030,tempo,missing_value,
26033,loudness,missing_value,
26036,energy,outlier_low,-0.0926
26046,liveness,missing_value,
26046,instrumentalness,missing_value,
26051,valence,missing_value,
26053,loudness,outlier_low,-70.7438
26053,acousticness,missing_value,
26057,instrumentalness,missing_value,
26060,energy,missing_value,
26060,instrumentalness,missing_value,
26069,acousticness,missing_value,
26073,energy,missing_value,
26074,danceability,outlier_low,-0.0145
26076,energy,missing_value,
26077,acousticness,missing_value,
26078,instrumentalness,missing_value,
26079,loudness,missing_value,
26081,tempo,missing_value,
26083,energy,missing_value,
26095,tempo,missing_value,
26098,acousticness,missing_value,
26101,instrumentalness,missing_value,
26106,loudness,missing_value,
26110,valence,missing_value,
26112,energy,outlier_high,1.4082
26114,loudness,missing_value,
26118,energy,missing_value,
26119,acousticness,missing_value,
26122,loudness,missing_value,
26126,liveness,missing_value,
26128,acousticness,missing_value,
26130,liveness,missing_value,
26137,acousticness,missing_value,
26137,speechiness,missing_value,
26146,energy,outlier_high,1.3205
26152,speechiness,missing_value,
26154,tempo,outlier_low,9.0937
26161,instrumentalness,missing_value,
26163,liveness,missing_value,
26164,valence,missing_value,
26166,speechiness,missing_value,
26167,acousticness,missing_value,
26177,loudness,missing_value,
26179,tempo,missing_value,
26183,loudness,outlier_low,-83.1414
26187,instrumentalness,missing_value,
26187,liveness,missing_value,
26188,speechiness,missing_value,
26199,loudness,outlier_low,-84.3543
26199,acousticness,missing_value,
26200,liveness,missing_value,
26212,instrumentalness,missing_value,
26216,tempo,missing_value,
26216,loudness,missing_value,
26217,loudness,missing_value,
26223,liveness,missing_value,
26224,energy,missing_value,
26226,valence,outlier_low,-0.0701
26227,instrumentalness,missing_value,
26231,loudness,missing_value,
26232,loudness,outlier_high,6.4632
26238,valence,missing_value,
26245,instrumentalness,missing_value,
26246,liveness,missing_value,
26248,liveness,missing_value,
26248,valence,missing_value,
26251,energy,missing_value,
26254,danceability,missing_value,
26255,instrumentalness,missing_value,
26255,loudness,missing_value,
26257,instrumentalness,missing_value,
26258,energy,missing_value,
26264,danceability,missing_value,
26267,tempo,missing_value,
26268,loudness,outlier_high,5.2616
26269,acousticness,missing_value,
26270,loudness,missing_value,
26272,valence,missing_value,
26273,valence,missing_value,
26275,energy,missing_value,
26282,energy,missing_value,
26284,speechiness,missing_value,
26284,valence,missing_value,
26286,loudness,missing_value,
26287,danceability,outlier_high,1.0835
26287,loudness,missing_value,
26290,acousticness,missing_value,
26292,instrumentalness,missing_value,
26296,tempo,missing_value,
26301,speechiness,missing_value,
26302,speechiness,missing_value,
26302,liveness,missing_value,
26303,instrumentalness,missing_value,
26305,loudness,missing_value,
26311,energy,outlier_low,-0.1241
26319,danceability,missing_value,
26326,speechiness,missing_value,
26326,energy,missing_value,
26326,danceability,missing_value,
26327,energy,outlier_low,-0.2978
26328,danceability,missing_value,
26338,danceability,missing_value,
26339,valence,missing_value,
26350,acousticness,missing_value,
26363,loudness,missing_value,
26366,danceability,missing_value,
26370,danceability,missing_value,
26370,energy,missing_value,
26371,loudness,missing_value,
26371,speechiness,missing_value,
26373,speechiness,missing_value,
26373,danceability,missing_value,
26379,energy,missing_value,
26380,speechiness,missing_value,
26383,acousticness,missing_value,
26386,acousticness,missing_value,
26386,danceability,missing_value,
26392,tempo,outlier_high,354.0253
26392,valence,missing_value,
26396,acousticness,missing_value,
26397,loudness,outlier_low,-79.4053
26399,tempo,missing_value,
26403,energy,missing_value,
26408,danceability,missing_value,
26420,speechiness,missing_value,
26421,liveness,missing_value,
26426,valence,missing_value,
26428,danceability,missing_value,
26434,tempo,missing_value,
26439,liveness,missing_value,
26441,danceability,missing_value,
26442,acousticness,missing_value,
26443,danceability,missing_value,
26444,speechiness,missing_value,
26451,valence,missing_value,
26457,loudness,outlier_high,2.7441
26460,loudness,missing_value,
26460,tempo,missing_value,
26464,valence,outlier_high,1.1779
26469,liveness,missing_value,
26475,acousticness,missing_value,
26477,energy,missing_value,
26479,liveness,missing_value,
26483,speechiness,missing_value,
26487,tempo,missing_value,
26490,valence,missing_value,
26499,tempo,missing_value,
26504,tempo,missing_value,
26507,acousticness,missing_value,
26509,acousticness,missing_value,
26516,danceability,missing_value,
26519,loudness,outlier_high,8.7782
26533,acousticness,missing_value,
26534,speechiness,missing_value,
26537,acousticness,missing_value,
26546,danceability,missing_value,
26553,tempo,outlier_low,6.1018
26559,energy,outlier_high,1.4651
26561,loudness,outlier_low,-73.3549
26564,liveness,missing_value,
26568,energy,missing_value,
26568,loudness,missing_value,
26575,tempo,outlier_high,394.3129
26577,danceability,missing_value,
26578,valence,missing_value,
26579,liveness,missing_value,
26580,danceability,missing_value,
26581,speechiness,missing_value,
26582,energy,missing_value,
26583,danceability,outlier_low,-0.1605
26589,loudness,missing_value,
26589,danceability,missing_value,
26593,danceability,missing_value,
26595,danceability,missing_value,
26598,acousticness,missing_value,
26602,energy,outlier_high,1.4895
26602,danceability,outlier_low,-0.0902
26606,speechiness,missing_value,
26607,loudness,missing_value,
26607,speechiness,missing_value,
26608,tempo,missing_value,
26612,energy,outlier_high,1.1494
26614,speechiness,missing_value,
26616,valence,outlier_high,1.1380
26617,danceability,missing_value,
26621,valence,missing_value,
26621,energy,missing_value,
26623,acousticness,missing_value,
26640,liveness,missing_value,
26641,loudness,outlier_low,-72.1786
26643,speechiness,missing_value,
26644,instrumentalness,missing_value,
26648,danceability,missing_value,
26650,acousticness,missing_value,
26652,danceability,missing_value,
26652,energy,missing_value,
26654,liveness,missing_value,
26654,tempo,missing_value,
26661,liveness,missing_value,
26664,tempo,missing_value,
26668,valence,outlier_high,1.0742
26668,energy,missing_value,
26674,valence,missing_value,
26676,valence,missing_value,
26681,liveness,missing_value,
26683,energy,missing_value,
26686,acousticness,missing_value,
26687,loudness,outlier_low,-77.8496
26688,loudness,outlier_low,-74.8914
26690,instrumentalness,missing_value,
26690,valence,missing_value,
26691,instrumentalness,missing_value,
26696,liveness,missing_value,
26701,valence,missing_value,
26702,loudness,outlier_low,-79.5966
26704,liveness,missing_value,
26705,energy,outlier_high,1.0966
26706,energy,missing_value,
26707,valence,missing_value,
26710,energy,missing_value,
26712,tempo,missing_value,
26715,speechiness,missing_value,
26723,acousticness,missing_value,
26727,danceability,outlier_high,1.4738
26732,tempo,missing_value,
26733,loudness,missing_value,
26733,energy,missing_value,
26737,acousticness,missing_value,
26737,loudness,outlier_low,-72.3544
26737,tempo,missing_value,
26742,valence,missing_value,
26744,danceability,missing_value,
26746,tempo,missing_value,
26749,loudness,missing_value,
26749,acousticness,missing_value,
26756,loudness,missing_value,
26759,speechiness,missing_value,
26766,loudness,missing_value,
26771,energy,missing_value,
26772,liveness,missing_value,
26773,energy,missing_value,
26776,instrumentalness,missing_value,
26776,acousticness,missing_value,
26777,acousticness,missing_value,
26781,energy,missing_value,
26785,danceability,outlier_high,1.0558
26785,loudness,missing_value,
26790,loudness,missing_value,
26797,acousticness,missing_value,
26797,tempo,missing_value,
26800,liveness,missing_value,
26801,acousticness,missing_value,
26801,loudness,missing_value,
26801,valence,missing_value,
26802,speechiness,missing_value,
26809,tempo,missing_value,
26809,energy,missing_value,
26815,loudness,missing_value,
26819,acousticness,missing_value,
26820,loudness,missing_value,
26825,loudness,missing_value,
26832,loudness,missing_value,
26839,tempo,missing_value,
26847,tempo,missing_value,
26847,liveness,missing_value,
26857,danceability,missing_value,
26861,liveness,missing_value,
26876,valence,missing_value,
26879,instrumentalness,missing_value,
26880,acousticness,missing_value,
26882,acousticness,missing_value,
26883,loudness,missing_value,
26884,valence,outlier_low,-0.2414
26885,energy,missing_value,
26885,danceability,missing_value,
26889,speechiness,missing_value,
26891,danceability,missing_value,
26891,loudness,missing_value,
26894,instrumentalness,missing_value,
26898,danceability,missing_value,
26899,speechiness,missing_value,
26899,instrumentalness,missing_value,
26901,liveness,missing_value,
26905,liveness,missing_value,
26907,acousticness,missing_value,
26913,acousticness,missing_value,
26920,instrumentalness,missing_value,
26921,energy,missing_value,
26922,acousticness,missing_value,
26923,speechiness,missing_value,
26926,danceability,missing_value,
26927,danceability,missing_value,
26928,valence,outlier_high,1.3474
26932,energy,missing_value,
26935,valence,missing_value,
26936,danceability,missing_value,
26937,energy,missing_value,
26941,valence,missing_value,
26945,valence,missing_value,
26950,speechiness,missing_value,
26952,instrumentalness,missing_value,
26959,speechiness,missing_value,
26963,liveness,missing_value,
26963,valence,missing_value,
26964,speechiness,missing_value,
26964,valence,missing_value,
26965,instrumentalness,missing_value,
26968,speechiness,missing_value,
26969,danceability,outlier_high,1.0513
26977,danceability,outlier_low,-0.0955
26978,danceability,outlier_low,-0.2432
26979,acousticness,missing_value,
26979,liveness,missing_value,
26980,energy,missing_value,
26981,speechiness,missing_value,
26984,instrumentalness,missing_value,
26985,speechiness,missing_value,
26986,valence,missing_value,
26989,valence,missing_value,
26991,loudness,missing_value,
26997,liveness,missing_value,
26999,instrumentalness,missing_value,
27004,valence,missing_value,
27009,valence,missing_value,
27010,speechiness,missing_value,
27011,liveness,missing_value,
27011,instrumentalness,missing_value,
27017,speechiness,missing_value,
27019,danceability,missing_value,
27020,valence,missing_value,
27022,valence,outlier_high,1.1525
27026,danceability,missing_value,
27033,energy,missing_value,
27037,energy,missing_value,
27046,loudness,missing_value,
27052,tempo,outlier_low,8.5313
27060,speechiness,missing_value,
27061,loudness,missing_value,
27066,instrumentalness,missing_value,
27068,valence,missing_value,
27068,danceability,missing_value,
27069,danceability,outlier_high,1.3745
27069,speechiness,missing_value,
27072,valence,missing_value,
27073,valence,outlier_high,1.3493
27076,danceability,missing_value,
27078,danceability,missing_value,
27079,instrumentalness,missing_value,
27081,valence,outlier_high,1.3657
27083,instrumentalness,missing_value,
27086,speechiness,missing_value,
27091,loudness,missing_value,
27092,liveness,missing_value,
27099,liveness,missing_value,
27101,loudness,outlier_low,-77.7657
27102,danceability,missing_value,
27120,valence,missing_value,
27122,instrumentalness,missing_value,
27126,energy,missing_value,
27126,valence,missing_value,
27128,valence,missing_value,
27129,speechiness,missing_value,
27132,energy,missing_value,
27137,energy,missing_value,
27139,energy,missing_value,
27152,energy,outlier_high,1.4920
27156,speechiness,missing_value,
27160,loudness,missing_value,
27172,valence,missing_value,
27172,tempo,outlier_high,377.9354
27173,liveness,missing_value,
27175,acousticness,missing_value,
27175,speechiness,missing_value,
27176,loudness,outlier_high,2.5945
27177,tempo,missing_value,
27179,speechiness,missing_value,
27180,speechiness,missing_value,
27183,tempo,missing_value,
27186,tempo,missing_value,
27191,loudness,missing_value,
27191,instrumentalness,missing_value,
27192,loudness,missing_value,
27197,energy,missing_value,
27201,tempo,missing_value,
27209,speechiness,missing_value,
27209,tempo,outlier_low,14.7554
27209,danceability,missing_value,
27210,loudness,missing_value,
27211,tempo,missing_value,
27212,danceability,missing_value,
27215,tempo,missing_value,
27216,loudness,missing_value,
27216,acousticness,missing_value,
27218,danceability,missing_value,
27218,liveness,missing_value,
27220,speechiness,missing_value,
27225,instrumentalness,missing_value,
27230,tempo,missing_value,
27231,speechiness,missing_value,
27231,instrumentalness,missing_value,
27237,liveness,missing_value,
27242,valence,missing_value,
27243,speechiness,missing_value,
27246,liveness,missing_value,
27247,speechiness,missing_value,
27248,danceability,missing_value,
27251,acousticness,missing_value,
27258,loudness,missing_value,
27261,loudness,outlier_low,-81.7249
27261,energy,missing_value,
27263,liveness,missing_value,
27271,energy,missing_value,
27272,speechiness,missing_value,
27274,tempo,missing_value,
27275,speechiness,missing_value,
27279,speechiness,missing_value,
27282,liveness,missing_value,
27285,speechiness,missing_value,
27291,danceability,missing_value,
27308,tempo,missing_value,
27310,energy,missing_value,
27315,tempo,missing_value,
27315,instrumentalness,missing_value,
27319,loudness,outlier_low,-82.6527
27320,liveness,missing_value,
27321,loudness,missing_value,
27322,danceability,missing_value,
27323,speechiness,missing_value,
27325,valence,missing_value,
27333,acousticness,missing_value,
27336,instrumentalness,missing_value,
27345,acousticness,missing_value,
27350,danceability,outlier_low,-0.0676
27352,loudness,missing_value,
27357,valence,missing_value,
27362,tempo,missing_value,
27367,danceability,missing_value,
27367,valence,missing_value,
27368,valence,missing_value,
27369,instrumentalness,missing_value,
27369,tempo,missing_value,
27372,acousticness,missing_value,
27373,danceability,outlier_high,1.4039
27373,loudness,outlier_low,-87.1103
27379,acousticness,missing_value,
27381,danceability,missing_value,
27382,liveness,missing_value,
27388,valence,missing_value,
27395,danceability,missing_value,
27403,danceability,missing_value,
27413,tempo,missing_value,
27421,liveness,missing_value,
27425,liveness,missing_value,
27425,speechiness,missing_value,
27427,valence,missing_value,
27437,energy,outlier_high,1.2720
27440,loudness,missing_value,
27440,energy,missing_value,
27442,acousticness,missing_value,
27449,energy,missing_value,
27450,energy,missing_value,
27450,liveness,missing_value,
27458,liveness,missing_value,
27459,loudness,outlier_low,-80.2413
27459,speechiness,missing_value,
27460,valence,missing_value,
27465,loudness,missing_value,
27473,tempo,missing_value,
27475,liveness,missing_value,
27484,acousticness,missing_value,
27493,valence,outlier_high,1.0793
27494,tempo,missing_value,
27496,danceability,missing_value,
27496,tempo,missing_value,
27499,liveness,missing_value,
27503,acousticness,missing_value,
27504,liveness,missing_value,
27504,instrumentalness,missing_value,
27509,instrumentalness,missing_value,
27509,loudness,missing_value,
27511,valence,outlier_high,1.2539
27511,loudness,missing_value,
27512,loudness,missing_value,
27512,liveness,missing_value,
27516,energy,missing_value,
27517,acousticness,missing_value,
27522,valence,missing_value,
27525,valence,missing_value,
27525,instrumentalness,missing_value,
27527,danceability,missing_value,
27529,liveness,missing_value,
27531,acousticness,missing_value,
27532,tempo,missing_value,
27536,speechiness,missing_value,
27543,energy,missing_value,
27543,tempo,missing_value,
27551,instrumentalness,missing_value,
27554,loudness,missing_value,
27555,valence,missing_value,
27570,liveness,missing_value,
27574,acousticness,missing_value,
27575,valence,outlier_low,-0.0691
27576,tempo,missing_value,
27585,speechiness,missing_value,
27589,loudness,missing_value,
27592,instrumentalness,missing_value,
27593,tempo,missing_value,
27597,tempo,missing_value,
27599,tempo,missing_value,
27600,loudness,outlier_low,-83.0004
27601,energy,outlier_low,-0.1393
27607,energy,missing_value,
27613,tempo,outlier_low,10.1693
27613,instrumentalness,missing_value,
27620,energy,missing_value,
27621,valence,missing_value,
27625,valence,missing_value,
27628,loudness,missing_value,
27632,tempo,missing_value,
27641,speechiness,missing_value,
27642,energy,missing_value,
27646,danceability,missing_value,
27646,valence,missing_value,
27647,speechiness,missing_value,
27652,danceability,missing_value,
27653,acousticness,missing_value,
27658,liveness,missing_value,
27660,danceability,missing_value,
27664,speechiness,missing_value,
27665,acousticness,missing_value,
27668,tempo,missing_value,
27669,speechiness,missing_value,
27673,acousticness,missing_value,
27679,liveness,missing_value,
27684,loudness,missing_value,
27687,speechiness,missing_value,
27690,liveness,missing_value,
27692,liveness,missing_value,
27694,loudness,missing_value,
27704,energy,missing_value,
27714,danceability,missing_value,
27723,liveness,missing_value,
27726,instrumentalness,missing_value,
27728,liveness,missing_value,
27729,liveness,missing_value,
27731,liveness,missing_value,
27738,danceability,outlier_low,-0.1482
27738,speechiness,missing_value,
27741,acousticness,missing_value,
27746,instrumentalness,missing_value,
27748,loudness,missing_value,
27749,instrumentalness,missing_value,
27753,valence,outlier_high,1.3634
27755,tempo,outlier_low,14.5430
27755,valence,missing_value,
27756,acousticness,missing_value,
27757,loudness,missing_value,
27758,acousticness,missing_value,
27759,energy,missing_value,
27759,tempo,outlier_low,10.2851
27765,energy,outlier_high,1.2623
27766,loudness,missing_value,
27768,speechiness,missing_value,
27779,acousticness,missing_value,
27782,danceability,missing_value,
27786,tempo,missing_value,
27789,liveness,missing_value,
27796,tempo,missing_value,
27798,acousticness,missing_value,
27799,valence,missing_value,
27801,valence,missing_value,
27805,energy,missing_value,
27805,loudness,missing_value,
27808,valence,outlier_low,-0.2523
27813,instrumentalness,missing_value,
27820,tempo,outlier_high,366.4766
27821,liveness,missing_value,
27823,instrumentalness,missing_value,
27823,valence,missing_value,
27823,danceability,missing_value,
27826,instrumentalness,missing_value,
27833,danceability,missing_value,
27835,danceability,outlier_high,1.4799
27841,valence,missing_value,
27841,speechiness,missing_value,
27843,acousticness,missing_value,
27851,energy,outlier_low,-0.1270
27853,loudness,missing_value,
27854,energy,missing_value,
27856,energy,missing_value,
27858,tempo,outlier_low,14.7359
27861,acousticness,missing_value,
27861,valence,missing_value,
27861,danceability,missing_value,
27865,danceability,outlier_high,1.2809
27869,loudness,missing_value,
27869,energy,missing_value,
27870,instrumentalness,missing_value,
27886,tempo,outlier_high,302.0532
27889,speechiness,missing_value,
27893,acousticness,missing_value,
27895,liveness,missing_value,
27897,energy,missing_value,
27898,loudness,missing_value,
27901,danceability,missing_value,
27903,instrumentalness,missing_value,
27911,valence,outlier_low,-0.2466
27916,tempo,outlier_low,1.9290
27919,speechiness,missing_value,
27920,instrumentalness,missing_value,
27921,speechiness,missing_value,
27925,danceability,missing_value,
27926,danceability,missing_value,
27929,liveness,missing_value,
27930,liveness,missing_value,
27934,liveness,missing_value,
27938,tempo,missing_value,
27943,tempo,missing_value,
27945,valence,outlier_low,-0.0779
27951,tempo,missing_value,
27955,loudness,missing_value,
27957,loudness,missing_value,
27958,loudness,outlier_high,2.1957
27958,tempo,missing_value,
27961,tempo,missing_value,
27962,valence,missing_value,
27964,speechiness,missing_value,
27966,valence,missing_value,
27967,loudness,missing_value,
27967,valence,missing_value,
27978,tempo,missing_value,
27983,speechiness,missing_value,
27990,tempo,outlier_low,11.5982
27992,tempo,missing_value,
27992,danceability,missing_value,
28000,energy,missing_value,
28004,speechiness,missing_value,
28004,acousticness,missing_value,
28006,tempo,outlier_high,323.8061
28010,danceability,missing_value,
28010,speechiness,missing_value,
28013,loudness,missing_value,
28013,acousticness,missing_value,
28014,danceability,outlier_high,1.0845
28021,valence,outlier_high,1.1618
28022,energy,missing_value,
28024,danceability,missing_value,
28025,energy,missing_value,
28028,acousticness,missing_value,
28030,loudness,missing_value,
28037,tempo,outlier_low,10.9299
28038,danceability,missing_value,
28039,speechiness,missing_value,
28040,loudness,missing_value,
28042,danceability,missing_value,
28049,liveness,missing_value,
28050,valence,missing_value,
28052,liveness,missing_value,
28052,speechiness,missing_value,
28069,loudness,missing_value,
28070,energy,outlier_high,1.3901
28073,speechiness,missing_value,
28084,energy,missing_value,
28085,danceability,missing_value,
28088,liveness,missing_value,
28090,energy,missing_value,
28109,acousticness,missing_value,
28111,energy,missing_value,
28117,speechiness,missing_value,
28119,instrumentalness,missing_value,
28125,tempo,missing_value,
28126,speechiness,missing_value,
28137,instrumentalness,missing_value,
28139,danceability,missing_value,
28141,danceability,missing_value,
28152,tempo,missing_value,
28157,loudness,outlier_high,1.3032
28160,loudness,missing_value,
28163,danceability,missing_value,
28165,acousticness,missing_value,
28174,liveness,missing_value,
28174,danceability,missing_value,
28187,speechiness,missing_value,
28189,valence,missing_value,
28202,energy,outlier_low,-0.2750
28204,energy,missing_value,
28205,valence,missing_value,
28207,speechiness,missing_value,
28212,valence,missing_value,
28214,tempo,missing_value,
28216,instrumentalness,missing_value,
28220,loudness,missing_value,
28222,danceability,missing_value,
28222,loudness,missing_value,
28224,valence,missing_value,
28225,acousticness,missing_value,
28226,energy,missing_value,
28228,instrumentalness,missing_value,
28229,tempo,missing_value,
28232,danceability,outlier_high,1.4606
28234,loudness,missing_value,
28235,danceability,missing_value,
28237,danceability,outlier_high,1.2376
28237,liveness,missing_value,
28238,instrumentalness,missing_value,
28239,acousticness,missing_value,
28240,loudness,outlier_high,6.5494
28242,tempo,missing_value,
28244,danceability,missing_value,
28246,instrumentalness,missing_value,
28247,tempo,missing_value,
28249,speechiness,missing_value,
28251,loudness,missing_value,
28254,tempo,missing_value,
28255,acousticness,missing_value,
28255,tempo,missing_value,
28256,valence,missing_value,
28258,energy,missing_value,
28266,speechiness,missing_value,
28269,danceability,missing_value,
28269,speechiness,missing_value,
28272,energy,outlier_high,1.3463
28273,tempo,missing_value,
28278,speechiness,missing_value,
28282,liveness,missing_value,
28286,acousticness,missing_value,
28287,loudness,missing_value,
28298,instrumentalness,missing_value,
28307,liveness,missing_value,
28307,loudness,missing_value,
28308,acousticness,missing_value,
28310,valence,missing_value,
28314,tempo,missing_value,
28317,valence,missing_value,
28325,instrumentalness,missing_value,
28326,loudness,missing_value,
28332,valence,missing_value,
28336,energy,missing_value,
28337,instrumentalness,missing_value,
28337,acousticness,missing_value,
28342,loudness,missing_value,
28344,loudness,missing_value,
28345,acousticness,missing_value,
28348,liveness,missing_value,
28350,loudness,missing_value,
28355,speechiness,missing_value,
28358,acousticness,missing_value,
28365,loudness,missing_value,
28367,instrumentalness,missing_value,
28369,energy,missing_value,
28370,speechiness,missing_value,
28371,valence,outlier_high,1.4324
28373,energy,outlier_low,-0.1779
28374,liveness,missing_value,
28375,liveness,missing_value,
28376,acousticness,missing_value,
28377,speechiness,missing_value,
28385,danceability,missing_value,
28390,valence,missing_value,
28391,energy,outlier_high,1.4900
28392,acousticness,missing_value,
28394,instrumentalness,missing_value,
28397,energy,missing_value,
28399,energy,outlier_low,-0.2469
28411,instrumentalness,missing_value,
28416,acousticness,missing_value,
28419,instrumentalness,missing_value,
28427,danceability,missing_value,
28445,instrumentalness,missing_value,
28447,valence,missing_value,
28450,energy,missing_value,
28453,acousticness,missing_value,
28454,energy,missing_value,
28457,speechiness,missing_value,
28457,valence,outlier_high,1.2470
28458,acousticness,missing_value,
28461,liveness,missing_value,
28468,instrumentalness,missing_value,
28469,liveness,missing_value,
28472,liveness,missing_value,
28473,instrumentalness,missing_value,
28474,danceability,missing_value,
28479,instrumentalness,missing_value,
28481,speechiness,missing_value,
28488,liveness,missing_value,
28488,energy,missing_value,
28490,energy,outlier_low,-0.0998
28492,instrumentalness,missing_value,
28495,valence,outlier_low,-0.2085
28496,tempo,outlier_high,390.5538
28496,loudness,outlier_low,-82.1317
28497,energy,missing_value,
28499,danceability,missing_value,
28504,acousticness,missing_value,
28507,acousticness,missing_value,
28507,valence,missing_value,
28508,valence,missing_value,
28519,tempo,outlier_low,13.4566
28523,loudness,missing_value,
28530,acousticness,missing_value,
28532,speechiness,missing_value,
28537,liveness,missing_value,
28539,speechiness,missing_value,
28540,danceability,missing_value,
28543,instrumentalness,missing_value,
28545,loudness,missing_value,
28546,tempo,missing_value,
28558,valence,outlier_low,-0.1829
28562,acousticness,missing_value,
28567,loudness,missing_value,
28569,tempo,missing_value,
28570,speechiness,missing_value,
28571,tempo,missing_value,
28573,tempo,missing_value,
28575,valence,missing_value,
28579,danceability,missing_value,
28582,liveness,missing_value,
28582,valence,missing_value,
28586,danceability,outlier_high,1.2906
28594,loudness,missing_value,
28598,danceability,missing_value,
28605,speechiness,missing_value,
28605,loudness,missing_value,
28606,valence,outlier_low,-0.2415
28607,speechiness,missing_value,
28614,liveness,missing_value,
28616,speechiness,missing_value,
28619,instrumentalness,missing_value,
28620,loudness,missing_value,
28622,valence,missing_value,
28622,instrumentalness,missing_value,
28626,energy,outlier_low,-0.1862
28627,loudness,missing_value,
28627,instrumentalness,missing_value,
28631,instrumentalness,missing_value,
28636,loudness,missing_value,
28641,tempo,missing_value,
28643,instrumentalness,missing_value,
28645,energy,missing_value,
28647,valence,missing_value,
28652,energy,missing_value,
28652,loudness,missing_value,
28654,acousticness,missing_value,
28655,acousticness,missing_value,
28656,tempo,outlier_high,404.4930
28660,instrumentalness,missing_value,
28662,danceability,missing_value,
28666,tempo,outlier_high,382.5291
28668,tempo,outlier_low,2.4609
28674,danceability,missing_value,
28683,valence,outlier_high,1.1200
28686,liveness,missing_value,
28690,valence,missing_value,
28690,instrumentalness,missing_value,
28697,valence,missing_value,
28697,acousticness,missing_value,
28700,instrumentalness,missing_value,
28704,speechiness,missing_value,
28705,loudness,missing_value,
28710,tempo,missing_value,
28716,danceability,missing_value,
28719,speechiness,missing_value,
28724,acousticness,missing_value,
28724,energy,outlier_low,-0.1310
28726,speechiness,missing_value,
28726,energy,missing_value,
28727,valence,missing_value,
28731,liveness,missing_value,
28736,loudness,missing_value,
28744,danceability,outlier_high,1.2954
28746,danceability,missing_value,
28747,instrumentalness,missing_value,
28757,speechiness,missing_value,
28759,speechiness,missing_value,
28761,speechiness,missing_value,
28766,liveness,missing_value,
28769,loudness,missing_value,
28771,energy,missing_value,
28776,energy,missing_value,
28785,loudness,missing_value,
28789,acousticness,missing_value,
28798,tempo,missing_value,
28801,acousticness,missing_value,
28804,acousticness,missing_value,
28808,speechiness,missing_value,
28813,liveness,missing_value,
28818,tempo,missing_value,
28822,tempo,missing_value,
28823,tempo,missing_value,
28825,danceability,outlier_high,1.4424
28826,valence,outlier_low,-0.0355
28829,danceability,missing_value,
28833,danceability,missing_value,
28836,tempo,missing_value,
28840,energy,outlier_low,-0.2243
28840,loudness,missing_value,
28844,instrumentalness,missing_value,
28846,speechiness,missing_value,
28853,speechiness,missing_value,
28858,speechiness,missing_value,
28858,liveness,missing_value,
28859,acousticness,missing_value,
28859,danceability,outlier_low,-0.0325
28863,liveness,missing_value,
28864,speechiness,missing_value,
28869,acousticness,missing_value,
28869,tempo,missing_value,
28873,loudness,missing_value,
28874,valence,missing_value,
28881,tempo,outlier_low,8.1458
28884,instrumentalness,missing_value,
28889,valence,missing_value,
28890,energy,missing_value,
28891,valence,missing_value,
28891,instrumentalness,missing_value,
28896,danceability,outlier_low,-0.2441
28898,danceability,outlier_low,-0.0129
28901,danceability,missing_value,
28908,valence,outlier_high,1.3651
28910,energy,missing_value,
28918,tempo,missing_value,
28926,acousticness,missing_value,
28926,tempo,outlier_high,399.8916
28935,energy,missing_value,
28936,liveness,missing_value,
28939,instrumentalness,missing_value,
28945,danceability,missing_value,
28945,instrumentalness,missing_value,
28951,tempo,missing_value,
28964,valence,missing_value,
28971,speechiness,missing_value,
28974,acousticness,missing_value,
28976,speechiness,missing_value,
28977,instrumentalness,missing_value,
28980,liveness,missing_value,
28982,valence,outlier_low,-0.2314
28984,energy,missing_value,
28991,acousticness,missing_value,
28993,loudness,missing_value,
28993,danceability,missing_value,
28994,speechiness,missing_value,
28997,acousticness,missing_value,
28999,liveness,missing_value,
29002,speechiness,missing_value,
29004,acousticness,missing_value,
29005,speechiness,missing_value,
29011,acousticness,missing_value,
29014,liveness,missing_value,
29016,tempo,missing_value,
29019,liveness,missing_value,
29024,loudness,outlier_high,8.5261
29031,liveness,missing_value,
29032,loudness,outlier_high,7.7890
29032,danceability,missing_value,
29035,valence,missing_value,
29037,loudness,missing_value,
29041,valence,missing_value,
29043,loudness,missing_value,
29044,tempo,missing_value,
29045,speechiness,missing_value,
29046,liveness,missing_value,
29047,valence,missing_value,
29049,instrumentalness,missing_value,
29054,speechiness,missing_value,
29060,liveness,missing_value,
29061,instrumentalness,missing_value,
29061,energy,missing_value,
29063,acousticness,missing_value,
29067,instrumentalness,missing_value,
29069,liveness,missing_value,
29070,instrumentalness,missing_value,
29070,energy,missing_value,
29071,tempo,outlier_high,309.2126
29073,instrumentalness,missing_value,
29073,acousticness,missing_value,
29073,danceability,outlier_low,-0.2899
29075,valence,missing_value,
29076,valence,missing_value,
29082,liveness,missing_value,
29091,energy,missing_value,
29091,loudness,missing_value,
29095,speechiness,missing_value,
29105,acousticness,missing_value,
29109,energy,outlier_low,-0.0257
29119,energy,outlier_low,-0.1440
29119,acousticness,missing_value,
29121,tempo,missing_value,
29122,valence,missing_value,
29131,danceability,outlier_low,-0.1413
29137,danceability,missing_value,
29142,danceability,missing_value,
29144,danceability,missing_value,
29150,speechiness,missing_value,
29153,energy,missing_value,
29155,speechiness,missing_value,
29155,instrumentalness,missing_value,
29157,instrumentalness,missing_value,
29164,instrumentalness,missing_value,
29165,speechiness,missing_value,
29166,speechiness,missing_value,
29167,energy,missing_value,
29170,loudness,missing_value,
29172,instrumentalness,missing_value,
29172,liveness,missing_value,
29183,danceability,missing_value,
29185,acousticness,missing_value,
29185,loudness,missing_value,
29188,danceability,missing_value,
29189,danceability,missing_value,
29210,tempo,missing_value,
29213,danceability,missing_value,
29215,tempo,outlier_low,9.6926
29216,danceability,missing_value,
29217,tempo,missing_value,
29229,valence,outlier_high,1.2044
29236,loudness,outlier_high,4.7200
29241,valence,missing_value,
29248,energy,missing_value,
29249,valence,missing_value,
29254,loudness,missing_value,
29256,valence,missing_value,
29260,speechiness,missing_value,
29264,danceability,missing_value,
29265,energy,missing_value,
29266,energy,missing_value,
29268,speechiness,missing_value,
29270,loudness,missing_value,
29271,danceability,missing_value,
29272,valence,outlier_high,1.2505
29273,energy,missing_value,
29274,instrumentalness,missing_value,
29280,energy,missing_value,
29280,tempo,outlier_low,9.9991
29281,acousticness,missing_value,
29283,loudness,outlier_high,6.8800
29293,instrumentalness,missing_value,
29295,speechiness,missing_value,
29308,tempo,outlier_low,4.8589
29312,instrumentalness,missing_value,
29314,valence,missing_value,
29316,speechiness,missing_value,
29317,valence,missing_value,
29319,acousticness,missing_value,
29322,danceability,missing_value,
29323,tempo,missing_value,
29326,liveness,missing_value,
29330,liveness,missing_value,
29330,speechiness,missing_value,
29335,danceability,missing_value,
29336,loudness,outlier_high,7.3804
29340,energy,outlier_low,-0.0719
29341,valence,missing_value,
29349,danceability,missing_value,
29349,speechiness,missing_value,
29355,energy,missing_value,
29357,acousticness,missing_value,
29359,instrumentalness,missing_value,
29367,liveness,missing_value,
29369,loudness,missing_value,
29371,liveness,missing_value,
29373,loudness,missing_value,
29374,instrumentalness,missing_value,
29376,tempo,missing_value,
29379,speechiness,missing_value,
29379,acousticness,missing_value,
29385,speechiness,missing_value,
29392,danceability,outlier_high,1.1633
29395,valence,missing_value,
29406,energy,missing_value,
29410,loudness,missing_value,
29420,danceability,outlier_high,1.4383
29424,valence,missing_value,
29425,liveness,missing_value,
29426,danceability,missing_value,
29429,valence,outlier_low,-0.0632
29432,valence,missing_value,
29440,valence,missing_value,
29446,loudness,missing_value,
29448,loudness,missing_value,
29448,valence,missing_value,
29457,instrumentalness,missing_value,
29464,acousticness,missing_value,
29466,danceability,missing_value,
29467,liveness,missing_value,
29470,instrumentalness,missing_value,
29475,valence,outlier_high,1.3513
29482,loudness,missing_value,
29483,energy,missing_value,
29483,acousticness,missing_value,
29486,tempo,missing_value,
29488,acousticness,missing_value,
29494,tempo,missing_value,
29495,valence,missing_value,
29503,instrumentalness,missing_value,
29504,valence,missing_value,
29505,tempo,missing_value,
29505,instrumentalness,missing_value,
29510,tempo,outlier_high,405.0367
29510,danceability,missing_value,
29513,valence,missing_value,
29518,energy,missing_value,
29524,instrumentalness,missing_value,
29528,tempo,missing_value,
29529,valence,missing_value,
29530,energy,missing_value,
29538,tempo,missing_value,
29541,acousticness,missing_value,
29541,loudness,missing_value,
29549,loudness,missing_value,
29550,liveness,missing_value,
29552,liveness,missing_value,
29555,speechiness,missing_value,
29560,danceability,missing_value,
29561,liveness,missing_value,
29563,speechiness,missing_value,
29564,acousticness,missing_value,
29570,speechiness,missing_value,
29577,energy,missing_value,
29580,speechiness,missing_value,
29581,danceability,outlier_low,-0.1362
29583,speechiness,missing_value,
29588,danceability,missing_value,
29588,liveness,missing_value,
29591,speechiness,missing_value,
29592,acousticness,missing_value,
29594,acousticness,missing_value,
29597,liveness,missing_value,
29598,liveness,missing_value,
29605,danceability,missing_value,
29607,acousticness,missing_value,
29636,valence,missing_value,
29648,speechiness,missing_value,
29649,danceability,missing_value,
29652,tempo,missing_value,
29657,tempo,outlier_low,13.8677
29659,danceability,missing_value,
29660,tempo,outlier_low,5.5814
29661,loudness,missing_value,
29667,tempo,missing_value,
29668,danceability,outlier_high,1.3004
29670,acousticness,missing_value,
29673,energy,outlier_high,1.3885
29674,energy,missing_value,
29675,valence,missing_value,
29678,loudness,missing_value,
29679,energy,missing_value,
29680,speechiness,missing_value,
29685,tempo,outlier_high,344.4822
29695,valence,outlier_high,1.3232
29695,liveness,missing_value,
29695,danceability,missing_value,
29703,energy,missing_value,
29707,valence,missing_value,
29712,liveness,missing_value,
29712,instrumentalness,missing_value,
29714,loudness,missing_value,
29718,energy,missing_value,
29720,loudness,missing_value,
29722,danceability,missing_value,
29722,instrumentalness,missing_value,
29729,energy,missing_value,
29731,loudness,missing_value,
29734,instrumentalness,missing_value,
29745,energy,outlier_low,-0.1964
29747,speechiness,missing_value,
29747,liveness,missing_value,
29750,energy,missing_value,
29752,danceability,missing_value,
29756,valence,missing_value,
29756,acousticness,missing_value,
29758,loudness,missing_value,
29767,tempo,missing_value,
29769,acousticness,missing_value,
29772,loudness,missing_value,
29775,valence,missing_value,
29776,speechiness,missing_value,
29778,danceability,outlier_high,1.1817
29779,speechiness,missing_value,
29789,energy,missing_value,
29796,speechiness,missing_value,
29798,liveness,missing_value,
29803,danceability,missing_value,
29804,speechiness,missing_value,
29810,instrumentalness,missing_value,
29813,energy,missing_value,
29819,valence,missing_value,
29820,tempo,outlier_low,7.1932
29820,instrumentalness,missing_value,
29823,loudness,missing_value,
29827,speechiness,missing_value,
29830,acousticness,missing_value,
29830,loudness,missing_value,
29837,liveness,missing_value,
29838,speechiness,missing_value,
29839,speechiness,missing_value,
29844,liveness,missing_value,
29846,acousticness,missing_value,
29850,loudness,outlier_high,5.9570
29850,tempo,missing_value,
29853,danceability,missing_value,
29857,loudness,outlier_high,2.9297
29857,valence,outlier_high,1.4742
29859,danceability,missing_value,
29860,danceability,outlier_low,-0.0780
29860,tempo,missing_value,
29861,liveness,missing_value,
29865,instrumentalness,missing_value,
29872,instrumentalness,missing_value,
29872,valence,outlier_high,1.4699
29875,valence,missing_value,
29880,acousticness,missing_value,
29882,danceability,missing_value,
29885,energy,missing_value,
29885,speechiness,missing_value,
29893,valence,outlier_high,1.2302
29900,danceability,outlier_high,1.3853
29904,instrumentalness,missing_value,
29909,liveness,missing_value,
29913,instrumentalness,missing_value,
29917,loudness,missing_value,
29943,loudness,outlier_high,8.0125
29948,valence,missing_value,
29954,speechiness,missing_value,
29955,acousticness,missing_value,
29955,valence,missing_value,
29959,instrumentalness,missing_value,
29961,valence,missing_value,
29971,loudness,missing_value,
29978,speechiness,missing_value,
29979,energy,missing_value,
29982,valence,missing_value,
29984,acousticness,missing_value,
29989,energy,missing_value,
30000,liveness,missing_value,
30000,danceability,missing_value,
30003,speechiness,missing_value,
30007,instrumentalness,missing_value,
30010,tempo,missing_value,
30011,danceability,missing_value,
30011,speechiness,missing_value,
30013,tempo,missing_value,
30015,instrumentalness,missing_value,
30021,liveness,missing_value,
30022,danceability,missing_value,
30023,energy,missing_value,
30023,danceability,missing_value,
30026,danceability,missing_value,
30028,tempo,missing_value,
30035,liveness,missing_value,
30037,energy,missing_value,
30038,acousticness,missing_value,
30041,loudness,missing_value,
30042,energy,missing_value,
30043,valence,missing_value,
30045,tempo,missing_value,
30046,tempo,outlier_high,385.2044
30053,acousticness,missing_value,
30055,instrumentalness,missing_value,
30062,acousticness,missing_value,
30064,loudness,missing_value,
30067,danceability,missing_value,
30068,loudness,missing_value,
30068,energy,missing_value,
30069,loudness,missing_value,
30072,acousticness,missing_value,
30073,danceability,missing_value,
30075,liveness,missing_value,
30076,acousticness,missing_value,
30079,energy,missing_value,
30084,tempo,missing_value,
30088,tempo,missing_value,
30090,tempo,missing_value,
30092,valence,missing_value,
30093,valence,missing_value,
30095,energy,missing_value,
30096,danceability,missing_value,
30099,danceability,missing_value,
30101,valence,missing_value,
30103,loudness,missing_value,
30103,energy,missing_value,
30104,energy,missing_value,
30106,danceability,missing_value,
30106,instrumentalness,missing_value,
30108,tempo,outlier_high,403.4874
30110,tempo,missing_value,
30113,acousticness,missing_value,
30117,energy,missing_value,
30117,tempo,missing_value,
30119,energy,missing_value,
30119,loudness,missing_value,
30120,energy,missing_value,
30120,speechiness,missing_value,
30122,acousticness,missing_value,
30123,liveness,missing_value,
30130,instrumentalness,missing_value,
30130,valence,missing_value,
30136,acousticness,missing_value,
30138,danceability,missing_value,
30138,loudness,missing_value,
30140,instrumentalness,missing_value,
30142,acousticness,missing_value,
30145,speechiness,missing_value,
30145,valence,missing_value,
30148,tempo,missing_value,
30148,speechiness,missing_value,
30149,instrumentalness,missing_value,
30149,acousticness,missing_value,
30153,liveness,missing_value,
30154,loudness,missing_value,
30167,acousticness,missing_value,
30170,acousticness,missing_value,
30171,danceability,missing_value,
30171,liveness,missing_value,
30172,tempo,missing_value,
30174,energy,missing_value,
30176,valence,missing_value,
30180,tempo,missing_value,
30181,valence,missing_value,
30182,instrumentalness,missing_value,
30193,instrumentalness,missing_value,
30195,danceability,missing_value,
30196,danceability,outlier_high,1.4099
30203,acousticness,missing_value,
30205,danceability,missing_value,
30209,instrumentalness,missing_value,
30210,energy,missing_value,
30211,acousticness,missing_value,
30212,liveness,missing_value,
30213,loudness,missing_value,
30214,valence,missing_value,
30215,danceability,missing_value,
30218,liveness,missing_value,
30218,energy,missing_value,
30223,liveness,missing_value,
30227,tempo,outlier_high,338.5813
30231,tempo,missing_value,
30236,danceability,outlier_low,-0.1194
30242,liveness,missing_value,
30247,energy,missing_value,
30250,tempo,missing_value,
30252,liveness,missing_value,
30257,speechiness,missing_value,
30259,valence,missing_value,
30260,loudness,missing_value,
30264,loudness,outlier_high,1.6032
30267,energy,missing_value,
30267,acousticness,missing_value,
30267,valence,missing_value,
30272,danceability,outlier_low,-0.1411
30273,danceability,missing_value,
30284,acousticness,missing_value,
30284,loudness,missing_value,
30288,valence,outlier_high,1.2562
30289,danceability,missing_value,
30289,liveness,missing_value,
30290,energy,missing_value,
30294,danceability,outlier_low,-0.2632
30294,tempo,missing_value,
30301,energy,missing_value,
30301,loudness,missing_value,
30302,loudness,missing_value,
30309,tempo,missing_value,
30310,tempo,missing_value,
30310,acousticness,missing_value,
30315,valence,missing_value,
30316,energy,missing_value,
30317,danceability,missing_value,
30318,instrumentalness,missing_value,
30323,acousticness,missing_value,
30326,valence,outlier_low,-0.2586
30326,liveness,missing_value,
30327,instrumentalness,missing_value,
30328,tempo,outlier_low,6.8315
30329,acousticness,missing_value,
30335,instrumentalness,missing_value,
30335,valence,missing_value,
30337,loudness,outlier_low,-87.8396
30351,energy,missing_value,
30364,tempo,outlier_high,315.2526
30368,liveness,missing_value,
30374,loudness,missing_value,
30388,tempo,missing_value,
30396,tempo,missing_value,
30396,valence,missing_value,
30403,danceability,missing_value,
30405,acousticness,missing_value,
30405,energy,outlier_high,1.3067
30406,liveness,missing_value,
30407,energy,missing_value,
30409,danceability,missing_value,
30415,loudness,missing_value,
30422,tempo,missing_value,
30430,liveness,missing_value,
30430,energy,missing_value,
30432,liveness,missing_value,
30434,speechiness,missing_value,
30440,loudness,missing_value,
30441,tempo,missing_value,
30443,energy,outlier_high,1.1406
30443,loudness,missing_value,
30444,instrumentalness,missing_value,
30450,liveness,missing_value,
30454,energy,missing_value,
30463,loudness,missing_value,
30471,tempo,missing_value,
30471,instrumentalness,missing_value,
30474,liveness,missing_value,
30474,tempo,outlier_high,419.2925
30478,valence,missing_value,
30478,tempo,missing_value,
30483,energy,missing_value,
30484,instrumentalness,missing_value,
30484,danceability,missing_value,
30486,loudness,outlier_low,-76.6184
30486,instrumentalness,missing_value,
30491,tempo,missing_value,
30492,valence,missing_value,
30497,valence,missing_value,
30498,speechiness,missing_value,
30502,valence,missing_value,
30506,instrumentalness,missing_value,
30514,speechiness,missing_value,
30517,acousticness,missing_value,
30523,valence,missing_value,
30524,speechiness,missing_value,
30529,valence,missing_value,
30536,loudness,missing_value,
30536,valence,missing_value,
30540,danceability,missing_value,
30545,instrumentalness,missing_value,
30546,loudness,missing_value,
30547,acousticness,missing_value,
30549,loudness,missing_value,
30562,instrumentalness,missing_value,
30580,valence,missing_value,
30580,acousticness,missing_value,
30581,danceability,missing_value,
30581,acousticness,missing_value,
30585,valence,outlier_low,-0.1094
30585,loudness,missing_value,
30587,energy,missing_value,
30587,instrumentalness,missing_value,
30597,energy,missing_value,
30601,loudness,missing_value,
30604,liveness,missing_value,
30605,acousticness,missing_value,
30606,danceability,missing_value,
30610,valence,outlier_high,1.1681
30611,danceability,missing_value,
30613,instrumentalness,missing_value,
30613,danceability,missing_value,
30619,speechiness,missing_value,
30621,loudness,outlier_low,-77.1444
30625,tempo,outlier_low,7.5340
30627,speechiness,missing_value,
30630,instrumentalness,missing_value,
30645,tempo,missing_value,
30645,loudness,missing_value,
30646,speechiness,missing_value,
30647,loudness,missing_value,
30650,acousticness,missing_value,
30661,speechiness,missing_value,
30664,valence,missing_value,
30664,danceability,missing_value,
30668,danceability,missing_value,
30673,instrumentalness,missing_value,
30673,liveness,missing_value,
30674,danceability,missing_value,
30680,speechiness,missing_value,
30681,valence,outlier_high,1.4482
30684,acousticness,missing_value,
30688,danceability,missing_value,
30691,loudness,missing_value,
30693,tempo,missing_value,
30698,instrumentalness,missing_value,
30700,valence,outlier_low,-0.1684
30706,tempo,missing_value,
30709,tempo,missing_value,
30710,liveness,missing_value,
30722,energy,missing_value,
30730,speechiness,missing_value,
30735,acousticness,missing_value,
30740,instrumentalness,missing_value,
30743,tempo,missing_value,
30746,energy,missing_value,
30747,speechiness,missing_value,
30752,danceability,missing_value,
30753,tempo,outlier_low,6.0385
30758,loudness,missing_value,
30759,energy,missing_value,
30759,liveness,missing_value,
30759,tempo,outlier_high,419.7522
30761,valence,missing_value,
30767,instrumentalness,missing_value,
30768,valence,missing_value,
30768,danceability,missing_value,
30772,valence,missing_value,
30776,valence,missing_value,
30778,loudness,missing_value,
30781,loudness,missing_value,
30782,speechiness,missing_value,
30786,energy,missing_value,
30787,loudness,missing_value,
30789,liveness,missing_value,
30792,loudness,missing_value,
30793,speechiness,missing_value,
30797,speechiness,missing_value,
30800,speechiness,missing_value,
30803,liveness,missing_value,
30808,liveness,missing_value,
30809,instrumentalness,missing_value,
30811,tempo,missing_value,
30811,instrumentalness,missing_value,
30819,speechiness,missing_value,
30820,acousticness,missing_value,
30821,valence,outlier_high,1.3434
30822,tempo,missing_value,
30827,tempo,missing_value,
30829,speechiness,missing_value,
30831,danceability,outlier_low,-0.1119
30836,energy,missing_value,
30837,instrumentalness,missing_value,
30838,tempo,missing_value,
30838,liveness,missing_value,
30838,valence,missing_value,
30839,acousticness,missing_value,
30843,energy,outlier_high,1.1745
30846,speechiness,missing_value,
30848,instrumentalness,missing_value,
30849,tempo,missing_value,
30850,danceability,missing_value,
30852,speechiness,missing_value,
30853,loudness,missing_value,
30856,liveness,missing_value,
30860,acousticness,missing_value,
30861,acousticness,missing_value,
30863,liveness,missing_value,
30865,danceability,missing_value,
30870,tempo,missing_value,
30875,speechiness,missing_value,
30876,valence,missing_value,
30878,acousticness,missing_value,
30880,acousticness,missing_value,
30883,danceability,missing_value,
30890,valence,missing_value,
30891,acousticness,missing_value,
30892,loudness,outlier_low,-76.9403
30901,tempo,missing_value,
30904,tempo,missing_value,
30906,speechiness,missing_value,
30917,danceability,missing_value,
30919,loudness,outlier_low,-74.5319
30919,tempo,missing_value,
30920,liveness,missing_value,
30924,tempo,missing_value,
30924,instrumentalness,missing_value,
30932,valence,missing_value,
30934,energy,missing_value,
30936,danceability,missing_value,
30944,speechiness,missing_value,
30944,tempo,missing_value,
30964,speechiness,missing_value,
30966,loudness,missing_value,
30967,energy,missing_value,
30968,danceability,missing_value,
30969,energy,missing_value,
30969,acousticness,missing_value,
30972,valence,missing_value,
30972,danceability,missing_value,
30972,tempo,outlier_low,7.6918
30974,acousticness,missing_value,
30974,speechiness,missing_value,
30975,valence,outlier_low,-0.1235
30980,loudness,missing_value,
30981,tempo,outlier_high,305.1266
30982,danceability,missing_value,
31000,liveness,missing_value,
31001,speechiness,missing_value,
31007,tempo,missing_value,
31008,acousticness,missing_value,
31009,valence,missing_value,
31011,speechiness,missing_value,
31011,instrumentalness,missing_value,
31012,loudness,missing_value,
31013,loudness,missing_value,
31016,tempo,missing_value,
31021,loudness,missing_value,
31023,acousticness,missing_value,
31025,valence,missing_value,
31028,valence,missing_value,
31032,danceability,missing_value,
31034,energy,missing_value,
31042,tempo,outlier_high,330.1193
31043,tempo,missing_value,
31048,danceability,missing_value,
31049,acousticness,missing_value,
31049,speechiness,missing_value,
31051,tempo,missing_value,
31052,liveness,missing_value,
31053,acousticness,missing_value,
31055,danceability,missing_value,
31057,energy,missing_value,
31058,instrumentalness,missing_value,
31059,instrumentalness,missing_value,
31064,tempo,missing_value,
31068,instrumentalness,missing_value,
31073,tempo,missing_value,
31075,energy,outlier_high,1.4813
31077,loudness,missing_value,
31090,valence,missing_value,
31090,tempo,missing_value,
31092,acousticness,missing_value,
31092,tempo,missing_value,
31093,loudness,missing_value,
31099,instrumentalness,missing_value,
31104,speechiness,missing_value,
31104,tempo,missing_value,
31104,loudness,missing_value,
31110,speechiness,missing_value,
31115,tempo,missing_value,
31126,liveness,missing_value,
31131,danceability,outlier_high,1.0728
31133,speechiness,missing_value,
31134,danceability,missing_value,
31135,danceability,missing_value,
31143,acousticness,missing_value,
31143,energy,missing_value,
31147,danceability,missing_value,
31152,loudness,missing_value,
31155,danceability,missing_value,
31160,valence,outlier_high,1.1001
31160,instrumentalness,missing_value,
31163,speechiness,missing_value,
31170,valence,outlier_low,-0.2443
31170,liveness,missing_value,
31171,instrumentalness,missing_value,
31172,tempo,missing_value,
31176,danceability,missing_value,
31177,loudness,missing_value,
31178,tempo,missing_value,
31188,loudness,missing_value,
31190,energy,missing_value,
31195,danceability,missing_value,
31197,liveness,missing_value,
31202,valence,missing_value,
31203,instrumentalness,missing_value,
31205,instrumentalness,missing_value,
31205,valence,missing_value,
31213,acousticness,missing_value,
31217,instrumentalness,missing_value,
31220,tempo,missing_value,
31222,loudness,outlier_high,5.1916
31225,valence,missing_value,
31230,tempo,missing_value,
31232,energy,outlier_low,-0.0106
31232,danceability,missing_value,
31235,speechiness,missing_value,
31237,danceability,missing_value,
31239,tempo,missing_value,
31241,loudness,missing_value,
31242,valence,missing_value,
31245,loudness,missing_value,
31246,tempo,missing_value,
31246,liveness,missing_value,
31246,instrumentalness,missing_value,
31251,tempo,missing_value,
31272,instrumentalness,missing_value,
31273,liveness,missing_value,
31275,loudness,missing_value,
31280,acousticness,missing_value,
31286,energy,missing_value,
31294,acousticness,missing_value,
31295,tempo,missing_value,
31295,loudness,missing_value,
31303,speechiness,missing_value,
31304,valence,missing_value,
31307,valence,missing_value,
31308,danceability,missing_value,
31309,liveness,missing_value,
31309,instrumentalness,missing_value,
31314,valence,missing_value,
31316,speechiness,missing_value,
31321,speechiness,missing_value,
31328,tempo,outlier_high,345.1989
31332,acousticness,missing_value,
31336,danceability,missing_value,
31343,instrumentalness,missing_value,
31351,acousticness,missing_value,
31365,danceability,missing_value,
31372,loudness,outlier_high,2.8659
31376,liveness,missing_value,
31378,energy,missing_value,
31378,acousticness,missing_value,
31379,instrumentalness,missing_value,
31381,liveness,missing_value,
31383,danceability,outlier_high,1.1795
31389,danceability,missing_value,
31390,energy,missing_value,
31394,loudness,missing_value,
31394,liveness,missing_value,
31397,liveness,missing_value,
31406,liveness,missing_value,
31409,loudness,missing_value,
31409,instrumentalness,missing_value,
31412,energy,missing_value,
31415,valence,missing_value,
31416,loudness,missing_value,
31417,instrumentalness,missing_value,
31418,loudness,missing_value,
31419,danceability,missing_value,
31420,tempo,outlier_high,305.5654
31420,instrumentalness,missing_value,
31423,instrumentalness,missing_value,
31434,energy,outlier_high,1.4587
31436,loudness,missing_value,
31437,loudness,missing_value,
31437,speechiness,missing_value,
31438,valence,missing_value,
31439,speechiness,missing_value,
31441,loudness,missing_value,
31441,valence,missing_value,
31443,energy,missing_value,
31449,liveness,missing_value,
31450,energy,missing_value,
31456,loudness,missing_value,
31460,instrumentalness,missing_value,
31467,acousticness,missing_value,
31468,speechiness,missing_value,
31472,valence,outlier_low,-0.2467
31476,loudness,missing_value,
31478,energy,outlier_high,1.4354
31478,instrumentalness,missing_value,
31479,acousticness,missing_value,
31490,danceability,missing_value,
31499,acousticness,missing_value,
31503,danceability,missing_value,
31511,valence,missing_value,
31521,energy,missing_value,
31526,instrumentalness,missing_value,
31531,speechiness,missing_value,
31538,energy,missing_value,
31548,instrumentalness,missing_value,
31549,loudness,missing_value,
31549,tempo,missing_value,
31552,loudness,missing_value,
31557,valence,missing_value,
31565,liveness,missing_value,
31572,loudness,missing_value,
31575,acousticness,missing_value,
31579,instrumentalness,missing_value,
31579,loudness,missing_value,
31579,liveness,missing_value,
31579,energy,missing_value,
31581,energy,missing_value,
31581,liveness,missing_value,
31584,liveness,missing_value,
31584,tempo,missing_value,
31586,acousticness,missing_value,
31587,acousticness,missing_value,
31595,liveness,missing_value,
31597,tempo,missing_value,
31598,valence,missing_value,
31602,instrumentalness,missing_value,
31603,liveness,missing_value,
31605,energy,missing_value,
31605,tempo,missing_value,
31606,speechiness,missing_value,
31608,instrumentalness,missing_value,
31611,speechiness,missing_value,
31613,danceability,missing_value,
31614,energy,missing_value,
31618,instrumentalness,missing_value,
31621,valence,missing_value,
31624,instrumentalness,missing_value,
31628,energy,missing_value,
31632,liveness,missing_value,
31636,danceability,missing_value,
31642,loudness,missing_value,
31645,speechiness,missing_value,
31645,acousticness,missing_value,
31646,danceability,outlier_low,-0.1502
31647,valence,missing_value,
31647,speechiness,missing_value,
31653,instrumentalness,missing_value,
31656,instrumentalness,missing_value,
31663,valence,missing_value,
31664,tempo,outlier_low,4.7596
31666,energy,missing_value,
31667,speechiness,missing_value,
31671,energy,missing_value,
31676,danceability,missing_value,
31677,danceability,missing_value,
31678,energy,missing_value,
31681,loudness,missing_value,
31683,instrumentalness,missing_value,
31683,valence,missing_value,
31691,danceability,missing_value,
31696,liveness,missing_value,
31697,instrumentalness,missing_value,
31697,loudness,missing_value,
31699,liveness,missing_value,
31705,instrumentalness,missing_value,
31709,valence,missing_value,
31709,energy,missing_value,
31719,loudness,outlier_low,-77.6478
31722,speechiness,missing_value,
31722,instrumentalness,missing_value,
31727,valence,missing_value,
31728,energy,missing_value,
31730,acousticness,missing_value,
31744,loudness,missing_value,
31749,tempo,missing_value,
31753,instrumentalness,missing_value,
31754,energy,missing_value,
31758,danceability,missing_value,
31760,loudness,outlier_low,-76.6922
31762,loudness,missing_value,
31764,acousticness,missing_value,
31768,valence,missing_value,
31774,danceability,missing_value,
31775,loudness,missing_value,
31785,speechiness,missing_value,
31786,tempo,missing_value,
31787,valence,missing_value,
31788,acousticness,missing_value,
31793,acousticness,missing_value,
31801,danceability,missing_value,
31812,instrumentalness,missing_value,
31818,energy,missing_value,
31827,liveness,missing_value,
31834,energy,missing_value,
31837,liveness,missing_value,
31849,tempo,missing_value,
31850,loudness,missing_value,
31854,tempo,missing_value,
31859,tempo,missing_value,
31864,liveness,missing_value,
31864,danceability,missing_value,
31875,acousticness,missing_value,
31882,acousticness,missing_value,
31886,tempo,missing_value,
31887,danceability,missing_value,
31888,liveness,missing_value,
31899,tempo,missing_value,
31905,valence,missing_value,
31907,valence,missing_value,
31908,instrumentalness,missing_value,
31915,liveness,missing_value,
31917,instrumentalness,missing_value,
31921,valence,outlier_high,1.4843
31922,liveness,missing_value,
31927,liveness,missing_value,
31932,valence,missing_value,
31939,danceability,outlier_high,1.4222
31940,valence,missing_value,
31942,loudness,missing_value,
31942,speechiness,missing_value,
31945,danceability,missing_value,
31947,loudness,missing_value,
31949,loudness,outlier_high,7.6358
31953,liveness,missing_value,
31956,valence,missing_value,
31960,liveness,missing_value,
31963,tempo,missing_value,
31965,loudness,missing_value,
31965,speechiness,missing_value,
31968,speechiness,missing_value,
31976,loudness,missing_value,
31977,liveness,missing_value,
31978,energy,missing_value,
31981,liveness,missing_value,
31983,acousticness,missing_value,
31985,tempo,outlier_high,353.9584
31990,energy,outlier_high,1.1612
31991,instrumentalness,missing_value,
31993,tempo,missing_value,
31994,loudness,outlier_low,-71.0340
31997,instrumentalness,missing_value,
32001,danceability,outlier_low,-0.1546
32003,tempo,missing_value,
32020,loudness,missing_value,
32029,liveness,missing_value,
32030,energy,outlier_low,-0.1856
32040,speechiness,missing_value,
32044,valence,missing_value,
32046,liveness,missing_value,
32047,valence,missing_value,
32051,acousticness,missing_value,
32054,energy,missing_value,
32057,liveness,missing_value,
32058,valence,missing_value,
32062,danceability,missing_value,
32073,speechiness,missing_value,
32073,instrumentalness,missing_value,
32074,acousticness,missing_value,
32077,loudness,missing_value,
32078,tempo,missing_value,
32082,energy,missing_value,
32082,acousticness,missing_value,
32101,loudness,missing_value,
32112,loudness,missing_value,
32115,valence,missing_value,
32121,valence,missing_value,
32125,acousticness,missing_value,
32126,loudness,missing_value,
32135,tempo,missing_value,
32138,liveness,missing_value,
32141,energy,missing_value,
32142,valence,missing_value,
32157,valence,missing_value,
32160,instrumentalness,missing_value,
32161,valence,missing_value,
32163,speechiness,missing_value,
32165,acousticness,missing_value,
32166,loudness,missing_value,
32170,energy,missing_value,
32171,speechiness,missing_value,
32173,danceability,missing_value,
32176,energy,missing_value,
32179,valence,missing_value,
32181,tempo,missing_value,
32183,danceability,missing_value,
32183,speechiness,missing_value,
32187,instrumentalness,missing_value,
32191,loudness,outlier_high,6.3585
32192,tempo,outlier_high,409.4927
32193,energy,missing_value,
32195,energy,missing_value,
32198,danceability,missing_value,
32201,instrumentalness,missing_value,
32203,energy,missing_value,
32205,danceability,missing_value,
32210,loudness,missing_value,
32213,instrumentalness,missing_value,
32218,valence,missing_value,
32223,danceability,missing_value,
32229,valence,missing_value,
32231,liveness,missing_value,
32241,danceability,missing_value,
32246,energy,outlier_high,1.4970
32247,loudness,missing_value,
32254,energy,missing_value,
32257,liveness,missing_value,
32263,energy,missing_value,
32264,loudness,missing_value,
32265,instrumentalness,missing_value,
32268,energy,outlier_high,1.2494
32269,instrumentalness,missing_value,
32269,speechiness,missing_value,
32269,energy,missing_value,
32271,speechiness,missing_value,
32272,instrumentalness,missing_value,
32275,energy,missing_value,
32275,valence,outlier_low,-0.0646
32279,instrumentalness,missing_value,
32280,tempo,missing_value,
32294,instrumentalness,missing_value,
32294,valence,missing_value,
32296,energy,missing_value,
32297,speechiness,missing_value,
32299,loudness,missing_value,
32301,instrumentalness,missing_value,
32305,tempo,missing_value,
32306,tempo,missing_value,
32308,valence,outlier_low,-0.1757
32309,liveness,missing_value,
32313,liveness,missing_value,
32324,acousticness,missing_value,
32337,danceability,outlier_high,1.3170
32338,energy,missing_value,
32340,danceability,outlier_high,1.3015
32343,tempo,missing_value,
32345,speechiness,missing_value,
32345,loudness,missing_value,
32347,energy,missing_value,
32350,loudness,missing_value,
32352,acousticness,missing_value,
32365,energy,outlier_low,-0.2132
32366,liveness,missing_value,
32371,danceability,missing_value,
32372,danceability,missing_value,
32373,loudness,missing_value,
32374,liveness,missing_value,
32387,liveness,missing_value,
32396,instrumentalness,missing_value,
32400,energy,missing_value,
32402,speechiness,missing_value,
32409,loudness,missing_value,
32412,valence,outlier_high,1.2498
32416,tempo,outlier_high,375.8479
32417,instrumentalness,missing_value,
32419,tempo,missing_value,
32420,energy,missing_value,
32422,tempo,missing_value,
32423,loudness,outlier_high,1.7413
32430,acousticness,missing_value,
32432,energy,outlier_high,1.2753
32435,valence,missing_value,
32438,tempo,missing_value,
32447,liveness,missing_value,
32453,acousticness,missing_value,
32459,liveness,missing_value,
32460,liveness,missing_value,
32460,speechiness,missing_value,
32464,tempo,missing_value,
32467,acousticness,missing_value,
32470,liveness,missing_value,
32470,loudness,outlier_low,-84.3772
32488,energy,missing_value,
32493,tempo,missing_value,
32494,tempo,missing_value,
32497,tempo,missing_value,
32499,loudness,missing_value,
32499,liveness,missing_value,
32500,tempo,outlier_low,3.6601
32503,tempo,outlier_high,355.5005
32506,valence,outlier_low,-0.1415
32512,loudness,missing_value,
32513,acousticness,missing_value,
32513,speechiness,missing_value,
32521,danceability,outlier_high,1.1260
32524,loudness,missing_value,
32526,loudness,missing_value,
32527,loudness,missing_value,
32528,tempo,missing_value,
32539,danceability,missing_value,
32543,acousticness,missing_value,
32545,loudness,missing_value,
32553,liveness,missing_value,
32555,speechiness,missing_value,
32559,speechiness,missing_value,
32565,danceability,outlier_high,1.2579
32573,danceability,missing_value,
32575,danceability,missing_value,
32583,acousticness,missing_value,
32584,tempo,missing_value,
32586,liveness,missing_value,
32587,energy,missing_value,
32588,danceability,missing_value,
32594,acousticness,missing_value,
32594,loudness,missing_value,
32595,liveness,missing_value,
32596,tempo,missing_value,
32597,energy,outlier_high,1.0793
32599,energy,missing_value,
32599,tempo,missing_value,
32605,valence,outlier_high,1.4080
32606,loudness,outlier_high,4.8615
32612,tempo,missing_value,
32613,tempo,missing_value,
32614,valence,missing_value,
32615,loudness,missing_value,
32616,acousticness,missing_value,
32620,tempo,missing_value,
32622,danceability,missing_value,
32623,liveness,missing_value,
32630,tempo,missing_value,
32638,liveness,missing_value,
32639,valence,missing_value,
32642,instrumentalness,missing_value,
32643,loudness,missing_value,
32644,valence,missing_value,
32647,energy,missing_value,
32653,loudness,missing_value,
32654,tempo,missing_value,
32654,speechiness,missing_value,
32656,valence,missing_value,
32666,acousticness,missing_value,
32667,danceability,missing_value,
32670,liveness,missing_value,
32670,valence,missing_value,
32672,liveness,missing_value,
32681,valence,missing_value,
32684,acousticness,missing_value,
32685,acousticness,missing_value,
32690,liveness,missing_value,
32691,liveness,missing_value,
32692,acousticness,missing_value,
32700,instrumentalness,missing_value,
32703,instrumentalness,missing_value,
32705,instrumentalness,missing_value,
32707,energy,missing_value,
32712,energy,missing_value,
32715,loudness,missing_value,
32720,liveness,missing_value,
32723,instrumentalness,missing_value,
32724,danceability,outlier_low,-0.1995
32731,valence,missing_value,
32736,instrumentalness,missing_value,
32738,speechiness,missing_value,
32739,tempo,missing_value,
32739,danceability,missing_value,
32740,danceability,outlier_high,1.4333
32741,liveness,missing_value,
32741,tempo,missing_value,
32750,acousticness,missing_value,
32759,valence,missing_value,
32759,danceability,missing_value,
32761,danceability,outlier_high,1.0680
32768,liveness,missing_value,
32774,energy,missing_value,
32776,liveness,missing_value,
32777,energy,missing_value,
32784,instrumentalness,missing_value,
32787,acousticness,missing_value,
32789,danceability,outlier_high,1.4294
32796,danceability,missing_value,
32798,acousticness,missing_value,
32800,energy,missing_value,
32814,instrumentalness,missing_value,
32817,tempo,outlier_low,13.0489
32825,tempo,missing_value,
32828,valence,missing_value,
32828,liveness,missing_value,
32837,danceability,missing_value,
32842,energy,missing_value,
32846,instrumentalness,missing_value,
32847,tempo,missing_value,
32847,danceability,outlier_low,-0.1595
32848,energy,missing_value,
32860,liveness,missing_value,
32862,speechiness,missing_value,
32863,valence,outlier_low,-0.1827
32866,danceability,missing_value,
32870,speechiness,missing_value,
32871,energy,missing_value,
32877,danceability,outlier_low,-0.0780
32889,acousticness,missing_value,
32889,danceability,missing_value,
32896,valence,missing_value,
32899,danceability,missing_value,
32903,valence,missing_value,
32905,speechiness,missing_value,
32911,loudness,missing_value,
32911,instrumentalness,missing_value,
32912,loudness,outlier_low,-72.7424
32912,tempo,missing_value,
32919,liveness,missing_value,
32922,tempo,outlier_low,13.4312
32923,liveness,missing_value,
32925,danceability,missing_value,
32934,danceability,missing_value,
32936,energy,missing_value,
32936,valence,missing_value,
32941,tempo,outlier_high,411.6078
32952,energy,missing_value,
32955,tempo,missing_value,
32956,danceability,missing_value,
32956,liveness,missing_value,
32959,loudness,missing_value,
32970,danceability,outlier_high,1.3794
32976,loudness,missing_value,
32977,energy,missing_value,
32978,liveness,missing_value,
32982,instrumentalness,missing_value,
32983,instrumentalness,missing_value,
32988,danceability,missing_value,
32994,liveness,missing_value,
32998,danceability,missing_value,
32998,liveness,missing_value,
33004,speechiness,missing_value,
33007,instrumentalness,missing_value,
33012,valence,missing_value,
33015,danceability,missing_value,
33019,loudness,missing_value,
33024,loudness,missing_value,
33027,instrumentalness,missing_value,
33032,liveness,missing_value,
33033,acousticness,missing_value,
33036,acousticness,missing_value,
33037,instrumentalness,missing_value,
33040,danceability,missing_value,
33042,loudness,missing_value,
33043,loudness,missing_value,
33046,tempo,missing_value,
33049,liveness,missing_value,
33049,danceability,missing_value,
33054,tempo,outlier_high,370.0482
33056,tempo,missing_value,
33056,liveness,missing_value,
33059,valence,missing_value,
33060,danceability,missing_value,
33060,loudness,missing_value,
33067,danceability,outlier_low,-0.1468
33068,acousticness,missing_value,
33069,liveness,missing_value,
33071,speechiness,missing_value,
33076,valence,missing_value,
33079,danceability,outlier_high,1.3341
33087,acousticness,missing_value,
33088,acousticness,missing_value,
33089,loudness,missing_value,
33089,valence,missing_value,
33093,energy,missing_value,
33097,valence,missing_value,
33097,energy,outlier_low,-0.0580
33107,danceability,outlier_low,-0.0579
33109,instrumentalness,missing_value,
33110,liveness,missing_value,
33112,energy,outlier_high,1.1711
33115,energy,outlier_low,-0.0671
33120,valence,missing_value,
33121,speechiness,missing_value,
33123,valence,outlier_low,-0.2055
33134,acousticness,missing_value,
33137,liveness,missing_value,
33138,danceability,missing_value,
33139,valence,missing_value,
33142,instrumentalness,missing_value,
33143,instrumentalness,missing_value,
33145,loudness,outlier_low,-76.2159
33146,loudness,missing_value,
33147,loudness,missing_value,
33148,loudness,missing_value,
33150,acousticness,missing_value,
33153,loudness,missing_value,
33155,loudness,missing_value,
33157,danceability,missing_value,
33157,valence,outlier_low,-0.2523
33158,acousticness,missing_value,
33158,danceability,missing_value,
33165,instrumentalness,missing_value,
33167,tempo,missing_value,
33175,liveness,missing_value,
33179,loudness,outlier_low,-78.5559
33180,instrumentalness,missing_value,
33180,valence,missing_value,
33181,loudness,outlier_low,-79.2593
33181,danceability,missing_value,
33182,tempo,missing_value,
33182,energy,outlier_high,1.2573
33184,liveness,missing_value,
33190,speechiness,missing_value,
33195,loudness,missing_value,
33195,valence,missing_value,
33198,danceability,outlier_low,-0.0344
33203,valence,missing_value,
33208,loudness,outlier_high,8.6235
33211,valence,missing_value,
33215,speechiness,missing_value,
33216,loudness,missing_value,
33217,instrumentalness,missing_value,
33217,danceability,missing_value,
33221,speechiness,missing_value,
33221,danceability,missing_value,
33224,loudness,missing_value,
33227,tempo,missing_value,
33228,energy,missing_value,
33232,danceability,missing_value,
33239,danceability,missing_value,
33239,energy,missing_value,
33243,loudness,outlier_high,7.7836
33249,energy,outlier_low,-0.0938
33256,energy,missing_value,
33256,valence,missing_value,
33257,energy,missing_value,
33261,energy,missing_value,
33262,loudness,missing_value,
33275,liveness,missing_value,
33275,valence,missing_value,
33284,speechiness,missing_value,
33286,speechiness,missing_value,
33291,energy,missing_value,
33291,tempo,missing_value,
33293,instrumentalness,missing_value,
33296,danceability,missing_value,
33304,danceability,missing_value,
33305,danceability,outlier_high,1.1046
33306,tempo,outlier_high,406.9993
33315,liveness,missing_value,
33324,speechiness,missing_value,
33324,instrumentalness,missing_value,
33331,instrumentalness,missing_value,
33333,energy,missing_value,
33335,danceability,missing_value,
33336,valence,missing_value,
33341,loudness,missing_value,
33354,tempo,missing_value,
33358,danceability,outlier_high,1.1914
33359,speechiness,missing_value,
33367,valence,missing_value,
33368,instrumentalness,missing_value,
33368,valence,missing_value,
33369,speechiness,missing_value,
33373,loudness,missing_value,
33378,energy,missing_value,
33386,tempo,missing_value,
33387,loudness,missing_value,
33391,valence,missing_value,
33395,tempo,missing_value,
33396,loudness,missing_value,
33397,acousticness,missing_value,
33403,speechiness,missing_value,
33404,acousticness,missing_value,
33405,loudness,outlier_high,1.1910
33408,liveness,missing_value,
33411,acousticness,missing_value,
33412,energy,missing_value,
33414,valence,missing_value,
33420,energy,missing_value,
33420,liveness,missing_value,
33422,valence,outlier_low,-0.2714
33423,speechiness,missing_value,
33424,tempo,missing_value,
33427,valence,missing_value,
33428,speechiness,missing_value,
33429,instrumentalness,missing_value,
33432,danceability,missing_value,
33432,acousticness,missing_value,
33436,instrumentalness,missing_value,
33437,loudness,missing_value,
33441,acousticness,missing_value,
33441,valence,missing_value,
33445,valence,missing_value,
33447,acousticness,missing_value,
33450,acousticness,missing_value,
33452,liveness,missing_value,
33457,energy,missing_value,
33459,acousticness,missing_value,
33462,energy,missing_value,
33462,valence,outlier_low,-0.0477
33462,instrumentalness,missing_value,
33463,danceability,outlier_high,1.0758
33477,energy,missing_value,
33478,loudness,missing_value,
33487,instrumentalness,missing_value,
33488,energy,missing_value,
33496,danceability,missing_value,
33500,loudness,missing_value,
33502,energy,missing_value,
33505,energy,missing_value,
33510,speechiness,missing_value,
33511,danceability,missing_value,
33516,energy,missing_value,
33516,tempo,missing_value,
33523,danceability,missing_value,
33524,acousticness,missing_value,
33526,liveness,missing_value,
33527,speechiness,missing_value,
33529,tempo,missing_value,
33529,danceability,missing_value,
33535,speechiness,missing_value,
33536,valence,missing_value,
33539,valence,missing_value,
33540,acousticness,missing_value,
33545,energy,missing_value,
33547,danceability,missing_value,
33548,valence,outlier_high,1.3298
33549,instrumentalness,missing_value,
33553,tempo,missing_value,
33554,danceability,missing_value,
33555,energy,missing_value,
33564,instrumentalness,missing_value,
33573,tempo,missing_value,
33576,speechiness,missing_value,
33579,instrumentalness,missing_value,
33579,loudness,missing_value,
33580,liveness,missing_value,
33585,tempo,missing_value,
33591,acousticness,missing_value,
33591,liveness,missing_value,
33594,valence,missing_value,
33597,valence,missing_value,
33598,liveness,missing_value,
33602,liveness,missing_value,
33607,tempo,missing_value,
33608,loudness,missing_value,
33611,acousticness,missing_value,
33615,energy,missing_value,
33618,loudness,missing_value,
33620,acousticness,missing_value,
33622,energy,missing_value,
33624,acousticness,missing_value,
33626,tempo,missing_value,
33633,danceability,missing_value,
33639,liveness,missing_value,
33641,energy,outlier_high,1.3800
33643,loudness,missing_value,
33649,valence,missing_value,
33660,valence,missing_value,
33662,loudness,missing_value,
33665,valence,missing_value,
33666,valence,missing_value,
33668,liveness,missing_value,
33670,speechiness,missing_value,
33672,liveness,missing_value,
33673,energy,missing_value,
33674,tempo,missing_value,
33685,speechiness,missing_value,
33693,liveness,missing_value,
33696,liveness,missing_value,
33702,liveness,missing_value,
33703,tempo,missing_value,
33707,tempo,outlier_high,356.9713
33709,tempo,outlier_low,11.8659
33711,energy,missing_value,
33716,tempo,missing_value,
33718,loudness,missing_value,
33723,energy,missing_value,
33728,tempo,missing_value,
33730,speechiness,missing_value,
33731,liveness,missing_value,
33731,loudness,outlier_low,-74.8103
33735,loudness,outlier_high,4.7664
33738,valence,missing_value,
33740,loudness,outlier_low,-85.4263
33745,valence,missing_value,
33747,energy,missing_value,
33752,energy,outlier_high,1.0628
33753,valence,missing_value,
33755,acousticness,missing_value,
33757,loudness,outlier_high,4.0892
33757,danceability,outlier_low,-0.0942
33758,energy,missing_value,
33759,tempo,missing_value,
33770,instrumentalness,missing_value,
33770,speechiness,missing_value,
33778,speechiness,missing_value,
33778,energy,missing_value,
33780,speechiness,missing_value,
33792,speechiness,missing_value,
33796,danceability,missing_value,
33797,valence,missing_value,
33814,liveness,missing_value,
33814,valence,missing_value,
33817,acousticness,missing_value,
33824,energy,missing_value,
33828,liveness,missing_value,
33833,tempo,missing_value,
33838,valence,missing_value,
33840,tempo,missing_value,
33843,valence,missing_value,
33846,loudness,missing_value,
33847,tempo,missing_value,
33848,acousticness,missing_value,
33851,tempo,outlier_high,372.9428
33866,liveness,missing_value,
33866,instrumentalness,missing_value,
33870,instrumentalness,missing_value,
33871,valence,missing_value,
33872,valence,outlier_low,-0.3000
33877,energy,missing_value,
33881,loudness,outlier_high,4.8766
33882,liveness,missing_value,
33893,acousticness,missing_value,
33894,loudness,missing_value,
33895,danceability,missing_value,
33898,valence,missing_value,
33902,loudness,missing_value,
33904,valence,outlier_low,-0.0934
33906,speechiness,missing_value,
33907,valence,missing_value,
33907,liveness,missing_value,
33907,tempo,missing_value,
33909,instrumentalness,missing_value,
33912,speechiness,missing_value,
33913,valence,missing_value,
33921,danceability,missing_value,
33921,acousticness,missing_value,
33925,energy,missing_value,
33926,energy,missing_value,
33930,instrumentalness,missing_value,
33932,speechiness,missing_value,
33933,tempo,missing_value,
33936,valence,missing_value,
33937,danceability,missing_value,
33938,energy,missing_value,
33947,energy,missing_value,
33947,tempo,missing_value,
33948,valence,missing_value,
33949,tempo,missing_value,
33968,instrumentalness,missing_value,
33970,danceability,outlier_high,1.2550
33972,acousticness,missing_value,
33972,speechiness,missing_value,
33976,energy,missing_value,
33977,danceability,outlier_low,-0.1409
33978,tempo,outlier_low,11.1222
33979,valence,missing_value,
33985,tempo,missing_value,
34004,energy,outlier_high,1.3352
34005,instrumentalness,missing_value,
34006,valence,missing_value,
34009,speechiness,missing_value,
34019,acousticness,missing_value,
34020,valence,missing_value,
34020,danceability,missing_value,
34024,loudness,missing_value,
34025,speechiness,missing_value,
34027,danceability,missing_value,
34035,loudness,missing_value,
34036,valence,missing_value,
34041,liveness,missing_value,
34047,energy,missing_value,
34050,danceability,missing_value,
34054,instrumentalness,missing_value,
34059,danceability,missing_value,
34063,danceability,missing_value,
34065,tempo,missing_value,
34073,instrumentalness,missing_value,
34073,energy,outlier_high,1.4291
34080,energy,missing_value,
34084,danceability,missing_value,
34086,tempo,outlier_high,314.9191
34086,acousticness,missing_value,
34105,acousticness,missing_value,
34108,instrumentalness,missing_value,
34113,acousticness,missing_value,
34117,liveness,missing_value,
34117,loudness,missing_value,
34121,acousticness,missing_value,
34123,instrumentalness,missing_value,
34131,loudness,missing_value,
34136,loudness,missing_value,
34144,loudness,missing_value,
34150,liveness,missing_value,
34150,valence,outlier_high,1.1303
34150,acousticness,missing_value,
34155,speechiness,missing_value,
34155,instrumentalness,missing_value,
34157,loudness,missing_value,
34157,liveness,missing_value,
34158,tempo,missing_value,
34158,valence,missing_value,
34165,valence,missing_value,
34175,tempo,missing_value,
34178,danceability,outlier_low,-0.0698
34178,speechiness,missing_value,
34180,acousticness,missing_value,
34186,valence,outlier_low,-0.0214
34190,acousticness,missing_value,
34191,loudness,outlier_low,-82.3703
34192,liveness,missing_value,
34205,liveness,missing_value,
34215,acousticness,missing_value,
34218,energy,missing_value,
34227,loudness,missing_value,
34232,liveness,missing_value,
34240,liveness,missing_value,
34246,instrumentalness,missing_value,
34246,energy,outlier_high,1.1305
34248,tempo,missing_value,
34258,instrumentalness,missing_value,
34258,energy,missing_value,
34260,liveness,missing_value,
34261,loudness,outlier_low,-85.9609
34264,instrumentalness,missing_value,
34265,loudness,outlier_low,-80.9406
34265,danceability,missing_value,
34269,liveness,missing_value,
34274,instrumentalness,missing_value,
34284,liveness,missing_value,
34287,loudness,missing_value,
34288,loudness,missing_value,
34291,energy,missing_value,
34296,danceability,missing_value,
34298,energy,missing_value,
34301,danceability,missing_value,
34305,liveness,missing_value,
34306,danceability,missing_value,
34312,speechiness,missing_value,
34315,energy,outlier_low,-0.1435
34315,tempo,missing_value,
34319,instrumentalness,missing_value,
34319,tempo,missing_value,
34322,energy,missing_value,
34325,energy,outlier_high,1.2366
34326,acousticness,missing_value,
34329,valence,missing_value,
34329,acousticness,missing_value,
34332,valence,missing_value,
34333,danceability,missing_value,
34337,energy,missing_value,
34341,valence,missing_value,
34342,energy,missing_value,
34346,tempo,missing_value,
34350,instrumentalness,missing_value,
34352,danceability,missing_value,
34352,loudness,missing_value,
34353,acousticness,missing_value,
34353,speechiness,missing_value,
34356,energy,missing_value,
34359,energy,missing_value,
34360,valence,missing_value,
34363,valence,outlier_high,1.3036
34369,tempo,missing_value,
34374,energy,outlier_low,-0.2817
34376,valence,missing_value,
34379,tempo,missing_value,
34381,acousticness,missing_value,
34382,danceability,missing_value,
34382,energy,outlier_low,-0.1825
34384,energy,outlier_high,1.2025
34386,liveness,missing_value,
34390,loudness,missing_value,
34392,acousticness,missing_value,
34396,energy,outlier_high,1.3619
34397,acousticness,missing_value,
34402,loudness,outlier_high,4.4012
34406,valence,missing_value,
34408,danceability,outlier_low,-0.2764
34409,energy,missing_value,
34411,acousticness,missing_value,
34411,valence,outlier_low,-0.2491
34418,speechiness,missing_value,
34421,acousticness,missing_value,
34434,tempo,missing_value,
34435,liveness,missing_value,
34439,acousticness,missing_value,
34445,valence,missing_value,
34450,speechiness,missing_value,
34455,acousticness,missing_value,
34463,danceability,outlier_high,1.0997
34474,liveness,missing_value,
34475,acousticness,missing_value,
34476,instrumentalness,missing_value,
34477,liveness,missing_value,
34489,acousticness,missing_value,
34489,tempo,outlier_low,14.9771
34490,energy,missing_value,
34492,instrumentalness,missing_value,
34497,liveness,missing_value,
34499,danceability,missing_value,
34501,valence,missing_value,
34505,danceability,missing_value,
34511,speechiness,missing_value,
34514,instrumentalness,missing_value,
34517,danceability,missing_value,
34522,instrumentalness,missing_value,
34527,valence,missing_value,
34531,instrumentalness,missing_value,
34532,speechiness,missing_value,
34535,energy,missing_value,
34539,energy,missing_value,
34539,danceability,missing_value,
34547,speechiness,missing_value,
34549,instrumentalness,missing_value,
34550,acousticness,missing_value,
34553,loudness,missing_value,
34554,valence,missing_value,
34557,tempo,missing_value,
34565,acousticness,missing_value,
34567,loudness,missing_value,
34569,energy,missing_value,
34571,instrumentalness,missing_value,
34572,liveness,missing_value,
34573,acousticness,missing_value,
34575,acousticness,missing_value,
34578,danceability,outlier_high,1.4299
34578,loudness,missing_value,
34579,acousticness,missing_value,
34582,liveness,missing_value,
34584,energy,missing_value,
34585,instrumentalness,missing_value,
34589,liveness,missing_value,
34592,energy,missing_value,
34593,instrumentalness,missing_value,
34595,energy,outlier_high,1.2463
34595,liveness,missing_value,
34596,valence,outlier_low,-0.0787
34596,loudness,missing_value,
34597,tempo,missing_value,
34597,loudness,outlier_low,-86.5453
34598,danceability,missing_value,
34603,instrumentalness,missing_value,
34605,danceability,missing_value,
34609,instrumentalness,missing_value,
34611,instrumentalness,missing_value,
34613,liveness,missing_value,
34619,danceability,missing_value,
34621,energy,missing_value,
34624,instrumentalness,missing_value,
34625,speechiness,missing_value,
34631,acousticness,missing_value,
34632,acousticness,missing_value,
34632,instrumentalness,missing_value,
34637,valence,missing_value,
34640,energy,missing_value,
34640,valence,missing_value,
34643,loudness,missing_value,
34645,valence,missing_value,
34647,liveness,missing_value,
34656,tempo,missing_value,
34656,valence,missing_value,
34658,loudness,outlier_high,8.2793
34659,acousticness,missing_value,
34662,danceability,missing_value,
34665,tempo,outlier_high,418.6657
34666,energy,outlier_high,1.2874
34669,liveness,missing_value,
34674,danceability,missing_value,
34676,danceability,missing_value,
34678,danceability,missing_value,
34687,acousticness,missing_value,
34695,valence,missing_value,
34700,acousticness,missing_value,
34711,valence,missing_value,
34713,tempo,missing_value,
34722,loudness,missing_value,
34726,valence,outlier_low,-0.2952
34727,energy,outlier_low,-0.0918
34730,tempo,missing_value,
34731,tempo,missing_value,
34732,valence,missing_value,
34736,speechiness,missing_value,
34737,loudness,outlier_low,-89.9537
34737,speechiness,missing_value,
34743,energy,missing_value,
34749,danceability,missing_value,
34752,tempo,missing_value,
34759,energy,missing_value,
34765,loudness,missing_value,
34766,danceability,missing_value,
34768,danceability,outlier_high,1.0971
34773,loudness,missing_value,
34778,speechiness,missing_value,
34781,instrumentalness,missing_value,
34782,instrumentalness,missing_value,
34788,acousticness,missing_value,
34792,tempo,missing_value,
34796,instrumentalness,missing_value,
34797,loudness,missing_value,
34802,instrumentalness,missing_value,
34804,instrumentalness,missing_value,
34805,danceability,missing_value,
34807,danceability,missing_value,
34807,acousticness,missing_value,
34810,instrumentalness,missing_value,
34814,loudness,missing_value,
34832,tempo,missing_value,
34838,loudness,missing_value,
34841,energy,missing_value,
34849,tempo,missing_value,
34850,loudness,outlier_low,-70.8565
34850,tempo,missing_value,
34851,energy,missing_value,
34853,loudness,missing_value,
34856,energy,outlier_high,1.0623
34859,energy,missing_value,
34860,liveness,missing_value,
34861,valence,missing_value,
34866,loudness,missing_value,
34869,energy,missing_value,
34872,danceability,missing_value,
34878,energy,missing_value,
34882,acousticness,missing_value,
34883,danceability,outlier_high,1.1578
34884,acousticness,missing_value,
34884,loudness,outlier_low,-86.4720
34891,acousticness,missing_value,
34896,energy,missing_value,
34901,instrumentalness,missing_value,
34909,instrumentalness,missing_value,
34909,valence,missing_value,
34913,loudness,missing_value,
34914,acousticness,missing_value,
34915,acousticness,missing_value,
34916,acousticness,missing_value,
34927,energy,missing_value,
34928,danceability,outlier_high,1.4319
34930,energy,outlier_low,-0.1124
34933,energy,missing_value,
34934,danceability,outlier_low,-0.0967
34941,valence,missing_value,
34941,instrumentalness,missing_value,
34946,instrumentalness,missing_value,
34952,valence,missing_value,
34960,valence,missing_value,
34969,instrumentalness,missing_value,
34970,loudness,missing_value,
34989,liveness,missing_value,
34990,danceability,missing_value,
34991,loudness,missing_value,
34992,liveness,missing_value,
34993,tempo,outlier_high,356.9023
35007,valence,outlier_high,1.3470
35007,loudness,missing_value,
35013,energy,missing_value,
35017,danceability,outlier_low,-0.1760
35017,tempo,outlier_high,314.3363
35023,danceability,missing_value,
35042,tempo,missing_value,
35042,valence,missing_value,
35044,loudness,missing_value,
35045,danceability,missing_value,
35047,instrumentalness,missing_value,
35051,valence,missing_value,
35051,liveness,missing_value,
35053,loudness,missing_value,
35056,speechiness,missing_value,
35057,liveness,missing_value,
35068,tempo,missing_value,
35071,valence,missing_value,
35089,valence,missing_value,
35095,danceability,missing_value,
35108,speechiness,missing_value,
35108,liveness,missing_value,
35109,speechiness,missing_value,
35111,tempo,missing_value,
35113,tempo,missing_value,
35117,loudness,missing_value,
35120,danceability,missing_value,
35121,instrumentalness,missing_value,
35125,loudness,missing_value,
35132,liveness,missing_value,
35136,speechiness,missing_value,
35138,tempo,missing_value,
35142,instrumentalness,missing_value,
35145,speechiness,missing_value,
35150,valence,outlier_low,-0.0263
35154,liveness,missing_value,
35158,valence,missing_value,
35162,danceability,missing_value,
35168,acousticness,missing_value,
35168,valence,missing_value,
35169,danceability,missing_value,
35170,instrumentalness,missing_value,
35180,speechiness,missing_value,
35182,acousticness,missing_value,
35182,valence,missing_value,
35183,instrumentalness,missing_value,
35186,acousticness,missing_value,
35188,acousticness,missing_value,
35192,valence,missing_value,
35193,acousticness,missing_value,
35194,tempo,missing_value,
35199,valence,missing_value,
35200,speechiness,missing_value,
35205,valence,missing_value,
35209,danceability,missing_value,
35214,loudness,outlier_high,7.3842
35216,loudness,missing_value,
35218,energy,missing_value,
35226,liveness,missing_value,
35232,acousticness,missing_value,
35236,acousticness,missing_value,
35241,loudness,missing_value,
35243,energy,missing_value,
35245,acousticness,missing_value,
35249,acousticness,missing_value,
35250,danceability,missing_value,
35258,energy,missing_value,
35263,valence,missing_value,
35263,danceability,outlier_low,-0.1115
35267,energy,outlier_low,-0.0722
35271,acousticness,missing_value,
35274,acousticness,missing_value,
35278,speechiness,missing_value,
35283,valence,missing_value,
35283,loudness,outlier_high,8.7178
35284,loudness,missing_value,
35284,instrumentalness,missing_value,
35284,valence,missing_value,
35286,tempo,outlier_low,5.1070
35292,energy,outlier_low,-0.0156
35295,tempo,missing_value,
35299,loudness,missing_value,
35302,danceability,missing_value,
35307,loudness,missing_value,
35308,energy,missing_value,
35314,valence,missing_value,
35323,danceability,missing_value,
35323,tempo,missing_value,
35326,valence,missing_value,
35328,energy,missing_value,
35329,liveness,missing_value,
35332,liveness,missing_value,
35334,energy,outlier_high,1.2145
35339,energy,missing_value,
35340,speechiness,missing_value,
35351,energy,outlier_high,1.4277
35352,acousticness,missing_value,
35354,instrumentalness,missing_value,
35363,liveness,missing_value,
35376,instrumentalness,missing_value,
35377,valence,missing_value,
35378,liveness,missing_value,
35381,tempo,outlier_high,341.2248
35385,loudness,missing_value,
35387,instrumentalness,missing_value,
35392,valence,missing_value,
35399,acousticness,missing_value,
35404,valence,missing_value,
35409,instrumentalness,missing_value,
35416,instrumentalness,missing_value,
35428,loudness,missing_value,
35431,danceability,missing_value,
35431,instrumentalness,missing_value,
35435,valence,missing_value,
35439,liveness,missing_value,
35443,energy,missing_value,
35457,danceability,missing_value,
35459,instrumentalness,missing_value,
35460,loudness,missing_value,
35460,energy,missing_value,
35461,tempo,missing_value,
35464,liveness,missing_value,
35469,speechiness,missing_value,
35473,danceability,missing_value,
35475,liveness,missing_value,
35482,liveness,missing_value,
35489,speechiness,missing_value,
35491,valence,missing_value,
35493,tempo,missing_value,
35494,instrumentalness,missing_value,
35494,valence,outlier_high,1.4057
35498,energy,missing_value,
35501,loudness,missing_value,
35502,danceability,missing_value,
35512,loudness,missing_value,
35512,danceability,missing_value,
35517,tempo,missing_value,
35518,speechiness,missing_value,
35518,tempo,missing_value,
35523,instrumentalness,missing_value,
35525,valence,missing_value,
35525,danceability,missing_value,
35528,tempo,missing_value,
35530,energy,missing_value,
35531,energy,missing_value,
35532,tempo,missing_value,
35535,speechiness,missing_value,
35535,liveness,missing_value,
35542,speechiness,missing_value,
35547,loudness,outlier_low,-71.6308
35551,acousticness,missing_value,
35555,danceability,missing_value,
35559,instrumentalness,missing_value,
35560,energy,missing_value,
35565,energy,missing_value,
35566,speechiness,missing_value,
35568,acousticness,missing_value,
35575,energy,missing_value,
35577,tempo,missing_value,
35577,loudness,outlier_low,-77.1838
35583,loudness,outlier_high,5.5415
35585,valence,missing_value,
35586,acousticness,missing_value,
35590,tempo,outlier_high,392.8202
35596,loudness,missing_value,
35597,acousticness,missing_value,
35599,danceability,missing_value,
35601,valence,missing_value,
35601,energy,missing_value,
35606,acousticness,missing_value,
35607,loudness,missing_value,
35607,valence,missing_value,
35610,tempo,missing_value,
35613,loudness,outlier_high,4.5264
35614,energy,outlier_low,-0.2086
35618,valence,missing_value,
35620,acousticness,missing_value,
35621,energy,missing_value,
35621,acousticness,missing_value,
35629,valence,missing_value,
35630,liveness,missing_value,
35631,instrumentalness,missing_value,
35632,tempo,outlier_low,3.2344
35633,loudness,outlier_low,-87.2307
35636,danceability,missing_value,
35638,speechiness,missing_value,
35638,valence,missing_value,
35639,valence,missing_value,
35645,energy,missing_value,
35649,loudness,missing_value,
35650,loudness,missing_value,
35652,speechiness,missing_value,
35655,valence,missing_value,
35656,loudness,missing_value,
35657,tempo,missing_value,
35660,instrumentalness,missing_value,
35661,speechiness,missing_value,
35665,liveness,missing_value,
35666,energy,missing_value,
35677,tempo,missing_value,
35684,energy,missing_value,
35686,energy,missing_value,
35692,danceability,missing_value,
35698,danceability,missing_value,
35701,acousticness,missing_value,
35702,loudness,outlier_high,2.9998
35702,danceability,outlier_low,-0.0662
35704,instrumentalness,missing_value,
35709,liveness,missing_value,
35718,instrumentalness,missing_value,
35722,valence,missing_value,
35732,instrumentalness,missing_value,
35738,acousticness,missing_value,
35749,valence,missing_value,
35750,valence,missing_value,
35751,liveness,missing_value,
35753,tempo,missing_value,
35760,instrumentalness,missing_value,
35761,instrumentalness,missing_value,
35769,speechiness,missing_value,
35777,energy,missing_value,
35778,energy,outlier_low,-0.2161
35783,loudness,missing_value,
35783,tempo,missing_value,
35785,instrumentalness,missing_value,
35788,loudness,outlier_low,-71.9634
35791,loudness,outlier_high,9.9057
35797,instrumentalness,missing_value,
35809,danceability,missing_value,
35809,acousticness,missing_value,
35820,liveness,missing_value,
35829,valence,missing_value,
35831,instrumentalness,missing_value,
35838,energy,missing_value,
35840,energy,outlier_high,1.2144
35850,instrumentalness,missing_value,
35853,danceability,outlier_high,1.0929
35855,valence,missing_value,
35857,speechiness,missing_value,
35861,liveness,missing_value,
35865,danceability,outlier_low,-0.2907
35865,acousticness,missing_value,
35866,loudness,outlier_low,-70.1236
35866,acousticness,missing_value,
35870,tempo,missing_value,
35871,energy,missing_value,
35872,instrumentalness,missing_value,
35872,valence,missing_value,
35872,loudness,missing_value,
35873,instrumentalness,missing_value,
35876,loudness,outlier_high,8.4216
35882,liveness,missing_value,
35884,acousticness,missing_value,
35889,energy,missing_value,
35897,danceability,missing_value,
35899,liveness,missing_value,
35899,loudness,missing_value,
35901,acousticness,missing_value,
35901,energy,missing_value,
35902,danceability,missing_value,
35903,loudness,missing_value,
35910,tempo,missing_value,
35916,instrumentalness,missing_value,
35919,danceability,missing_value,
35922,instrumentalness,missing_value,
35929,liveness,missing_value,
35930,danceability,missing_value,
35934,valence,missing_value,
35936,instrumentalness,missing_value,
35942,instrumentalness,missing_value,
35946,liveness,missing_value,
35948,valence,missing_value,
35950,acousticness,missing_value,
35956,danceability,missing_value,
35968,tempo,missing_value,
35970,speechiness,missing_value,
35987,liveness,missing_value,
35990,valence,outlier_low,-0.2280
35992,loudness,missing_value,
35993,danceability,outlier_high,1.4385
35997,liveness,missing_value,
36003,tempo,missing_value,
36003,liveness,missing_value,
36005,danceability,missing_value,
36011,tempo,missing_value,
36013,energy,missing_value,
36018,instrumentalness,missing_value,
36020,acousticness,missing_value,
36029,energy,missing_value,
36030,instrumentalness,missing_value,
36032,danceability,missing_value,
36043,tempo,outlier_high,389.8112
36045,danceability,missing_value,
36047,energy,outlier_high,1.0832
36058,valence,missing_value,
36059,instrumentalness,missing_value,
36060,danceability,missing_value,
36065,energy,outlier_high,1.3313
36070,energy,missing_value,
36072,valence,missing_value,
36073,energy,outlier_low,-0.0691
36076,tempo,missing_value,
36078,valence,outlier_high,1.3451
36079,instrumentalness,missing_value,
36084,loudness,missing_value,
36088,loudness,missing_value,
36092,instrumentalness,missing_value,
36092,valence,missing_value,
36093,danceability,outlier_high,1.4198
36097,danceability,missing_value,
36097,valence,missing_value,
36098,valence,missing_value,
36103,danceability,missing_value,
36104,loudness,missing_value,
36113,loudness,missing_value,
36113,danceability,missing_value,
36115,speechiness,missing_value,
36132,instrumentalness,missing_value,
36137,tempo,missing_value,
36143,danceability,missing_value,
36145,acousticness,missing_value,
36146,tempo,missing_value,
36146,instrumentalness,missing_value,
36150,danceability,outlier_high,1.2799
36156,instrumentalness,missing_value,
36167,valence,missing_value,
36167,tempo,missing_value,
36169,danceability,missing_value,
36170,valence,missing_value,
36171,tempo,missing_value,
36180,speechiness,missing_value,
36191,valence,missing_value,
36193,liveness,missing_value,
36200,loudness,missing_value,
36202,speechiness,missing_value,
36216,speechiness,missing_value,
36217,loudness,missing_value,
36222,danceability,missing_value,
36224,instrumentalness,missing_value,
36226,valence,missing_value,
36235,tempo,missing_value,
36238,speechiness,missing_value,
36239,loudness,outlier_high,2.1676
36245,danceability,missing_value,
36249,liveness,missing_value,
36254,loudness,missing_value,
36258,danceability,missing_value,
36261,liveness,missing_value,
36265,valence,missing_value,
36269,valence,missing_value,
36270,acousticness,missing_value,
36271,valence,missing_value,
36278,loudness,missing_value,
36281,liveness,missing_value,
36281,energy,missing_value,
36283,liveness,missing_value,
36285,valence,missing_value,
36289,energy,outlier_high,1.2489
36291,liveness,missing_value,
36295,acousticness,missing_value,
36298,tempo,missing_value,
36298,speechiness,missing_value,
36300,tempo,outlier_low,6.7813
36301,acousticness,missing_value,
36303,danceability,missing_value,
36304,instrumentalness,missing_value,
36304,liveness,missing_value,
36306,acousticness,missing_value,
36310,instrumentalness,missing_value,
36313,danceability,missing_value,
36316,loudness,missing_value,
36318,loudness,missing_value,
36326,energy,missing_value,
36326,loudness,missing_value,
36328,danceability,missing_value,
36338,energy,missing_value,
36338,instrumentalness,missing_value,
36339,energy,missing_value,
36341,instrumentalness,missing_value,
36344,liveness,missing_value,
36350,liveness,missing_value,
36352,energy,outlier_high,1.1369
36355,instrumentalness,missing_value,
36360,danceability,missing_value,
36362,loudness,missing_value,
36370,liveness,missing_value,
36373,loudness,outlier_low,-83.0364
36373,valence,missing_value,
36374,speechiness,missing_value,
36374,energy,missing_value,
36382,danceability,missing_value,
36383,liveness,missing_value,
36383,instrumentalness,missing_value,
36384,danceability,outlier_low,-0.0375
36388,instrumentalness,missing_value,
36389,instrumentalness,missing_value,
36391,energy,missing_value,
36392,liveness,missing_value,
36395,instrumentalness,missing_value,
36397,energy,missing_value,
36403,loudness,missing_value,
36405,instrumentalness,missing_value,
36407,instrumentalness,missing_value,
36412,loudness,missing_value,
36421,tempo,missing_value,
36421,danceability,missing_value,
36426,tempo,missing_value,
36428,danceability,missing_value,
36432,liveness,missing_value,
36435,valence,missing_value,
36438,acousticness,missing_value,
36439,valence,missing_value,
36444,acousticness,missing_value,
36447,valence,outlier_high,1.3795
36453,speechiness,missing_value,
36461,loudness,missing_value,
36464,valence,missing_value,
36464,acousticness,missing_value,
36467,valence,missing_value,
36472,speechiness,missing_value,
36475,danceability,missing_value,
36480,acousticness,missing_value,
36483,speechiness,missing_value,
36484,energy,missing_value,
36488,danceability,missing_value,
36488,valence,missing_value,
36490,liveness,missing_value,
36492,acousticness,missing_value,
36492,energy,missing_value,
36495,liveness,missing_value,
36499,loudness,missing_value,
36504,valence,missing_value,
36511,loudness,missing_value,
36513,liveness,missing_value,
36515,acousticness,missing_value,
36518,energy,missing_value,
36523,valence,missing_value,
36529,tempo,missing_value,
36535,instrumentalness,missing_value,
36537,valence,outlier_high,1.0955
36537,liveness,missing_value,
36540,danceability,missing_value,
36545,tempo,missing_value,
36548,speechiness,missing_value,
36560,instrumentalness,missing_value,
36560,acousticness,missing_value,
36566,tempo,missing_value,
36573,acousticness,missing_value,
36574,acousticness,missing_value,
36576,loudness,missing_value,
36579,speechiness,missing_value,
36580,valence,missing_value,
36580,acousticness,missing_value,
36585,speechiness,missing_value,
36585,loudness,missing_value,
36585,energy,missing_value,
36587,tempo,missing_value,
36589,liveness,missing_value,
36590,speechiness,missing_value,
36590,valence,missing_value,
36593,energy,missing_value,
36603,valence,missing_value,
36603,energy,missing_value,
36619,tempo,missing_value,
36619,energy,missing_value,
36625,valence,outlier_high,1.0771
36637,acousticness,missing_value,
36638,loudness,outlier_high,1.5639
36640,acousticness,missing_value,
36648,acousticness,missing_value,
36648,instrumentalness,missing_value,
36653,instrumentalness,missing_value,
36655,tempo,missing_value,
36665,danceability,outlier_low,-0.0461
36665,speechiness,missing_value,
36671,acousticness,missing_value,
36671,loudness,outlier_low,-82.6395
36672,loudness,missing_value,
36673,liveness,missing_value,
36675,tempo,outlier_low,2.9751
36679,loudness,missing_value,
36681,tempo,missing_value,
36689,speechiness,missing_value,
36689,valence,missing_value,
36692,speechiness,missing_value,
36693,instrumentalness,missing_value,
36695,valence,outlier_high,1.2182
36695,danceability,missing_value,
36696,loudness,missing_value,
36703,acousticness,missing_value,
36712,energy,missing_value,
36716,speechiness,missing_value,
36723,energy,missing_value,
36725,tempo,missing_value,
36726,acousticness,missing_value,
36728,danceability,missing_value,
36731,loudness,missing_value,
36734,valence,outlier_low,-0.1370
36736,speechiness,missing_value,
36736,energy,missing_value,
36737,instrumentalness,missing_value,
36738,speechiness,missing_value,
36739,speechiness,missing_value,
36740,acousticness,missing_value,
36743,acousticness,missing_value,
36744,tempo,missing_value,
36750,energy,missing_value,
36753,tempo,missing_value,
36754,loudness,missing_value,
36758,instrumentalness,missing_value,
36759,tempo,missing_value,
36762,tempo,missing_value,
36765,loudness,outlier_low,-76.9719
36768,liveness,missing_value,
36779,danceability,missing_value,
36782,acousticness,missing_value,
36785,instrumentalness,missing_value,
36789,instrumentalness,missing_value,
36789,acousticness,missing_value,
36791,acousticness,missing_value,
36794,loudness,missing_value,
36795,speechiness,missing_value,
36796,energy,missing_value,
36798,acousticness,missing_value,
36798,energy,missing_value,
36799,speechiness,missing_value,
36802,speechiness,missing_value,
36803,energy,missing_value,
36810,tempo,missing_value,
36813,liveness,missing_value,
36818,danceability,missing_value,
36821,loudness,missing_value,
36826,tempo,outlier_low,6.0616
36830,danceability,missing_value,
36831,valence,missing_value,
36838,acousticness,missing_value,
36838,danceability,missing_value,
36840,valence,missing_value,
36840,speechiness,missing_value,
36842,danceability,missing_value,
36847,danceability,missing_value,
36850,danceability,missing_value,
36855,danceability,outlier_high,1.2089
36861,instrumentalness,missing_value,
36863,loudness,missing_value,
36868,instrumentalness,missing_value,
36873,liveness,missing_value,
36876,loudness,missing_value,
36879,valence,outlier_high,1.1073
36881,speechiness,missing_value,
36889,acousticness,missing_value,
36891,liveness,missing_value,
36893,loudness,missing_value,
36894,liveness,missing_value,
36897,liveness,missing_value,
36898,loudness,missing_value,
36899,danceability,missing_value,
36904,speechiness,missing_value,
36906,danceability,outlier_low,-0.1002
36906,valence,missing_value,
36908,energy,missing_value,
36915,danceability,missing_value,
36917,danceability,missing_value,
36918,valence,missing_value,
36918,energy,missing_value,
36925,energy,missing_value,
36929,speechiness,missing_value,
36931,valence,missing_value,
36933,danceability,missing_value,
36941,danceability,missing_value,
36942,tempo,missing_value,
36943,acousticness,missing_value,
36946,tempo,missing_value,
36949,valence,missing_value,
36951,acousticness,missing_value,
36951,speechiness,missing_value,
36952,energy,missing_value,
36969,loudness,outlier_low,-87.9260
36969,tempo,missing_value,
36981,valence,missing_value,
36982,instrumentalness,missing_value,
36982,acousticness,missing_value,
36983,energy,missing_value,
36985,energy,missing_value,
36987,danceability,missing_value,
36988,instrumentalness,missing_value,
36996,acousticness,missing_value,
37000,acousticness,missing_value,
37006,danceability,missing_value,
37006,loudness,outlier_high,4.0375
37016,liveness,missing_value,
37020,loudness,outlier_low,-82.8698
37020,liveness,missing_value,
37021,energy,outlier_low,-0.2681
37027,valence,missing_value,
37029,tempo,missing_value,
37032,acousticness,missing_value,
37047,energy,outlier_low,-0.2106
37048,speechiness,missing_value,
37053,instrumentalness,missing_value,
37061,danceability,missing_value,
37063,tempo,missing_value,
37066,tempo,missing_value,
37068,energy,missing_value,
37068,instrumentalness,missing_value,
37069,instrumentalness,missing_value,
37080,energy,outlier_low,-0.1653
37082,acousticness,missing_value,
37082,liveness,missing_value,
37087,acousticness,missing_value,
37104,loudness,missing_value,
37105,valence,missing_value,
37107,loudness,missing_value,
37124,energy,missing_value,
37125,acousticness,missing_value,
37129,liveness,missing_value,
37129,speechiness,missing_value,
37130,danceability,missing_value,
37137,liveness,missing_value,
37138,energy,outlier_low,-0.2550
37143,loudness,missing_value,
37143,speechiness,missing_value,
37149,valence,missing_value,
37153,instrumentalness,missing_value,
37155,speechiness,missing_value,
37157,speechiness,missing_value,
37157,liveness,missing_value,
37160,speechiness,missing_value,
37163,loudness,missing_value,
37165,instrumentalness,missing_value,
37165,energy,missing_value,
37167,energy,missing_value,
37171,valence,outlier_high,1.3740
37175,tempo,missing_value,
37182,speechiness,missing_value,
37214,liveness,missing_value,
37216,acousticness,missing_value,
37218,acousticness,missing_value,
37221,loudness,outlier_high,4.9820
37222,instrumentalness,missing_value,
37222,acousticness,missing_value,
37224,acousticness,missing_value,
37230,tempo,missing_value,
37233,danceability,missing_value,
37235,acousticness,missing_value,
37244,speechiness,missing_value,
37245,tempo,missing_value,
37254,acousticness,missing_value,
37255,liveness,missing_value,
37261,tempo,missing_value,
37271,energy,missing_value,
37274,acousticness,missing_value,
37275,liveness,missing_value,
37279,tempo,missing_value,
37286,speechiness,missing_value,
37297,instrumentalness,missing_value,
37299,loudness,missing_value,
37307,loudness,missing_value,
37309,energy,missing_value,
37309,danceability,missing_value,
37310,danceability,missing_value,
37316,energy,missing_value,
37317,speechiness,missing_value,
37319,loudness,missing_value,
37319,instrumentalness,missing_value,
37321,valence,missing_value,
37327,danceability,missing_value,
37329,liveness,missing_value,
37333,speechiness,missing_value,
37339,acousticness,missing_value,
37342,liveness,missing_value,
37345,liveness,missing_value,
37348,acousticness,missing_value,
37350,danceability,missing_value,
37352,acousticness,missing_value,
37354,speechiness,missing_value,
37356,danceability,missing_value,
37359,speechiness,missing_value,
37359,acousticness,missing_value,
37366,tempo,missing_value,
37371,instrumentalness,missing_value,
37379,loudness,missing_value,
37381,valence,missing_value,
37384,tempo,missing_value,
37386,instrumentalness,missing_value,
37393,acousticness,missing_value,
37396,valence,missing_value,
37397,acousticness,missing_value,
37400,danceability,missing_value,
37405,speechiness,missing_value,
37408,instrumentalness,missing_value,
37415,loudness,missing_value,
37418,danceability,missing_value,
37422,valence,missing_value,
37428,valence,missing_value,
37429,loudness,missing_value,
37432,acousticness,missing_value,
37434,loudness,missing_value,
37441,acousticness,missing_value,
37443,valence,missing_value,
37443,danceability,missing_value,
37446,valence,outlier_high,1.2143
37448,loudness,outlier_high,9.8529
37451,loudness,missing_value,
37455,valence,outlier_high,1.1498
37459,tempo,outlier_high,341.4302
37463,instrumentalness,missing_value,
37469,speechiness,missing_value,
37477,energy,missing_value,
37478,valence,outlier_high,1.2088
37480,danceability,missing_value,
37485,valence,missing_value,
37486,liveness,missing_value,
37489,speechiness,missing_value,
37490,liveness,missing_value,
37490,loudness,outlier_low,-82.0143
37497,acousticness,missing_value,
37502,energy,missing_value,
37502,liveness,missing_value,
37505,valence,missing_value,
37519,danceability,missing_value,
37522,speechiness,missing_value,
37523,instrumentalness,missing_value,
37530,instrumentalness,missing_value,
37531,danceability,missing_value,
37533,danceability,missing_value,
37538,tempo,outlier_high,405.3408
37546,loudness,missing_value,
37546,acousticness,missing_value,
37547,tempo,missing_value,
37549,instrumentalness,missing_value,
37550,instrumentalness,missing_value,
37550,danceability,missing_value,
37550,tempo,missing_value,
37556,danceability,missing_value,
37568,danceability,outlier_high,1.0632
37574,liveness,missing_value,
37578,danceability,missing_value,
37580,speechiness,missing_value,
37583,loudness,missing_value,
37583,liveness,missing_value,
37585,acousticness,missing_value,
37586,valence,missing_value,
37587,instrumentalness,missing_value,
37599,danceability,missing_value,
37600,tempo,missing_value,
37601,speechiness,missing_value,
37603,speechiness,missing_value,
37604,valence,missing_value,
37608,speechiness,missing_value,
37608,tempo,missing_value,
37609,energy,outlier_low,-0.0619
37614,danceability,missing_value,
37621,instrumentalness,missing_value,
37633,speechiness,missing_value,
37636,instrumentalness,missing_value,
37637,energy,missing_value,
37641,danceability,missing_value,
37643,loudness,outlier_high,3.2231
37649,valence,missing_value,
37651,tempo,missing_value,
37651,danceability,missing_value,
37656,energy,missing_value,
37664,tempo,missing_value,
37665,valence,missing_value,
37666,loudness,missing_value,
37668,valence,missing_value,
37668,tempo,missing_value,
37669,acousticness,missing_value,
37671,danceability,missing_value,
37678,energy,outlier_low,-0.1921
37683,instrumentalness,missing_value,
37683,speechiness,missing_value,
37684,acousticness,missing_value,
37688,liveness,missing_value,
37689,loudness,missing_value,
37691,instrumentalness,missing_value,
37691,acousticness,missing_value,
37693,danceability,missing_value,
37695,speechiness,missing_value,
37697,energy,outlier_low,-0.2035
37700,liveness,missing_value,
37703,acousticness,missing_value,
37706,danceability,outlier_high,1.1886
37707,valence,missing_value,
37707,danceability,missing_value,
37708,instrumentalness,missing_value,
37708,loudness,missing_value,
37720,speechiness,missing_value,
37725,loudness,missing_value,
37725,danceability,missing_value,
37729,danceability,missing_value,
37732,acousticness,missing_value,
37734,instrumentalness,missing_value,
37737,danceability,missing_value,
37738,tempo,outlier_low,1.7993
37746,speechiness,missing_value,
37749,instrumentalness,missing_value,
37749,liveness,missing_value,
37749,loudness,missing_value,
37751,liveness,missing_value,
37755,tempo,missing_value,
37756,tempo,missing_value,
37756,loudness,missing_value,
37757,loudness,missing_value,
37767,loudness,missing_value,
37767,liveness,missing_value,
37768,energy,outlier_high,1.1163
37770,instrumentalness,missing_value,
37770,liveness,missing_value,
37775,danceability,missing_value,
37777,liveness,missing_value,
37779,liveness,missing_value,
37779,danceability,missing_value,
37780,loudness,missing_value,
37783,instrumentalness,missing_value,
37795,tempo,missing_value,
37800,liveness,missing_value,
37801,valence,missing_value,
37802,liveness,missing_value,
37806,danceability,missing_value,
37811,energy,outlier_low,-0.0512
37811,valence,missing_value,
37812,speechiness,missing_value,
37816,instrumentalness,missing_value,
37820,instrumentalness,missing_value,
37821,loudness,missing_value,
37826,acousticness,missing_value,
37827,tempo,missing_value,
37829,tempo,outlier_high,399.2858
37830,acousticness,missing_value,
37837,valence,missing_value,
37839,energy,outlier_high,1.3283
37840,instrumentalness,missing_value,
37844,energy,missing_value,
37849,speechiness,missing_value,
37852,liveness,missing_value,
37852,tempo,missing_value,
37857,acousticness,missing_value,
37863,energy,missing_value,
37866,danceability,missing_value,
37868,energy,missing_value,
37869,tempo,missing_value,
37871,danceability,missing_value,
37872,valence,missing_value,
37880,acousticness,missing_value,
37883,instrumentalness,missing_value,
37887,tempo,missing_value,
37889,energy,missing_value,
37890,acousticness,missing_value,
37894,speechiness,missing_value,
37896,tempo,outlier_low,0.0618
37900,loudness,missing_value,
37906,acousticness,missing_value,
37914,instrumentalness,missing_value,
37917,instrumentalness,missing_value,
37919,tempo,missing_value,
37921,valence,outlier_low,-0.2274
37922,liveness,missing_value,
37925,energy,missing_value,
37927,speechiness,missing_value,
37939,instrumentalness,missing_value,
37941,instrumentalness,missing_value,
37943,energy,missing_value,
37946,valence,missing_value,
37955,tempo,missing_value,
37957,valence,missing_value,
37957,loudness,missing_value,
37962,valence,missing_value,
37963,energy,missing_value,
37963,danceability,missing_value,
37973,speechiness,missing_value,
37977,loudness,missing_value,
37979,energy,missing_value,
37983,danceability,missing_value,
37991,loudness,missing_value,
37993,acousticness,missing_value,
37994,valence,missing_value,
38004,liveness,missing_value,
38005,loudness,outlier_high,6.8422
38010,speechiness,missing_value,
38010,valence,missing_value,
38013,acousticness,missing_value,
38014,energy,missing_value,
38021,tempo,missing_value,
38023,acousticness,missing_value,
38024,speechiness,missing_value,
38027,loudness,outlier_low,-87.0559
38043,loudness,missing_value,
38044,instrumentalness,missing_value,
38045,tempo,missing_value,
38046,liveness,missing_value,
38052,instrumentalness,missing_value,
38055,loudness,missing_value,
38056,speechiness,missing_value,
38057,valence,missing_value,
38061,tempo,missing_value,
38063,acousticness,missing_value,
38067,acousticness,missing_value,
38067,valence,missing_value,
38070,valence,missing_value,
38070,liveness,missing_value,
38071,liveness,missing_value,
38073,acousticness,missing_value,
38075,speechiness,missing_value,
38077,tempo,missing_value,
38085,liveness,missing_value,
38086,valence,outlier_high,1.1907
38089,danceability,missing_value,
38097,instrumentalness,missing_value,
38103,loudness,missing_value,
38103,energy,missing_value,
38109,liveness,missing_value,
38111,instrumentalness,missing_value,
38112,loudness,missing_value,
38118,valence,outlier_low,-0.1289
38122,liveness,missing_value,
38125,acousticness,missing_value,
38127,loudness,missing_value,
38130,tempo,missing_value,
38131,energy,missing_value,
38133,valence,outlier_low,-0.2818
38142,valence,missing_value,
38145,tempo,missing_value,
38145,instrumentalness,missing_value,
38147,energy,missing_value,
38151,instrumentalness,missing_value,
38151,energy,missing_value,
38151,tempo,missing_value,
38174,energy,missing_value,
38174,loudness,missing_value,
38177,loudness,missing_value,
38177,valence,missing_value,
38178,loudness,outlier_high,9.9828
38180,valence,missing_value,
38183,energy,missing_value,
38188,valence,missing_value,
38190,liveness,missing_value,
38194,liveness,missing_value,
38194,loudness,missing_value,
38202,valence,outlier_high,1.1170
38208,loudness,outlier_high,6.5966
38212,valence,outlier_low,-0.2141
38213,valence,outlier_high,1.1857
38221,loudness,outlier_high,5.2942
38221,instrumentalness,missing_value,
38236,loudness,missing_value,
38239,speechiness,missing_value,
38240,liveness,missing_value,
38241,instrumentalness,missing_value,
38242,instrumentalness,missing_value,
38242,liveness,missing_value,
38243,energy,missing_value,
38244,instrumentalness,missing_value,
38248,tempo,missing_value,
38262,speechiness,missing_value,
38265,danceability,missing_value,
38268,acousticness,missing_value,
38271,liveness,missing_value,
38276,acousticness,missing_value,
38282,loudness,outlier_high,2.0391
38289,speechiness,missing_value,
38289,loudness,missing_value,
38294,energy,missing_value,
38296,loudness,missing_value,
38298,valence,missing_value,
38300,acousticness,missing_value,
38301,valence,missing_value,
38309,acousticness,missing_value,
38310,tempo,missing_value,
38313,instrumentalness,missing_value,
38315,tempo,outlier_high,414.1248
38319,speechiness,missing_value,
38321,instrumentalness,missing_value,
38331,instrumentalness,missing_value,
38333,speechiness,missing_value,
38333,danceability,missing_value,
38346,liveness,missing_value,
38350,acousticness,missing_value,
38352,acousticness,missing_value,
38355,valence,missing_value,
38359,liveness,missing_value,
38360,acousticness,missing_value,
38362,speechiness,missing_value,
38365,energy,missing_value,
38368,loudness,outlier_high,2.6663
38368,acousticness,missing_value,
38374,speechiness,missing_value,
38381,acousticness,missing_value,
38385,tempo,missing_value,
38385,speechiness,missing_value,
38392,loudness,missing_value,
38394,instrumentalness,missing_value,
38396,danceability,missing_value,
38398,tempo,missing_value,
38401,energy,outlier_high,1.0505
38403,instrumentalness,missing_value,
38408,valence,missing_value,
38411,speechiness,missing_value,
38415,valence,missing_value,
38424,tempo,missing_value,
38425,instrumentalness,missing_value,
38434,danceability,missing_value,
38436,acousticness,missing_value,
38445,danceability,outlier_low,-0.1862
38448,danceability,outlier_low,-0.1702
38449,speechiness,missing_value,
38452,danceability,missing_value,
38453,tempo,missing_value,
38456,liveness,missing_value,
38456,tempo,missing_value,
38457,loudness,missing_value,
38459,liveness,missing_value,
38462,instrumentalness,missing_value,
38462,energy,outlier_high,1.4795
38467,liveness,missing_value,
38473,valence,missing_value,
38473,loudness,outlier_low,-76.0309
38473,acousticness,missing_value,
38483,instrumentalness,missing_value,
38488,danceability,outlier_high,1.4301
38493,acousticness,missing_value,
38493,valence,missing_value,
38496,speechiness,missing_value,
38498,loudness,missing_value,
38505,energy,missing_value,
38506,danceability,outlier_high,1.4885
38506,speechiness,missing_value,
38507,tempo,missing_value,
38511,valence,missing_value,
38512,tempo,missing_value,
38517,acousticness,missing_value,
38518,acousticness,missing_value,
38519,acousticness,missing_value,
38526,valence,missing_value,
38531,speechiness,missing_value,
38534,tempo,missing_value,
38538,speechiness,missing_value,
38542,liveness,missing_value,
38544,tempo,missing_value,
38545,acousticness,missing_value,
38551,tempo,missing_value,
38551,acousticness,missing_value,
38554,valence,missing_value,
38556,instrumentalness,missing_value,
38565,instrumentalness,missing_value,
38566,tempo,outlier_high,335.3694
38567,tempo,missing_value,
38571,liveness,missing_value,
38577,loudness,missing_value,
38578,loudness,missing_value,
38579,acousticness,missing_value,
38583,danceability,missing_value,
38592,tempo,missing_value,
38595,energy,missing_value,
38597,danceability,missing_value,
38597,acousticness,missing_value,
38605,liveness,missing_value,
38608,instrumentalness,missing_value,
38611,tempo,missing_value,
38617,loudness,outlier_high,4.4637
38624,valence,missing_value,
38625,speechiness,missing_value,
38626,instrumentalness,missing_value,
38626,tempo,missing_value,
38626,liveness,missing_value,
38630,energy,missing_value,
38634,loudness,missing_value,
38635,tempo,missing_value,
38637,loudness,missing_value,
38638,acousticness,missing_value,
38641,liveness,missing_value,
38642,valence,missing_value,
38642,tempo,outlier_low,8.5229
38647,speechiness,missing_value,
38648,speechiness,missing_value,
38658,danceability,missing_value,
38658,valence,missing_value,
38660,tempo,outlier_high,324.6410
38661,energy,outlier_low,-0.2215
38664,speechiness,missing_value,
38667,danceability,missing_value,
38673,tempo,missing_value,
38674,danceability,missing_value,
38680,tempo,missing_value,
38681,instrumentalness,missing_value,
38684,instrumentalness,missing_value,
38691,loudness,missing_value,
38696,energy,missing_value,
38697,valence,missing_value,
38697,liveness,missing_value,
38706,valence,missing_value,
38706,energy,missing_value,
38706,loudness,missing_value,
38709,energy,missing_value,
38711,danceability,missing_value,
38714,tempo,missing_value,
38715,loudness,missing_value,
38716,valence,missing_value,
38716,acousticness,missing_value,
38719,tempo,missing_value,
38723,tempo,missing_value,
38724,energy,missing_value,
38727,energy,missing_value,
38733,danceability,missing_value,
38734,instrumentalness,missing_value,
38736,tempo,missing_value,
38742,danceability,missing_value,
38745,liveness,missing_value,
38745,speechiness,missing_value,
38758,instrumentalness,missing_value,
38763,loudness,missing_value,
38765,liveness,missing_value,
38766,liveness,missing_value,
38771,instrumentalness,missing_value,
38772,danceability,missing_value,
38775,tempo,missing_value,
38777,tempo,missing_value,
38782,valence,missing_value,
38787,instrumentalness,missing_value,
38797,danceability,missing_value,
38801,speechiness,missing_value,
38802,liveness,missing_value,
38805,energy,missing_value,
38805,liveness,missing_value,
38807,danceability,missing_value,
38807,valence,outlier_high,1.4650
38811,energy,missing_value,
38814,acousticness,missing_value,
38818,loudness,missing_value,
38823,tempo,outlier_high,308.2533
38825,valence,missing_value,
38829,liveness,missing_value,
38830,liveness,missing_value,
38831,energy,missing_value,
38833,loudness,missing_value,
38840,acousticness,missing_value,
38843,energy,missing_value,
38848,danceability,missing_value,
38853,tempo,outlier_low,14.1198
38857,instrumentalness,missing_value,
38859,tempo,missing_value,
38861,danceability,outlier_low,-0.2795
38862,speechiness,missing_value,
38862,energy,missing_value,
38865,instrumentalness,missing_value,
38884,speechiness,missing_value,
38884,acousticness,missing_value,
38886,energy,missing_value,
38888,instrumentalness,missing_value,
38893,liveness,missing_value,
38898,danceability,outlier_high,1.1773
38899,acousticness,missing_value,
38900,energy,missing_value,
38900,valence,missing_value,
38903,instrumentalness,missing_value,
38903,energy,missing_value,
38914,acousticness,missing_value,
38917,valence,missing_value,
38925,liveness,missing_value,
38926,acousticness,missing_value,
38930,speechiness,missing_value,
38932,valence,outlier_high,1.1985
38937,acousticness,missing_value,
38940,instrumentalness,missing_value,
38943,tempo,missing_value,
38945,acousticness,missing_value,
38950,loudness,missing_value,
38961,loudness,outlier_low,-80.6510
38964,loudness,missing_value,
38969,instrumentalness,missing_value,
38971,speechiness,missing_value,
38971,tempo,missing_value,
38976,tempo,missing_value,
38978,acousticness,missing_value,
38979,speechiness,missing_value,
38980,loudness,missing_value,
38984,energy,outlier_low,-0.1399
38986,liveness,missing_value,
38991,energy,missing_value,
38993,valence,missing_value,
38995,loudness,missing_value,
38996,speechiness,missing_value,
38998,acousticness,missing_value,
38998,tempo,missing_value,
39001,speechiness,missing_value,
39001,danceability,missing_value,
39003,valence,missing_value,
39004,tempo,missing_value,
39009,speechiness,missing_value,
39014,instrumentalness,missing_value,
39015,acousticness,missing_value,
39018,acousticness,missing_value,
39023,instrumentalness,missing_value,
39025,energy,missing_value,
39026,valence,missing_value,
39035,valence,missing_value,
39036,instrumentalness,missing_value,
39037,instrumentalness,missing_value,
39039,acousticness,missing_value,
39043,valence,missing_value,
39044,danceability,missing_value,
39050,acousticness,missing_value,
39057,instrumentalness,missing_value,
39064,instrumentalness,missing_value,
39064,speechiness,missing_value,
39065,speechiness,missing_value,
39069,acousticness,missing_value,
39071,instrumentalness,missing_value,
39072,loudness,missing_value,
39077,liveness,missing_value,
39080,tempo,missing_value,
39084,danceability,missing_value,
39085,instrumentalness,missing_value,
39088,speechiness,missing_value,
39092,speechiness,missing_value,
39094,speechiness,missing_value,
39096,danceability,missing_value,
39097,danceability,missing_value,
39097,liveness,missing_value,
39098,loudness,missing_value,
39099,speechiness,missing_value,
39101,loudness,outlier_high,3.1324
39103,energy,missing_value,
39104,liveness,missing_value,
39106,danceability,missing_value,
39106,valence,missing_value,
39110,danceability,missing_value,
39116,loudness,missing_value,
39117,danceability,missing_value,
39117,valence,missing_value,
39123,energy,missing_value,
39123,danceability,missing_value,
39124,liveness,missing_value,
39136,liveness,missing_value,
39137,valence,missing_value,
39139,instrumentalness,missing_value,
39147,liveness,missing_value,
39151,energy,missing_value,
39155,loudness,outlier_high,4.9942
39161,instrumentalness,missing_value,
39169,acousticness,missing_value,
39170,acousticness,missing_value,
39172,valence,missing_value,
39175,instrumentalness,missing_value,
39176,instrumentalness,missing_value,
39177,loudness,missing_value,
39177,danceability,outlier_low,-0.2224
39178,instrumentalness,missing_value,
39180,instrumentalness,missing_value,
39181,energy,missing_value,
39183,speechiness,missing_value,
39191,speechiness,missing_value,
39199,liveness,missing_value,
39203,instrumentalness,missing_value,
39207,instrumentalness,missing_value,
39208,acousticness,missing_value,
39210,instrumentalness,missing_value,
39213,acousticness,missing_value,
39215,energy,missing_value,
39221,acousticness,missing_value,
39227,speechiness,missing_value,
39229,instrumentalness,missing_value,
39235,valence,outlier_high,1.3262
39238,valence,missing_value,
39241,energy,missing_value,
39244,energy,outlier_high,1.1624
39244,danceability,missing_value,
39247,loudness,missing_value,
39247,liveness,missing_value,
39248,loudness,outlier_high,5.8216
39249,speechiness,missing_value,
39250,speechiness,missing_value,
39253,loudness,missing_value,
39262,instrumentalness,missing_value,
39263,liveness,missing_value,
39264,liveness,missing_value,
39269,danceability,missing_value,
39274,loudness,missing_value,
39274,liveness,missing_value,
39279,liveness,missing_value,
39279,tempo,missing_value,
39282,acousticness,missing_value,
39299,instrumentalness,missing_value,
39302,loudness,missing_value,
39305,loudness,outlier_low,-71.9336
39305,liveness,missing_value,
39307,tempo,missing_value,
39308,liveness,missing_value,
39309,tempo,missing_value,
39318,danceability,outlier_low,-0.1851
39318,tempo,outlier_high,371.5562
39326,liveness,missing_value,
39326,tempo,missing_value,
39330,energy,missing_value,
39334,valence,missing_value,
39337,liveness,missing_value,
39340,speechiness,missing_value,
39341,liveness,missing_value,
39341,tempo,outlier_high,345.5343
39344,liveness,missing_value,
39346,speechiness,missing_value,
39349,valence,missing_value,
39349,tempo,outlier_high,358.5293
39361,instrumentalness,missing_value,
39361,energy,missing_value,
39367,liveness,missing_value,
39374,tempo,missing_value,
39377,valence,missing_value,
39378,tempo,outlier_low,8.8594
39380,loudness,missing_value,
39384,danceability,missing_value,
39385,loudness,missing_value,
39386,tempo,missing_value,
39386,instrumentalness,missing_value,
39388,loudness,missing_value,
39390,instrumentalness,missing_value,
39390,energy,missing_value,
39392,speechiness,missing_value,
39400,loudness,missing_value,
39401,energy,missing_value,
39410,acousticness,missing_value,
39412,valence,missing_value,
39415,energy,missing_value,
39418,energy,missing_value,
39422,valence,missing_value,
39422,instrumentalness,missing_value,
39426,speechiness,missing_value,
39429,loudness,missing_value,
39432,acousticness,missing_value,
39434,valence,missing_value,
39438,loudness,missing_value,
39438,valence,missing_value,
39441,energy,outlier_low,-0.1574
39445,acousticness,missing_value,
39447,danceability,outlier_low,-0.0194
39451,speechiness,missing_value,
39452,loudness,missing_value,
39453,acousticness,missing_value,
39454,danceability,missing_value,
39455,speechiness,missing_value,
39458,energy,missing_value,
39463,speechiness,missing_value,
39465,liveness,missing_value,
39477,loudness,missing_value,
39479,danceability,missing_value,
39489,speechiness,missing_value,
39490,instrumentalness,missing_value,
39490,speechiness,missing_value,
39491,speechiness,missing_value,
39494,danceability,outlier_high,1.4947
39503,energy,missing_value,
39507,energy,missing_value,
39510,acousticness,missing_value,
39515,valence,outlier_high,1.1437
39516,instrumentalness,missing_value,
39516,speechiness,missing_value,
39533,liveness,missing_value,
39535,tempo,missing_value,
39536,acousticness,missing_value,
39539,danceability,missing_value,
39539,acousticness,missing_value,
39540,tempo,missing_value,
39546,instrumentalness,missing_value,
39553,acousticness,missing_value,
39558,acousticness,missing_value,
39560,valence,outlier_high,1.1850
39560,loudness,missing_value,
39562,acousticness,missing_value,
39565,valence,missing_value,
39567,loudness,missing_value,
39569,loudness,missing_value,
39570,danceability,missing_value,
39581,speechiness,missing_value,
39581,loudness,outlier_high,6.3288
39586,energy,missing_value,
39589,danceability,missing_value,
39590,energy,missing_value,
39595,loudness,missing_value,
39596,instrumentalness,missing_value,
39600,energy,outlier_low,-0.2327
39607,danceability,outlier_high,1.1384
39608,valence,missing_value,
39610,instrumentalness,missing_value,
39611,valence,missing_value,
39618,acousticness,missing_value,
39620,liveness,missing_value,
39621,speechiness,missing_value,
39622,danceability,missing_value,
39625,energy,missing_value,
39629,liveness,missing_value,
39632,instrumentalness,missing_value,
39636,tempo,missing_value,
39637,speechiness,missing_value,
39639,valence,missing_value,
39641,loudness,missing_value,
39643,energy,missing_value,
39643,valence,missing_value,
39647,energy,missing_value,
39648,liveness,missing_value,
39648,loudness,missing_value,
39651,valence,missing_value,
39652,danceability,missing_value,
39656,liveness,missing_value,
39657,speechiness,missing_value,
39657,acousticness,missing_value,
39658,tempo,outlier_low,14.6469
39663,danceability,missing_value,
39664,speechiness,missing_value,
39664,acousticness,missing_value,
39670,loudness,missing_value,
39675,valence,missing_value,
39676,loudness,missing_value,
39679,valence,missing_value,
39679,loudness,missing_value,
39679,tempo,outlier_low,13.5749
39681,danceability,missing_value,
39682,acousticness,missing_value,
39691,valence,missing_value,
39697,liveness,missing_value,
39699,speechiness,missing_value,
39705,danceability,missing_value,
39712,danceability,missing_value,
39716,energy,missing_value,
39719,loudness,outlier_high,9.3325
39726,danceability,missing_value,
39727,tempo,missing_value,
39727,instrumentalness,missing_value,
39727,acousticness,missing_value,
39728,acousticness,missing_value,
39729,loudness,missing_value,
39731,tempo,missing_value,
39736,instrumentalness,missing_value,
39738,speechiness,missing_value,
39741,instrumentalness,missing_value,
39748,danceability,missing_value,
39750,tempo,missing_value,
39751,energy,outlier_low,-0.0735
39754,tempo,missing_value,
39755,loudness,outlier_low,-89.7812
39757,tempo,outlier_high,305.6987
39757,acousticness,missing_value,
39757,valence,missing_value,
39765,danceability,missing_value,
39766,energy,missing_value,
39769,tempo,missing_value,
39770,danceability,missing_value,
39773,energy,missing_value,
39773,speechiness,missing_value,
39787,danceability,missing_value,
39791,speechiness,missing_value,
39795,energy,missing_value,
39797,danceability,missing_value,
39798,acousticness,missing_value,
39802,instrumentalness,missing_value,
39810,energy,missing_value,
39813,acousticness,missing_value,
39815,instrumentalness,missing_value,
39831,loudness,missing_value,
39831,liveness,missing_value,
39835,liveness,missing_value,
39840,liveness,missing_value,
39843,tempo,missing_value,
39843,valence,missing_value,
39848,instrumentalness,missing_value,
39848,speechiness,missing_value,
39852,instrumentalness,missing_value,
39857,energy,outlier_high,1.2278
39857,liveness,missing_value,
39860,energy,missing_value,
39860,speechiness,missing_value,
39863,instrumentalness,missing_value,
39864,tempo,missing_value,
39866,loudness,missing_value,
39867,liveness,missing_value,
39868,valence,missing_value,
39872,liveness,missing_value,
39884,valence,missing_value,
39884,acousticness,missing_value,
39885,danceability,outlier_high,1.1035
39890,loudness,missing_value,
39894,speechiness,missing_value,
39905,tempo,missing_value,
39909,danceability,missing_value,
39913,energy,outlier_high,1.2886
39919,acousticness,missing_value,
39919,danceability,missing_value,
39920,instrumentalness,missing_value,
39924,loudness,missing_value,
39929,energy,outlier_high,1.4142
39933,loudness,missing_value,
39934,loudness,missing_value,
39939,danceability,missing_value,
39940,instrumentalness,missing_value,
39948,acousticness,missing_value,
39949,loudness,missing_value,
39952,energy,missing_value,
39952,valence,missing_value,
39964,acousticness,missing_value,
39970,acousticness,missing_value,
39973,liveness,missing_value,
39975,valence,outlier_low,-0.2797
39975,tempo,missing_value,
39977,tempo,missing_value,
39977,loudness,missing_value,
39979,speechiness,missing_value,
39985,loudness,missing_value,
39988,loudness,missing_value,
39988,acousticness,missing_value,
39989,speechiness,missing_value,
39995,energy,missing_value,
39997,tempo,missing_value,
39998,danceability,missing_value,
40000,instrumentalness,missing_value,
40010,danceability,missing_value,
40011,valence,missing_value,
40018,valence,outlier_high,1.1367
40020,valence,missing_value,
40022,tempo,missing_value,
40024,liveness,missing_value,
40024,instrumentalness,missing_value,
40025,energy,missing_value,
40028,loudness,missing_value,
40031,instrumentalness,missing_value,
40034,danceability,missing_value,
40038,liveness,missing_value,
40040,loudness,missing_value,
40043,tempo,outlier_high,320.9735
40049,energy,missing_value,
40053,speechiness,missing_value,
40055,tempo,missing_value,
40055,danceability,missing_value,
40061,tempo,outlier_low,3.0160
40070,acousticness,missing_value,
40074,instrumentalness,missing_value,
40076,tempo,missing_value,
40078,liveness,missing_value,
40080,liveness,missing_value,
40086,tempo,outlier_low,2.5959
40089,instrumentalness,missing_value,
40091,danceability,missing_value,
40103,energy,outlier_high,1.2171
40110,loudness,missing_value,
40113,liveness,missing_value,
40114,danceability,missing_value,
40117,tempo,missing_value,
40118,liveness,missing_value,
40124,instrumentalness,missing_value,
40125,speechiness,missing_value,
40125,acousticness,missing_value,
40126,energy,missing_value,
40127,instrumentalness,missing_value,
40128,liveness,missing_value,
40129,danceability,missing_value,
40133,danceability,missing_value,
40140,valence,missing_value,
40140,tempo,missing_value,
40141,energy,missing_value,
40146,valence,missing_value,
40148,liveness,missing_value,
40150,valence,missing_value,
40154,speechiness,missing_value,
40154,energy,outlier_low,-0.0682
40156,tempo,outlier_low,4.2440
40158,tempo,missing_value,
40161,valence,missing_value,
40166,instrumentalness,missing_value,
40187,energy,missing_value,
40190,valence,missing_value,
40197,acousticness,missing_value,
40203,tempo,outlier_low,12.6261
40204,instrumentalness,missing_value,
40213,speechiness,missing_value,
40229,tempo,missing_value,
40229,energy,missing_value,
40230,liveness,missing_value,
40233,tempo,missing_value,
40234,acousticness,missing_value,
40235,speechiness,missing_value,
40237,instrumentalness,missing_value,
40243,liveness,missing_value,
40244,speechiness,missing_value,
40244,liveness,missing_value,
40250,valence,missing_value,
40254,tempo,missing_value,
40255,tempo,missing_value,
40266,tempo,missing_value,
40272,energy,missing_value,
40273,tempo,missing_value,
40274,valence,missing_value,
40278,energy,missing_value,
40280,speechiness,missing_value,
40287,valence,missing_value,
40295,energy,missing_value,
40295,danceability,missing_value,
40297,energy,missing_value,
40297,danceability,missing_value,
40298,tempo,missing_value,
40298,liveness,missing_value,
40302,valence,missing_value,
40309,tempo,missing_value,
40309,valence,missing_value,
40315,valence,missing_value,
40316,valence,outlier_low,-0.1267
40317,liveness,missing_value,
40326,loudness,outlier_low,-77.4713
40327,danceability,outlier_high,1.1181
40329,tempo,missing_value,
40330,energy,missing_value,
40331,liveness,missing_value,
40336,acousticness,missing_value,
40337,tempo,missing_value,
40348,tempo,missing_value,
40349,energy,missing_value,
40351,loudness,outlier_low,-70.0984
40352,speechiness,missing_value,
40356,instrumentalness,missing_value,
40369,liveness,missing_value,
40370,valence,missing_value,
40377,tempo,missing_value,
40381,instrumentalness,missing_value,
40381,valence,missing_value,
40382,liveness,missing_value,
40386,valence,outlier_high,1.2468
40387,tempo,missing_value,
40387,valence,outlier_low,-0.1793
40387,liveness,missing_value,
40395,valence,missing_value,
40399,danceability,missing_value,
40404,tempo,missing_value,
40408,acousticness,missing_value,
40412,tempo,outlier_low,14.2144
40415,tempo,missing_value,
40421,loudness,missing_value,
40422,valence,missing_value,
40424,valence,missing_value,
40425,danceability,missing_value,
40426,energy,missing_value,
40433,acousticness,missing_value,
40435,danceability,missing_value,
40444,liveness,missing_value,
40445,acousticness,missing_value,
40455,instrumentalness,missing_value,
40461,energy,missing_value,
40464,valence,missing_value,
40470,energy,missing_value,
40471,danceability,missing_value,
40480,liveness,missing_value,
40481,speechiness,missing_value,
40485,acousticness,missing_value,
40485,liveness,missing_value,
40485,tempo,missing_value,
40496,tempo,missing_value,
40505,valence,missing_value,
40505,tempo,missing_value,
40513,energy,missing_value,
40515,liveness,missing_value,
40516,tempo,missing_value,
40521,tempo,missing_value,
40524,danceability,missing_value,
40525,acousticness,missing_value,
40527,liveness,missing_value,
40527,energy,missing_value,
40531,energy,missing_value,
40535,loudness,missing_value,
40536,danceability,missing_value,
40544,instrumentalness,missing_value,
40556,danceability,outlier_high,1.4026
40560,danceability,outlier_high,1.3928
40562,valence,outlier_low,-0.1854
40562,acousticness,missing_value,
40565,danceability,missing_value,
40566,speechiness,missing_value,
40568,danceability,missing_value,
40571,liveness,missing_value,
40573,tempo,missing_value,
40573,energy,missing_value,
40573,liveness,missing_value,
40576,instrumentalness,missing_value,
40577,tempo,missing_value,
40580,danceability,missing_value,
40580,liveness,missing_value,
40585,instrumentalness,missing_value,
40587,valence,missing_value,
40591,instrumentalness,missing_value,
40600,acousticness,missing_value,
40600,energy,outlier_high,1.2846
40605,speechiness,missing_value,
40610,speechiness,missing_value,
40611,valence,missing_value,
40614,instrumentalness,missing_value,
40616,energy,missing_value,
40617,instrumentalness,missing_value,
40618,speechiness,missing_value,
40624,loudness,missing_value,
40628,tempo,outlier_high,300.3487
40632,liveness,missing_value,
40642,loudness,outlier_high,9.5054
40644,tempo,missing_value,
40648,liveness,missing_value,
40649,valence,missing_value,
40651,liveness,missing_value,
40651,instrumentalness,missing_value,
40651,energy,outlier_low,-0.1417
40656,energy,missing_value,
40662,energy,missing_value,
40664,liveness,missing_value,
40666,speechiness,missing_value,
40668,valence,missing_value,
40669,loudness,missing_value,
40673,tempo,missing_value,
40681,danceability,missing_value,
40684,energy,outlier_high,1.1788
40685,acousticness,missing_value,
40691,speechiness,missing_value,
40693,energy,missing_value,
40694,acousticness,missing_value,
40695,instrumentalness,missing_value,
40695,tempo,missing_value,
40696,energy,missing_value,
40697,acousticness,missing_value,
40697,liveness,missing_value,
40701,liveness,missing_value,
40701,loudness,missing_value,
40704,instrumentalness,missing_value,
40709,instrumentalness,missing_value,
40715,energy,missing_value,
40718,danceability,missing_value,
40721,acousticness,missing_value,
40722,speechiness,missing_value,
40722,valence,missing_value,
40727,liveness,missing_value,
40739,valence,missing_value,
40740,loudness,missing_value,
40742,tempo,missing_value,
40752,loudness,outlier_high,5.1225
40755,acousticness,missing_value,
40758,tempo,missing_value,
40760,liveness,missing_value,
40760,instrumentalness,missing_value,
40761,danceability,missing_value,
40768,loudness,missing_value,
40768,danceability,missing_value,
40773,tempo,missing_value,
40773,valence,missing_value,
40780,speechiness,missing_value,
40781,danceability,outlier_high,1.2420
40794,loudness,outlier_low,-86.9631
40795,energy,missing_value,
40800,loudness,missing_value,
40801,tempo,missing_value,
40804,instrumentalness,missing_value,
40807,tempo,missing_value,
40812,danceability,missing_value,
40814,energy,missing_value,
40814,liveness,missing_value,
40821,tempo,missing_value,
40827,acousticness,missing_value,
40828,danceability,missing_value,
40830,danceability,outlier_high,1.3073
40832,speechiness,missing_value,
40835,danceability,missing_value,
40839,valence,missing_value,
40841,valence,outlier_high,1.0674
40841,loudness,missing_value,
40841,energy,missing_value,
40842,liveness,missing_value,
40843,valence,missing_value,
40847,tempo,missing_value,
40853,speechiness,missing_value,
40853,instrumentalness,missing_value,
40866,danceability,missing_value,
40871,loudness,outlier_high,3.7289
40874,instrumentalness,missing_value,
40877,energy,missing_value,
40878,energy,missing_value,
40883,tempo,missing_value,
40883,liveness,missing_value,
40883,speechiness,missing_value,
40890,instrumentalness,missing_value,
40894,instrumentalness,missing_value,
40897,danceability,missing_value,
40898,energy,outlier_low,-0.2762
40900,speechiness,missing_value,
40903,loudness,outlier_low,-74.7920
40905,valence,missing_value,
40909,speechiness,missing_value,
40917,instrumentalness,missing_value,
40918,speechiness,missing_value,
40927,energy,missing_value,
40930,instrumentalness,missing_value,
40932,acousticness,missing_value,
40933,speechiness,missing_value,
40936,energy,missing_value,
40940,danceability,missing_value,
40942,liveness,missing_value,
40948,danceability,missing_value,
40949,tempo,missing_value,
40953,danceability,missing_value,
40956,valence,missing_value,
40958,energy,missing_value,
40958,liveness,missing_value,
40963,liveness,missing_value,
40971,loudness,missing_value,
40979,speechiness,missing_value,
40980,liveness,missing_value,
40982,speechiness,missing_value,
40986,instrumentalness,missing_value,
40986,danceability,missing_value,
40988,danceability,missing_value,
40988,instrumentalness,missing_value,
40997,speechiness,missing_value,
40997,valence,missing_value,
41001,instrumentalness,missing_value,
41002,acousticness,missing_value,
41006,tempo,missing_value,
41007,loudness,missing_value,
41012,energy,missing_value,
41014,danceability,missing_value,
41016,loudness,missing_value,
41019,danceability,missing_value,
41020,energy,outlier_low,-0.2856
41024,valence,missing_value,
41026,tempo,outlier_low,3.9814
41027,instrumentalness,missing_value,
41028,tempo,missing_value,
41030,speechiness,missing_value,
41031,danceability,missing_value,
41035,energy,missing_value,
41040,acousticness,missing_value,
41040,energy,missing_value,
41044,valence,missing_value,
41047,tempo,missing_value,
41049,energy,missing_value,
41050,speechiness,missing_value,
41061,loudness,missing_value,
41072,acousticness,missing_value,
41075,loudness,missing_value,
41081,speechiness,missing_value,
41081,loudness,missing_value,
41082,tempo,missing_value,
41083,liveness,missing_value,
41083,acousticness,missing_value,
41086,loudness,missing_value,
41086,liveness,missing_value,
41094,valence,missing_value,
41101,energy,missing_value,
41102,loudness,missing_value,
41104,acousticness,missing_value,
41104,speechiness,missing_value,
41105,loudness,missing_value,
41106,tempo,missing_value,
41112,danceability,missing_value,
41113,tempo,missing_value,
41121,danceability,missing_value,
41121,speechiness,missing_value,
41123,valence,missing_value,
41129,acousticness,missing_value,
41131,loudness,missing_value,
41142,acousticness,missing_value,
41142,energy,missing_value,
41144,speechiness,missing_value,
41159,instrumentalness,missing_value,
41160,speechiness,missing_value,
41161,tempo,missing_value,
41164,energy,missing_value,
41168,valence,missing_value,
41171,energy,missing_value,
41171,acousticness,missing_value,
41173,valence,missing_value,
41173,instrumentalness,missing_value,
41174,liveness,missing_value,
41176,valence,missing_value,
41176,liveness,missing_value,
41181,instrumentalness,missing_value,
41185,acousticness,missing_value,
41192,danceability,outlier_high,1.3950
41193,instrumentalness,missing_value,
41203,danceability,missing_value,
41205,liveness,missing_value,
41205,danceability,missing_value,
41206,liveness,missing_value,
41207,loudness,missing_value,
41207,danceability,missing_value,
41221,danceability,missing_value,
41226,instrumentalness,missing_value,
41229,tempo,outlier_high,396.3142
41231,acousticness,missing_value,
41234,energy,missing_value,
41234,loudness,missing_value,
41236,energy,missing_value,
41239,loudness,missing_value,
41252,energy,missing_value,
41252,loudness,missing_value,
41260,acousticness,missing_value,
41261,tempo,missing_value,
41266,acousticness,missing_value,
41283,tempo,missing_value,
41288,liveness,missing_value,
41288,valence,outlier_high,1.2184
41290,energy,missing_value,
41290,tempo,outlier_low,10.5453
41294,loudness,missing_value,
41296,valence,missing_value,
41297,energy,outlier_high,1.4479
41305,instrumentalness,missing_value,
41307,valence,outlier_low,-0.0854
41310,energy,missing_value,
41311,acousticness,missing_value,
41313,valence,missing_value,
41315,loudness,missing_value,
41322,tempo,missing_value,
41333,liveness,missing_value,
41334,danceability,missing_value,
41339,acousticness,missing_value,
41342,acousticness,missing_value,
41344,tempo,missing_value,
41350,acousticness,missing_value,
41350,valence,missing_value,
41360,tempo,missing_value,
41370,danceability,missing_value,
41377,acousticness,missing_value,
41379,speechiness,missing_value,
41379,acousticness,missing_value,
41381,loudness,missing_value,
41383,danceability,missing_value,
41384,danceability,missing_value,
41391,valence,missing_value,
41392,instrumentalness,missing_value,
41392,energy,outlier_low,-0.0746
41396,tempo,missing_value,
41399,energy,outlier_high,1.4114
41400,tempo,missing_value,
41400,valence,missing_value,
41405,valence,missing_value,
41407,tempo,missing_value,
41412,valence,missing_value,
41415,energy,missing_value,
41415,acousticness,missing_value,
41419,energy,outlier_low,-0.1890
41421,danceability,missing_value,
41422,liveness,missing_value,
41425,loudness,missing_value,
41426,tempo,missing_value,
41427,energy,missing_value,
41433,valence,missing_value,
41433,energy,missing_value,
41439,danceability,missing_value,
41440,energy,missing_value,
41447,energy,missing_value,
41452,energy,missing_value,
41453,instrumentalness,missing_value,
41454,liveness,missing_value,
41462,danceability,missing_value,
41465,acousticness,missing_value,
41465,loudness,outlier_low,-79.6031
41468,loudness,missing_value,
41482,speechiness,missing_value,
41483,instrumentalness,missing_value,
41487,danceability,missing_value,
41495,acousticness,missing_value,
41502,tempo,missing_value,
41503,valence,outlier_high,1.4110
41508,energy,missing_value,
41509,speechiness,missing_value,
41511,danceability,missing_value,
41511,liveness,missing_value,
41512,energy,missing_value,
41513,tempo,outlier_high,380.8711
41516,energy,missing_value,
41521,liveness,missing_value,
41525,instrumentalness,missing_value,
41530,liveness,missing_value,
41537,energy,missing_value,
41540,tempo,outlier_high,405.2328
41542,danceability,missing_value,
41543,speechiness,missing_value,
41544,valence,missing_value,
41545,energy,missing_value,
41546,speechiness,missing_value,
41546,tempo,missing_value,
41547,instrumentalness,missing_value,
41547,speechiness,missing_value,
41548,danceability,missing_value,
41553,valence,missing_value,
41553,energy,missing_value,
41555,energy,missing_value,
41559,loudness,missing_value,
41559,energy,outlier_high,1.0516
41561,energy,missing_value,
41562,instrumentalness,missing_value,
41568,speechiness,missing_value,
41574,instrumentalness,missing_value,
41575,danceability,outlier_low,-0.1819
41576,tempo,missing_value,
41576,energy,missing_value,
41583,acousticness,missing_value,
41594,loudness,missing_value,
41600,acousticness,missing_value,
41605,tempo,missing_value,
41607,instrumentalness,missing_value,
41611,energy,outlier_high,1.3709
41620,energy,missing_value,
41620,danceability,missing_value,
41622,speechiness,missing_value,
41628,energy,missing_value,
41628,loudness,missing_value,
41633,instrumentalness,missing_value,
41640,energy,missing_value,
41646,loudness,missing_value,
41652,loudness,outlier_high,8.4789
41657,loudness,missing_value,
41668,energy,missing_value,
41674,tempo,missing_value,
41675,danceability,missing_value,
41684,speechiness,missing_value,
41695,energy,missing_value,
41696,acousticness,missing_value,
41700,acousticness,missing_value,
41701,tempo,missing_value,
41701,loudness,missing_value,
41708,energy,missing_value,
41709,tempo,outlier_high,352.8858
41714,speechiness,missing_value,
41724,instrumentalness,missing_value,
41731,loudness,missing_value,
41737,instrumentalness,missing_value,
41737,tempo,missing_value,
41741,danceability,missing_value,
41742,loudness,missing_value,
41745,tempo,missing_value,
41749,acousticness,missing_value,
41750,energy,missing_value,
41750,instrumentalness,missing_value,
41753,liveness,missing_value,
41755,energy,missing_value,
41756,instrumentalness,missing_value,
41761,speechiness,missing_value,
41763,danceability,missing_value,
41766,energy,outlier_high,1.1156
41773,energy,missing_value,
41777,valence,missing_value,
41779,liveness,missing_value,
41781,instrumentalness,missing_value,
41786,acousticness,missing_value,
41787,acousticness,missing_value,
41789,acousticness,missing_value,
41793,danceability,missing_value,
41798,danceability,outlier_low,-0.0825
41799,instrumentalness,missing_value,
41801,speechiness,missing_value,
41804,loudness,missing_value,
41809,valence,missing_value,
41816,energy,missing_value,
41821,speechiness,missing_value,
41825,valence,missing_value,
41833,speechiness,missing_value,
41834,energy,missing_value,
41839,danceability,missing_value,
41850,energy,outlier_high,1.4019
41853,liveness,missing_value,
41859,danceability,outlier_low,-0.0623
41860,instrumentalness,missing_value,
41860,tempo,missing_value,
41862,tempo,outlier_high,416.7436
41866,energy,missing_value,
41867,acousticness,missing_value,
41869,energy,missing_value,
41873,energy,outlier_high,1.4101
41877,acousticness,missing_value,
41878,instrumentalness,missing_value,
41883,liveness,missing_value,
41893,liveness,missing_value,
41900,danceability,outlier_low,-0.2282
41905,danceability,missing_value,
41907,liveness,missing_value,
41914,danceability,missing_value,
41916,valence,outlier_low,-0.0138
41918,instrumentalness,missing_value,
41920,speechiness,missing_value,
41923,liveness,missing_value,
41934,tempo,outlier_high,358.3798
41942,liveness,missing_value,
41943,instrumentalness,missing_value,
41943,danceability,missing_value,
41948,tempo,missing_value,
41950,energy,missing_value,
41950,acousticness,missing_value,
41961,instrumentalness,missing_value,
41961,danceability,missing_value,
41961,loudness,outlier_low,-85.2680
41966,instrumentalness,missing_value,
41968,danceability,missing_value,
41972,loudness,missing_value,
41976,loudness,outlier_high,9.0946
41979,loudness,missing_value,
41980,danceability,missing_value,
41984,instrumentalness,missing_value,
41985,valence,missing_value,
41991,valence,missing_value,
41992,energy,outlier_high,1.3549
41994,speechiness,missing_value,
41997,valence,missing_value,
41998,danceability,outlier_high,1.4945
42001,speechiness,missing_value,
42003,liveness,missing_value,
42005,tempo,missing_value,
42006,tempo,missing_value,
42007,speechiness,missing_value,
42011,liveness,missing_value,
42017,loudness,missing_value,
42024,energy,outlier_high,1.4081
42024,tempo,outlier_low,12.3197
42027,energy,missing_value,
42029,instrumentalness,missing_value,
42037,valence,missing_value,
42038,instrumentalness,missing_value,
42041,danceability,missing_value,
42041,instrumentalness,missing_value,
42044,valence,missing_value,
42048,acousticness,missing_value,
42050,energy,missing_value,
42053,speechiness,missing_value,
42058,danceability,missing_value,
42059,tempo,outlier_low,9.6423
42061,liveness,missing_value,
42062,energy,outlier_high,1.4129
42069,energy,missing_value,
42071,instrumentalness,missing_value,
42076,liveness,missing_value,
42078,acousticness,missing_value,
42079,liveness,missing_value,
42080,energy,outlier_high,1.4959
42082,energy,outlier_high,1.2057
42087,liveness,missing_value,
42088,acousticness,missing_value,
42091,liveness,missing_value,
42095,tempo,missing_value,
42096,liveness,missing_value,
42099,speechiness,missing_value,
42102,tempo,missing_value,
42110,energy,missing_value,
42112,danceability,outlier_low,-0.2244
42113,danceability,outlier_high,1.4746
42117,energy,missing_value,
42117,speechiness,missing_value,
42119,liveness,missing_value,
42121,tempo,outlier_high,351.5540
42128,instrumentalness,missing_value,
42133,tempo,missing_value,
42137,acousticness,missing_value,
42143,energy,missing_value,
42147,loudness,missing_value,
42150,danceability,missing_value,
42155,tempo,missing_value,
42157,speechiness,missing_value,
42167,energy,missing_value,
42168,loudness,missing_value,
42170,loudness,missing_value,
42173,tempo,missing_value,
42174,energy,missing_value,
42182,liveness,missing_value,
42186,energy,missing_value,
42189,valence,outlier_high,1.1335
42190,tempo,missing_value,
42191,speechiness,missing_value,
42193,acousticness,missing_value,
42193,instrumentalness,missing_value,
42196,energy,missing_value,
42199,energy,missing_value,
42200,energy,missing_value,
42208,energy,missing_value,
42219,energy,missing_value,
42224,danceability,missing_value,
42230,danceability,outlier_high,1.3492
42231,valence,missing_value,
42233,loudness,missing_value,
42236,speechiness,missing_value,
42243,instrumentalness,missing_value,
42246,loudness,missing_value,
42247,liveness,missing_value,
42247,speechiness,missing_value,
42248,loudness,missing_value,
42249,energy,missing_value,
42249,instrumentalness,missing_value,
42250,energy,missing_value,
42252,speechiness,missing_value,
42253,valence,missing_value,
42253,loudness,missing_value,
42257,instrumentalness,missing_value,
42258,tempo,missing_value,
42262,speechiness,missing_value,
42265,valence,missing_value,
42268,speechiness,missing_value,
42272,energy,missing_value,
42274,speechiness,missing_value,
42274,energy,missing_value,
42281,instrumentalness,missing_value,
42286,tempo,missing_value,
42288,valence,missing_value,
42289,loudness,missing_value,
42292,energy,missing_value,
42295,energy,missing_value,
42299,tempo,missing_value,
42299,energy,outlier_low,-0.1500
42299,valence,missing_value,
42300,acousticness,missing_value,
42302,valence,outlier_low,-0.0849
42310,energy,missing_value,
42315,speechiness,missing_value,
42320,energy,missing_value,
42324,liveness,missing_value,
42326,energy,outlier_high,1.2158
42331,speechiness,missing_value,
42333,instrumentalness,missing_value,
42333,energy,missing_value,
42336,acousticness,missing_value,
42340,liveness,missing_value,
42344,acousticness,missing_value,
42344,tempo,missing_value,
42346,tempo,missing_value,
42349,energy,missing_value,
42356,loudness,missing_value,
42367,speechiness,missing_value,
42373,acousticness,missing_value,
42374,valence,outlier_low,-0.0693
42379,loudness,missing_value,
42385,instrumentalness,missing_value,
42387,speechiness,missing_value,
42390,danceability,missing_value,
42390,energy,missing_value,
42397,energy,missing_value,
42399,danceability,missing_value,
42400,instrumentalness,missing_value,
42408,liveness,missing_value,
42409,valence,missing_value,
42412,acousticness,missing_value,
42414,valence,missing_value,
42419,speechiness,missing_value,
42421,danceability,missing_value,
42425,acousticness,missing_value,
42429,danceability,missing_value,
42431,acousticness,missing_value,
42436,danceability,outlier_low,-0.1213
42439,instrumentalness,missing_value,
42439,danceability,missing_value,
42444,energy,missing_value,
42448,danceability,missing_value,
42448,speechiness,missing_value,
42457,acousticness,missing_value,
42462,loudness,missing_value,
42462,valence,outlier_low,-0.2319
42473,liveness,missing_value,
42473,danceability,missing_value,
42474,liveness,missing_value,
42485,tempo,missing_value,
42489,tempo,missing_value,
42490,instrumentalness,missing_value,
42493,speechiness,missing_value,
42500,speechiness,missing_value,
42500,tempo,missing_value,
42502,valence,missing_value,
42504,danceability,missing_value,
42509,danceability,missing_value,
42511,instrumentalness,missing_value,
42512,energy,missing_value,
42514,energy,missing_value,
42514,liveness,missing_value,
42515,loudness,missing_value,
42516,speechiness,missing_value,
42518,danceability,missing_value,
42519,danceability,missing_value,
42521,loudness,missing_value,
42527,energy,missing_value,
42528,tempo,missing_value,
42529,tempo,missing_value,
42532,danceability,missing_value,
42532,tempo,missing_value,
42533,speechiness,missing_value,
42536,danceability,missing_value,
42543,danceability,missing_value,
42548,liveness,missing_value,
42552,energy,missing_value,
42561,liveness,missing_value,
42571,liveness,missing_value,
42574,liveness,missing_value,
42575,danceability,missing_value,
42576,energy,missing_value,
42586,tempo,missing_value,
42586,instrumentalness,missing_value,
42588,acousticness,missing_value,
42589,danceability,missing_value,
42590,acousticness,missing_value,
42605,valence,missing_value,
42607,tempo,missing_value,
42607,acousticness,missing_value,
42611,energy,missing_value,
42619,danceability,missing_value,
42621,danceability,outlier_low,-0.0648
42622,instrumentalness,missing_value,
42623,danceability,missing_value,
42625,liveness,missing_value,
42633,tempo,missing_value,
42635,tempo,missing_value,
42637,speechiness,missing_value,
42638,valence,missing_value,
42640,valence,missing_value,
42644,speechiness,missing_value,
42646,energy,missing_value,
42650,energy,missing_value,
42653,loudness,missing_value,
42653,acousticness,missing_value,
42656,valence,missing_value,
42663,valence,missing_value,
42665,liveness,missing_value,
42670,acousticness,missing_value,
42673,liveness,missing_value,
42674,valence,missing_value,
42675,valence,missing_value,
42680,energy,outlier_low,-0.0833
42680,speechiness,missing_value,
42684,tempo,missing_value,
42685,liveness,missing_value,
42687,danceability,missing_value,
42693,loudness,outlier_low,-70.8563
42702,liveness,missing_value,
42705,loudness,missing_value,
42709,speechiness,missing_value,
42716,danceability,missing_value,
42718,valence,missing_value,
42720,acousticness,missing_value,
42724,loudness,missing_value,
42730,instrumentalness,missing_value,
42732,liveness,missing_value,
42736,loudness,outlier_high,2.8381
42736,danceability,missing_value,
42737,acousticness,missing_value,
42740,liveness,missing_value,
42742,liveness,missing_value,
42743,loudness,missing_value,
42752,energy,missing_value,
42754,instrumentalness,missing_value,
42758,liveness,missing_value,
42760,danceability,missing_value,
42761,danceability,missing_value,
42762,speechiness,missing_value,
42763,loudness,missing_value,
42764,valence,missing_value,
42767,speechiness,missing_value,
42767,loudness,missing_value,
42768,loudness,missing_value,
42770,energy,missing_value,
42771,tempo,missing_value,
42772,tempo,missing_value,
42775,acousticness,missing_value,
42776,acousticness,missing_value,
42777,valence,missing_value,
42778,energy,outlier_high,1.4505
42787,loudness,outlier_high,5.0628
42791,energy,missing_value,
42794,acousticness,missing_value,
42795,instrumentalness,missing_value,
42797,liveness,missing_value,
42799,energy,missing_value,
42811,speechiness,missing_value,
42816,danceability,missing_value,
42818,liveness,missing_value,
42818,acousticness,missing_value,
42822,energy,outlier_high,1.4444
42825,tempo,outlier_low,4.0016
42832,valence,outlier_high,1.2386
42843,acousticness,missing_value,
42845,instrumentalness,missing_value,
42848,speechiness,missing_value,
42849,instrumentalness,missing_value,
42852,instrumentalness,missing_value,
42852,danceability,missing_value,
42857,speechiness,missing_value,
42866,danceability,outlier_high,1.0998
42868,loudness,missing_value,
42868,valence,missing_value,
42880,tempo,missing_value,
42883,tempo,outlier_low,11.5048
42884,danceability,outlier_low,-0.1124
42884,liveness,missing_value,
42887,instrumentalness,missing_value,
42891,acousticness,missing_value,
42891,valence,missing_value,
42896,liveness,missing_value,
42906,danceability,outlier_high,1.1369
42922,valence,missing_value,
42925,valence,outlier_low,-0.1342
42925,loudness,missing_value,
42927,liveness,missing_value,
42929,tempo,outlier_high,306.1373
42936,tempo,outlier_high,338.2498
42937,loudness,outlier_low,-71.8498
42938,acousticness,missing_value,
42939,speechiness,missing_value,
42946,energy,outlier_low,-0.2063
42947,energy,missing_value,
42948,loudness,missing_value,
42965,liveness,missing_value,
42968,valence,missing_value,
42975,acousticness,missing_value,
42977,speechiness,missing_value,
42980,valence,missing_value,
42985,tempo,missing_value,
42987,tempo,missing_value,
42995,loudness,missing_value,
42996,instrumentalness,missing_value,
42999,tempo,missing_value,
43000,valence,outlier_high,1.3315
43002,danceability,missing_value,
43003,valence,missing_value,
43008,tempo,missing_value,
43009,acousticness,missing_value,
43011,instrumentalness,missing_value,
43012,tempo,outlier_low,0.8070
43017,valence,missing_value,
43019,loudness,missing_value,
43020,valence,missing_value,
43025,valence,missing_value,
43029,speechiness,missing_value,
43034,acousticness,missing_value,
43034,tempo,missing_value,
43044,energy,missing_value,
43050,valence,missing_value,
43050,speechiness,missing_value,
43056,instrumentalness,missing_value,
43058,instrumentalness,missing_value,
43060,danceability,missing_value,
43060,energy,missing_value,
43061,loudness,missing_value,
43064,liveness,missing_value,
43068,valence,missing_value,
43073,acousticness,missing_value,
43078,liveness,missing_value,
43094,tempo,outlier_high,374.3786
43095,danceability,missing_value,
43097,energy,missing_value,
43098,tempo,missing_value,
43102,acousticness,missing_value,
43103,speechiness,missing_value,
43104,instrumentalness,missing_value,
43108,speechiness,missing_value,
43110,acousticness,missing_value,
43112,loudness,missing_value,
43117,loudness,missing_value,
43122,energy,missing_value,
43133,liveness,missing_value,
43133,loudness,missing_value,
43138,danceability,missing_value,
43140,instrumentalness,missing_value,
43152,danceability,missing_value,
43159,acousticness,missing_value,
43160,tempo,missing_value,
43162,tempo,missing_value,
43164,speechiness,missing_value,
43167,speechiness,missing_value,
43168,energy,missing_value,
43169,energy,missing_value,
43172,liveness,missing_value,
43179,speechiness,missing_value,
43179,danceability,outlier_high,1.4122
43181,energy,missing_value,
43181,liveness,missing_value,
43182,danceability,missing_value,
43183,danceability,missing_value,
43184,liveness,missing_value,
43185,tempo,missing_value,
43187,danceability,missing_value,
43190,valence,missing_value,
43198,speechiness,missing_value,
43207,liveness,missing_value,
43209,instrumentalness,missing_value,
43213,instrumentalness,missing_value,
43214,valence,outlier_low,-0.2741
43221,liveness,missing_value,
43225,loudness,missing_value,
43226,instrumentalness,missing_value,
43227,instrumentalness,missing_value,
43228,valence,missing_value,
43231,valence,missing_value,
43234,tempo,outlier_high,391.4649
43235,tempo,missing_value,
43239,instrumentalness,missing_value,
43248,danceability,missing_value,
43253,danceability,missing_value,
43258,energy,outlier_low,-0.1136
43267,instrumentalness,missing_value,
43274,danceability,missing_value,
43291,danceability,missing_value,
43292,instrumentalness,missing_value,
43292,loudness,missing_value,
43296,loudness,missing_value,
43298,acousticness,missing_value,
43301,acousticness,missing_value,
43303,acousticness,missing_value,
43308,energy,outlier_low,-0.2394
43312,instrumentalness,missing_value,
43315,valence,missing_value,
43316,liveness,missing_value,
43317,acousticness,missing_value,
43320,loudness,missing_value,
43322,speechiness,missing_value,
43327,energy,missing_value,
43329,danceability,missing_value,
43338,energy,missing_value,
43340,danceability,outlier_low,-0.2441
43343,valence,missing_value,
43344,valence,missing_value,
43346,tempo,missing_value,
43348,speechiness,missing_value,
43351,instrumentalness,missing_value,
43354,loudness,missing_value,
43360,valence,missing_value,
43361,danceability,missing_value,
43362,tempo,missing_value,
43363,valence,missing_value,
43364,valence,outlier_low,-0.0611
43364,acousticness,missing_value,
43365,valence,missing_value,
43366,instrumentalness,missing_value,
43366,tempo,missing_value,
43375,speechiness,missing_value,
43379,liveness,missing_value,
43381,valence,missing_value,
43381,loudness,missing_value,
43382,liveness,missing_value,
43384,danceability,outlier_high,1.3536
43385,energy,missing_value,
43390,instrumentalness,missing_value,
43391,tempo,missing_value,
43391,liveness,missing_value,
43392,danceability,outlier_high,1.1097
43400,liveness,missing_value,
43401,liveness,missing_value,
43407,loudness,missing_value,
43413,energy,missing_value,
43413,liveness,missing_value,
43420,danceability,outlier_low,-0.2510
43430,instrumentalness,missing_value,
43431,tempo,missing_value,
43431,loudness,outlier_high,7.7855
43434,speechiness,missing_value,
43445,valence,missing_value,
43449,energy,missing_value,
43462,tempo,missing_value,
43463,acousticness,missing_value,
43466,instrumentalness,missing_value,
43472,loudness,missing_value,
43477,tempo,missing_value,
43488,danceability,missing_value,
43489,tempo,missing_value,
43500,valence,missing_value,
43501,instrumentalness,missing_value,
43509,energy,missing_value,
43514,tempo,missing_value,
43514,acousticness,missing_value,
43516,speechiness,missing_value,
43520,energy,missing_value,
43523,tempo,missing_value,
43525,acousticness,missing_value,
43529,energy,outlier_high,1.4528
43537,energy,missing_value,
43543,acousticness,missing_value,
43548,danceability,missing_value,
43552,liveness,missing_value,
43553,acousticness,missing_value,
43554,valence,missing_value,
43555,acousticness,missing_value,
43560,speechiness,missing_value,
43561,tempo,missing_value,
43562,instrumentalness,missing_value,
43563,acousticness,missing_value,
43568,acousticness,missing_value,
43571,tempo,missing_value,
43572,loudness,missing_value,
43576,speechiness,missing_value,
43577,speechiness,missing_value,
43589,loudness,missing_value,
43591,liveness,missing_value,
43597,loudness,missing_value,
43599,energy,missing_value,
43599,loudness,missing_value,
43601,speechiness,missing_value,
43602,instrumentalness,missing_value,
43603,tempo,missing_value,
43603,danceability,missing_value,
43605,loudness,missing_value,
43606,valence,missing_value,
43606,liveness,missing_value,
43607,energy,missing_value,
43607,danceability,missing_value,
43610,tempo,missing_value,
43610,liveness,missing_value,
43611,valence,missing_value,
43614,instrumentalness,missing_value,
43615,loudness,missing_value,
43616,instrumentalness,missing_value,
43616,energy,outlier_low,-0.2690
43622,liveness,missing_value,
43623,speechiness,missing_value,
43630,liveness,missing_value,
43632,speechiness,missing_value,
43634,loudness,missing_value,
43635,instrumentalness,missing_value,
43636,instrumentalness,missing_value,
43639,tempo,outlier_low,14.5298
43643,speechiness,missing_value,
43644,acousticness,missing_value,
43646,danceability,missing_value,
43646,instrumentalness,missing_value,
43650,speechiness,missing_value,
43652,liveness,missing_value,
43653,energy,missing_value,
43653,loudness,missing_value,
43655,energy,missing_value,
43672,instrumentalness,missing_value,
43672,tempo,missing_value,
43675,valence,missing_value,
43682,speechiness,missing_value,
43685,danceability,missing_value,
43692,liveness,missing_value,
43699,acousticness,missing_value,
43704,tempo,missing_value,
43704,speechiness,missing_value,
43704,instrumentalness,missing_value,
43711,liveness,missing_value,
43712,instrumentalness,missing_value,
43719,acousticness,missing_value,
43720,valence,missing_value,
43721,instrumentalness,missing_value,
43725,energy,outlier_low,-0.1663
43728,energy,missing_value,
43730,valence,missing_value,
43733,energy,outlier_low,-0.2224
43741,tempo,outlier_high,388.3946
43742,loudness,missing_value,
43744,speechiness,missing_value,
43748,danceability,missing_value,
43748,speechiness,missing_value,
43751,valence,missing_value,
43754,loudness,missing_value,
43755,tempo,outlier_low,8.8485
43762,speechiness,missing_value,
43762,energy,missing_value,
43776,instrumentalness,missing_value,
43777,tempo,missing_value,
43778,tempo,missing_value,
43788,instrumentalness,missing_value,
43788,speechiness,missing_value,
43795,speechiness,missing_value,
43800,tempo,missing_value,
43803,speechiness,missing_value,
43806,tempo,missing_value,
43810,danceability,missing_value,
43811,instrumentalness,missing_value,
43813,instrumentalness,missing_value,
43817,energy,missing_value,
43818,valence,missing_value,
43818,tempo,outlier_high,302.3921
43825,loudness,missing_value,
43826,energy,missing_value,
43828,loudness,missing_value,
43833,speechiness,missing_value,
43833,valence,missing_value,
43840,speechiness,missing_value,
43846,valence,missing_value,
43847,energy,outlier_high,1.3189
43849,danceability,missing_value,
43851,energy,missing_value,
43851,acousticness,missing_value,
43855,speechiness,missing_value,
43859,loudness,outlier_high,4.3989
43871,danceability,missing_value,
43878,energy,missing_value,
43882,speechiness,missing_value,
43885,loudness,missing_value,
43887,loudness,missing_value,
43892,instrumentalness,missing_value,
43892,danceability,outlier_low,-0.0510
43893,energy,missing_value,
43910,speechiness,missing_value,
43912,energy,outlier_high,1.4779
43913,liveness,missing_value,
43915,acousticness,missing_value,
43918,liveness,missing_value,
43922,acousticness,missing_value,
43923,loudness,missing_value,
43934,instrumentalness,missing_value,
43936,tempo,missing_value,
43938,speechiness,missing_value,
43940,liveness,missing_value,
43943,acousticness,missing_value,
43944,liveness,missing_value,
43947,energy,missing_value,
43949,tempo,outlier_low,1.0332
43960,speechiness,missing_value,
43968,tempo,missing_value,
43973,loudness,missing_value,
43975,instrumentalness,missing_value,
43977,energy,missing_value,
43983,acousticness,missing_value,
43985,valence,missing_value,
43989,tempo,missing_value,
43993,energy,missing_value,
43997,tempo,outlier_high,397.3821
43998,valence,missing_value,
43998,tempo,outlier_high,417.8875
44004,liveness,missing_value,
44005,loudness,missing_value,
44005,valence,missing_value,
44010,liveness,missing_value,
44013,danceability,outlier_high,1.1903
44018,loudness,missing_value,
44022,liveness,missing_value,
44022,danceability,missing_value,
44033,tempo,missing_value,
44036,liveness,missing_value,
44037,loudness,outlier_low,-86.2549
44040,tempo,outlier_high,306.1328
44041,instrumentalness,missing_value,
44042,speechiness,missing_value,
44044,valence,missing_value,
44044,instrumentalness,missing_value,
44054,danceability,outlier_low,-0.0925
44056,instrumentalness,missing_value,
44057,instrumentalness,missing_value,
44061,valence,missing_value,
44066,acousticness,missing_value,
44068,valence,missing_value,
44069,valence,outlier_high,1.4060
44072,speechiness,missing_value,
44073,tempo,missing_value,
44074,acousticness,missing_value,
44080,acousticness,missing_value,
44080,tempo,missing_value,
44083,loudness,missing_value,
44086,valence,missing_value,
44086,tempo,missing_value,
44086,danceability,missing_value,
44088,tempo,missing_value,
44095,danceability,missing_value,
44095,liveness,missing_value,
44098,danceability,missing_value,
44099,valence,missing_value,
44100,loudness,outlier_low,-73.1088
44101,loudness,outlier_high,5.9958
44101,tempo,missing_value,
44102,valence,missing_value,
44103,loudness,missing_value,
44106,danceability,missing_value,
44106,valence,outlier_low,-0.1033
44108,tempo,missing_value,
44112,loudness,missing_value,
44115,loudness,missing_value,
44116,acousticness,missing_value,
44117,speechiness,missing_value,
44118,loudness,outlier_high,6.5377
44122,tempo,missing_value,
44124,danceability,missing_value,
44124,tempo,outlier_high,316.6839
44126,liveness,missing_value,
44130,danceability,outlier_low,-0.0920
44130,liveness,missing_value,
44143,acousticness,missing_value,
44144,tempo,missing_value,
44146,valence,missing_value,
44147,loudness,missing_value,
44152,energy,outlier_low,-0.1862
44156,energy,missing_value,
44158,liveness,missing_value,
44164,liveness,missing_value,
44165,acousticness,missing_value,
44177,tempo,missing_value,
44178,valence,missing_value,
44181,danceability,missing_value,
44187,energy,missing_value,
44188,tempo,outlier_high,302.6620
44190,danceability,outlier_low,-0.1478
44192,speechiness,missing_value,
44197,energy,missing_value,
44199,acousticness,missing_value,
44202,liveness,missing_value,
44203,speechiness,missing_value,
44205,speechiness,missing_value,
44208,valence,outlier_low,-0.1727
44210,energy,missing_value,
44211,liveness,missing_value,
44211,energy,outlier_low,-0.1240
44213,instrumentalness,missing_value,
44214,tempo,missing_value,
44215,loudness,missing_value,
44216,valence,missing_value,
44221,instrumentalness,missing_value,
44223,danceability,outlier_low,-0.2553
44234,loudness,missing_value,
44237,energy,missing_value,
44239,speechiness,missing_value,
44250,instrumentalness,missing_value,
44252,loudness,outlier_high,7.5688
44253,speechiness,missing_value,
44258,energy,missing_value,
44262,loudness,outlier_high,7.2860
44270,loudness,missing_value,
44276,tempo,outlier_high,412.7942
44282,valence,missing_value,
44283,speechiness,missing_value,
44284,loudness,missing_value,
44285,instrumentalness,missing_value,
44286,valence,missing_value,
44286,energy,missing_value,
44287,danceability,missing_value,
44287,tempo,outlier_low,7.8288
44292,energy,missing_value,
44294,energy,missing_value,
44302,valence,missing_value,
44308,tempo,missing_value,
44308,valence,outlier_high,1.1592
44309,loudness,outlier_high,1.9416
44311,loudness,missing_value,
44321,danceability,missing_value,
44322,danceability,outlier_high,1.4671
44324,tempo,missing_value,
44327,instrumentalness,missing_value,
44331,instrumentalness,missing_value,
44335,loudness,missing_value,
44338,valence,missing_value,
44343,tempo,missing_value,
44346,acousticness,missing_value,
44351,acousticness,missing_value,
44356,liveness,missing_value,
44357,instrumentalness,missing_value,
44360,loudness,missing_value,
44365,energy,missing_value,
44367,energy,missing_value,
44370,danceability,missing_value,
44370,valence,outlier_low,-0.0580
44372,tempo,outlier_low,12.0903
44372,liveness,missing_value,
44373,acousticness,missing_value,
44380,tempo,missing_value,
44382,danceability,missing_value,
44387,acousticness,missing_value,
44394,danceability,missing_value,
44394,energy,missing_value,
44396,danceability,missing_value,
44397,instrumentalness,missing_value,
44398,loudness,missing_value,
44405,instrumentalness,missing_value,
44406,speechiness,missing_value,
44412,loudness,missing_value,
44417,speechiness,missing_value,
44420,acousticness,missing_value,
44423,loudness,missing_value,
44424,speechiness,missing_value,
44425,instrumentalness,missing_value,
44426,loudness,missing_value,
44426,liveness,missing_value,
44431,instrumentalness,missing_value,
44436,speechiness,missing_value,
44437,tempo,missing_value,
44441,loudness,missing_value,
44444,danceability,missing_value,
44444,energy,missing_value,
44444,acousticness,missing_value,
44449,loudness,missing_value,
44454,loudness,outlier_high,7.3237
44455,acousticness,missing_value,
44455,energy,missing_value,
44455,danceability,outlier_low,-0.2691
44460,tempo,missing_value,
44461,valence,missing_value,
44461,speechiness,missing_value,
44466,tempo,missing_value,
44466,energy,outlier_low,-0.1229
44468,instrumentalness,missing_value,
44469,loudness,missing_value,
44470,tempo,missing_value,
44471,danceability,missing_value,
44472,danceability,outlier_high,1.0734
44474,liveness,missing_value,
44483,energy,missing_value,
44486,liveness,missing_value,
44488,energy,missing_value,
44489,speechiness,missing_value,
44491,valence,outlier_high,1.3581
44492,tempo,missing_value,
44493,energy,missing_value,
44495,loudness,missing_value,
44495,acousticness,missing_value,
44499,valence,missing_value,
44500,liveness,missing_value,
44501,acousticness,missing_value,
44501,tempo,missing_value,
44506,loudness,outlier_low,-78.4469
44508,acousticness,missing_value,
44511,liveness,missing_value,
44511,acousticness,missing_value,
44517,energy,outlier_high,1.3682
44520,liveness,missing_value,
44522,loudness,missing_value,
44523,valence,missing_value,
44525,tempo,missing_value,
44530,energy,missing_value,
44530,valence,outlier_high,1.2134
44533,instrumentalness,missing_value,
44534,energy,missing_value,
44537,danceability,missing_value,
44538,tempo,missing_value,
44547,danceability,missing_value,
44553,speechiness,missing_value,
44555,valence,missing_value,
44555,speechiness,missing_value,
44557,energy,missing_value,
44564,energy,missing_value,
44564,tempo,missing_value,
44564,liveness,missing_value,
44573,tempo,missing_value,
44574,tempo,missing_value,
44577,acousticness,missing_value,
44580,tempo,missing_value,
44586,loudness,missing_value,
44586,liveness,missing_value,
44591,liveness,missing_value,
44594,instrumentalness,missing_value,
44597,acousticness,missing_value,
44605,tempo,missing_value,
44617,tempo,missing_value,
44618,liveness,missing_value,
44619,instrumentalness,missing_value,
44620,loudness,missing_value,
44623,danceability,missing_value,
44626,danceability,missing_value,
44637,instrumentalness,missing_value,
44638,acousticness,missing_value,
44639,liveness,missing_value,
44639,instrumentalness,missing_value,
44639,energy,missing_value,
44644,loudness,missing_value,
44649,danceability,missing_value,
44658,tempo,missing_value,
44660,loudness,missing_value,
44662,danceability,outlier_low,-0.2177
44662,instrumentalness,missing_value,
44667,loudness,outlier_low,-77.8283
44669,valence,missing_value,
44670,valence,missing_value,
44670,instrumentalness,missing_value,
44674,danceability,missing_value,
44679,loudness,missing_value,
44682,acousticness,missing_value,
44682,speechiness,missing_value,
44682,valence,missing_value,
44684,instrumentalness,missing_value,
44689,danceability,missing_value,
44691,energy,missing_value,
44693,danceability,missing_value,
44693,acousticness,missing_value,
44702,danceability,missing_value,
44703,valence,missing_value,
44707,loudness,outlier_high,6.3402
44713,valence,missing_value,
44713,liveness,missing_value,
44716,danceability,missing_value,
44719,loudness,missing_value,
44732,energy,missing_value,
44733,loudness,missing_value,
44739,danceability,missing_value,
44745,tempo,missing_value,
44751,energy,outlier_high,1.2468
44752,loudness,missing_value,
44754,liveness,missing_value,
44763,instrumentalness,missing_value,
44769,speechiness,missing_value,
44773,energy,outlier_high,1.2038
44780,tempo,missing_value,
44782,danceability,missing_value,
44785,energy,missing_value,
44786,instrumentalness,missing_value,
44792,liveness,missing_value,
44794,danceability,missing_value,
44807,speechiness,missing_value,
44808,loudness,missing_value,
44808,energy,outlier_low,-0.0808
44808,liveness,missing_value,
44813,loudness,missing_value,
44813,liveness,missing_value,
44816,energy,missing_value,
44817,instrumentalness,missing_value,
44818,loudness,missing_value,
44826,acousticness,missing_value,
44829,danceability,missing_value,
44830,loudness,missing_value,
44833,liveness,missing_value,
44836,valence,missing_value,
44841,loudness,missing_value,
44843,energy,missing_value,
44845,loudness,missing_value,
44858,tempo,missing_value,
44860,valence,missing_value,
44861,liveness,missing_value,
44861,speechiness,missing_value,
44872,valence,missing_value,
44878,danceability,missing_value,
44878,loudness,outlier_high,2.5460
44891,danceability,missing_value,
44893,loudness,missing_value,
44900,instrumentalness,missing_value,
44915,liveness,missing_value,
44916,tempo,outlier_low,7.3900
44926,valence,outlier_high,1.2248
44930,valence,missing_value,
44931,loudness,missing_value,
44931,valence,outlier_low,-0.1135
44931,liveness,missing_value,
44937,loudness,missing_value,
44938,energy,missing_value,
44939,tempo,missing_value,
44945,danceability,missing_value,
44947,valence,missing_value,
44948,liveness,missing_value,
44949,instrumentalness,missing_value,
44957,instrumentalness,missing_value,
44960,energy,missing_value,
44963,speechiness,missing_value,
44963,instrumentalness,missing_value,
44963,tempo,missing_value,
44964,loudness,missing_value,
44964,instrumentalness,missing_value,
44965,speechiness,missing_value,
44966,energy,missing_value,
44967,acousticness,missing_value,
44968,acousticness,missing_value,
44968,tempo,missing_value,
44968,valence,missing_value,
44976,danceability,outlier_low,-0.1646
44978,speechiness,missing_value,
44988,valence,missing_value,
44989,liveness,missing_value,
44994,instrumentalness,missing_value,
44995,acousticness,missing_value,
44996,instrumentalness,missing_value,
44997,loudness,outlier_high,6.1174
44998,valence,missing_value,
45000,danceability,missing_value,
45000,tempo,missing_value,
45003,tempo,missing_value,
45006,energy,missing_value,
45006,liveness,missing_value,
45012,danceability,missing_value,
45017,instrumentalness,missing_value,
45018,speechiness,missing_value,
45025,acousticness,missing_value,
45028,loudness,missing_value,
45030,danceability,missing_value,
45030,valence,missing_value,
45031,acousticness,missing_value,
45038,speechiness,missing_value,
45040,tempo,outlier_high,417.5945
45045,valence,missing_value,
45050,energy,missing_value,
45061,speechiness,missing_value,
45062,instrumentalness,missing_value,
45071,speechiness,missing_value,
45074,liveness,missing_value,
45076,liveness,missing_value,
45079,valence,missing_value,
45081,valence,outlier_low,-0.2903
45085,danceability,missing_value,
45087,speechiness,missing_value,
45093,energy,missing_value,
45093,valence,missing_value,
45094,instrumentalness,missing_value,
45102,energy,missing_value,
45104,acousticness,missing_value,
45106,speechiness,missing_value,
45111,loudness,missing_value,
45114,tempo,outlier_low,3.5498
45114,energy,missing_value,
45118,speechiness,missing_value,
45119,instrumentalness,missing_value,
45119,loudness,missing_value,
45126,liveness,missing_value,
45127,loudness,missing_value,
45128,speechiness,missing_value,
45129,tempo,missing_value,
45130,instrumentalness,missing_value,
45132,instrumentalness,missing_value,
45133,tempo,outlier_low,4.7688
45141,loudness,missing_value,
45150,danceability,missing_value,
45151,tempo,outlier_low,6.4202
45151,acousticness,missing_value,
45158,loudness,missing_value,
45158,instrumentalness,missing_value,
45163,tempo,outlier_high,403.2787
45164,speechiness,missing_value,
45164,instrumentalness,missing_value,
45165,danceability,missing_value,
45167,valence,missing_value,
45170,danceability,missing_value,
45181,liveness,missing_value,
45183,loudness,missing_value,
45195,liveness,missing_value,
45203,liveness,missing_value,
45204,danceability,missing_value,
45207,danceability,outlier_low,-0.1064
45213,energy,missing_value,
45217,liveness,missing_value,
45231,loudness,missing_value,
45232,danceability,missing_value,
45234,danceability,missing_value,
45235,valence,missing_value,
45236,speechiness,missing_value,
45240,liveness,missing_value,
45243,tempo,missing_value,
45243,danceability,missing_value,
45247,energy,missing_value,
45274,loudness,missing_value,
45280,tempo,outlier_low,0.9883
45286,valence,missing_value,
45288,energy,missing_value,
45293,loudness,missing_value,
45294,energy,missing_value,
45295,loudness,missing_value,
45297,instrumentalness,missing_value,
45301,acousticness,missing_value,
45302,speechiness,missing_value,
45303,valence,missing_value,
45303,energy,missing_value,
45305,acousticness,missing_value,
45314,speechiness,missing_value,
45315,instrumentalness,missing_value,
45320,instrumentalness,missing_value,
45326,danceability,missing_value,
45334,speechiness,missing_value,
45336,tempo,missing_value,
45336,energy,outlier_low,-0.2020
45337,speechiness,missing_value,
45339,instrumentalness,missing_value,
45342,energy,outlier_low,-0.2491
45342,liveness,missing_value,
45349,liveness,missing_value,
45352,liveness,missing_value,
45358,liveness,missing_value,
45358,loudness,missing_value,
45362,energy,missing_value,
45368,danceability,missing_value,
45376,tempo,missing_value,
45379,loudness,missing_value,
45379,tempo,missing_value,
45390,valence,missing_value,
45391,speechiness,missing_value,
45395,danceability,missing_value,
45397,energy,missing_value,
45403,instrumentalness,missing_value,
45408,acousticness,missing_value,
45412,instrumentalness,missing_value,
45413,speechiness,missing_value,
45416,acousticness,missing_value,
45417,tempo,missing_value,
45418,liveness,missing_value,
45421,instrumentalness,missing_value,
45427,energy,missing_value,
45433,liveness,missing_value,
45441,tempo,missing_value,
45446,liveness,missing_value,
45449,loudness,missing_value,
45452,speechiness,missing_value,
45453,danceability,missing_value,
45455,liveness,missing_value,
45459,loudness,missing_value,
45459,tempo,missing_value,
45465,loudness,missing_value,
45470,liveness,missing_value,
45470,valence,missing_value,
45471,danceability,missing_value,
45477,liveness,missing_value,
45480,valence,missing_value,
45495,tempo,missing_value,
45498,danceability,missing_value,
45500,tempo,outlier_high,392.6331
45500,liveness,missing_value,
45501,liveness,missing_value,
45504,speechiness,missing_value,
45516,speechiness,missing_value,
45517,instrumentalness,missing_value,
45522,tempo,missing_value,
45523,loudness,missing_value,
45523,valence,missing_value,
45524,energy,outlier_high,1.1119
45529,loudness,missing_value,
45533,loudness,missing_value,
45534,energy,missing_value,
45538,acousticness,missing_value,
45538,energy,missing_value,
45539,speechiness,missing_value,
45539,energy,missing_value,
45540,liveness,missing_value,
45543,liveness,missing_value,
45545,loudness,missing_value,
45548,tempo,missing_value,
45552,energy,missing_value,
45557,loudness,missing_value,
45559,speechiness,missing_value,
45571,liveness,missing_value,
45577,instrumentalness,missing_value,
45582,tempo,missing_value,
45587,danceability,missing_value,
45588,speechiness,missing_value,
45590,acousticness,missing_value,
45595,instrumentalness,missing_value,
45597,tempo,missing_value,
45597,danceability,missing_value,
45606,danceability,missing_value,
45609,speechiness,missing_value,
45611,energy,missing_value,
45611,danceability,missing_value,
45612,speechiness,missing_value,
45617,energy,missing_value,
45621,danceability,outlier_high,1.2020
45621,energy,missing_value,
45629,speechiness,missing_value,
45632,energy,missing_value,
45635,instrumentalness,missing_value,
45635,loudness,missing_value,
45644,liveness,missing_value,
45645,acousticness,missing_value,
45658,acousticness,missing_value,
45664,speechiness,missing_value,
45670,loudness,missing_value,
45674,loudness,missing_value,
45675,speechiness,missing_value,
45675,acousticness,missing_value,
45676,liveness,missing_value,
45678,valence,missing_value,
45681,valence,missing_value,
45681,danceability,missing_value,
45682,loudness,missing_value,
45687,liveness,missing_value,
45692,danceability,missing_value,
45692,loudness,missing_value,
45695,valence,missing_value,
45699,liveness,missing_value,
45700,danceability,missing_value,
45706,acousticness,missing_value,
45707,danceability,outlier_high,1.4628
45710,valence,missing_value,
45715,tempo,missing_value,
45722,loudness,missing_value,
45729,loudness,missing_value,
45729,speechiness,missing_value,
45729,instrumentalness,missing_value,
45731,danceability,missing_value,
45733,loudness,missing_value,
45734,liveness,missing_value,
45744,valence,missing_value,
45748,speechiness,missing_value,
45762,liveness,missing_value,
45764,danceability,missing_value,
45766,liveness,missing_value,
45767,loudness,missing_value,
45769,tempo,missing_value,
45777,speechiness,missing_value,
45783,danceability,missing_value,
45793,valence,outlier_high,1.2637
45804,acousticness,missing_value,
45812,instrumentalness,missing_value,
45814,loudness,outlier_low,-76.2765
45817,tempo,missing_value,
45821,danceability,missing_value,
45822,acousticness,missing_value,
45822,valence,missing_value,
45824,speechiness,missing_value,
45834,tempo,missing_value,
45835,tempo,outlier_high,332.5386
45835,valence,missing_value,
45835,energy,missing_value,
45836,speechiness,missing_value,
45840,acousticness,missing_value,
45843,valence,outlier_low,-0.0905
45845,speechiness,missing_value,
45851,energy,missing_value,
45856,danceability,missing_value,
45857,instrumentalness,missing_value,
45862,valence,missing_value,
45866,loudness,missing_value,
45868,acousticness,missing_value,
45869,danceability,missing_value,
45880,acousticness,missing_value,
45886,tempo,missing_value,
45886,danceability,missing_value,
45894,acousticness,missing_value,
45897,acousticness,missing_value,
45898,valence,missing_value,
45901,instrumentalness,missing_value,
45902,speechiness,missing_value,
45903,valence,missing_value,
45904,tempo,missing_value,
45905,liveness,missing_value,
45906,danceability,missing_value,
45909,acousticness,missing_value,
45913,valence,missing_value,
45919,tempo,missing_value,
45920,instrumentalness,missing_value,
45924,liveness,missing_value,
45927,liveness,missing_value,
45927,loudness,missing_value,
45930,danceability,missing_value,
45930,instrumentalness,missing_value,
45935,loudness,missing_value,
45938,speechiness,missing_value,
45941,liveness,missing_value,
45943,speechiness,missing_value,
45949,speechiness,missing_value,
45949,danceability,missing_value,
45952,energy,missing_value,
45955,liveness,missing_value,
45957,acousticness,missing_value,
45961,loudness,missing_value,
45961,danceability,missing_value,
45961,acousticness,missing_value,
45970,tempo,missing_value,
45974,energy,missing_value,
45987,speechiness,missing_value,
45988,acousticness,missing_value,
45990,tempo,missing_value,
45996,speechiness,missing_value,
45996,tempo,missing_value,
45999,speechiness,missing_value,
46000,valence,missing_value,
46001,liveness,missing_value,
46002,loudness,missing_value,
46002,instrumentalness,missing_value,
46007,tempo,outlier_high,404.1227
46007,speechiness,missing_value,
46010,tempo,missing_value,
46016,loudness,outlier_high,4.4847
46017,valence,missing_value,
46024,instrumentalness,missing_value,
46025,acousticness,missing_value,
46026,speechiness,missing_value,
46032,tempo,missing_value,
46033,tempo,missing_value,
46033,valence,outlier_high,1.4410
46036,tempo,missing_value,
46040,liveness,missing_value,
46051,valence,missing_value,
46054,danceability,missing_value,
46054,loudness,outlier_high,6.1946
46063,danceability,missing_value,
46066,tempo,missing_value,
46068,loudness,missing_value,
46068,liveness,missing_value,
46080,loudness,missing_value,
46081,loudness,outlier_high,5.9997
46085,instrumentalness,missing_value,
46087,loudness,missing_value,
46087,acousticness,missing_value,
46088,energy,missing_value,
46089,acousticness,missing_value,
46089,tempo,missing_value,
46091,danceability,missing_value,
46092,liveness,missing_value,
46094,energy,outlier_low,-0.0557
46095,energy,missing_value,
46100,valence,missing_value,
46100,liveness,missing_value,
46103,speechiness,missing_value,
46107,valence,missing_value,
46111,tempo,missing_value,
46119,instrumentalness,missing_value,
46123,loudness,missing_value,
46126,energy,outlier_high,1.1901
46126,acousticness,missing_value,
46128,speechiness,missing_value,
46132,loudness,missing_value,
46134,loudness,missing_value,
46135,energy,missing_value,
46145,speechiness,missing_value,
46155,valence,missing_value,
46157,tempo,missing_value,
46158,liveness,missing_value,
46159,danceability,missing_value,
46161,energy,missing_value,
46166,speechiness,missing_value,
46169,acousticness,missing_value,
46180,danceability,outlier_low,-0.0798
46181,acousticness,missing_value,
46185,tempo,outlier_low,14.1901
46187,speechiness,missing_value,
46196,speechiness,missing_value,
46202,danceability,missing_value,
46203,valence,outlier_low,-0.1070
46203,tempo,missing_value,
46214,speechiness,missing_value,
46219,instrumentalness,missing_value,
46225,instrumentalness,missing_value,
46234,instrumentalness,missing_value,
46235,instrumentalness,missing_value,
46237,valence,missing_value,
46240,speechiness,missing_value,
46240,tempo,missing_value,
46241,danceability,missing_value,
46242,acousticness,missing_value,
46242,speechiness,missing_value,
46244,loudness,missing_value,
46246,loudness,missing_value,
46253,energy,outlier_high,1.1124
46256,danceability,missing_value,
46260,danceability,missing_value,
46270,acousticness,missing_value,
46273,acousticness,missing_value,
46279,acousticness,missing_value,
46281,liveness,missing_value,
46281,energy,missing_value,
46292,energy,missing_value,
46294,energy,missing_value,
46295,speechiness,missing_value,
46295,danceability,missing_value,
46296,speechiness,missing_value,
46297,speechiness,missing_value,
46301,liveness,missing_value,
46322,tempo,outlier_high,407.1832
46326,liveness,missing_value,
46331,danceability,missing_value,
46340,loudness,missing_value,
46343,energy,outlier_low,-0.2273
46343,danceability,missing_value,
46345,danceability,missing_value,
46350,tempo,missing_value,
46353,instrumentalness,missing_value,
46359,danceability,missing_value,
46363,speechiness,missing_value,
46364,liveness,missing_value,
46364,speechiness,missing_value,
46374,speechiness,missing_value,
46378,danceability,missing_value,
46389,danceability,missing_value,
46389,instrumentalness,missing_value,
46390,instrumentalness,missing_value,
46392,liveness,missing_value,
46397,acousticness,missing_value,
46403,instrumentalness,missing_value,
46415,acousticness,missing_value,
46418,energy,missing_value,
46419,acousticness,missing_value,
46427,energy,missing_value,
46439,tempo,missing_value,
46445,loudness,missing_value,
46450,valence,missing_value,
46456,loudness,outlier_low,-77.8453
46460,acousticness,missing_value,
46462,liveness,missing_value,
46465,danceability,missing_value,
46465,acousticness,missing_value,
46466,danceability,missing_value,
46467,danceability,missing_value,
46469,loudness,outlier_high,9.8340
46472,valence,outlier_high,1.0692
46478,tempo,missing_value,
46484,energy,missing_value,
46488,valence,missing_value,
46491,liveness,missing_value,
46492,valence,missing_value,
46497,loudness,outlier_high,2.1328
46499,instrumentalness,missing_value,
46505,energy,missing_value,
46505,loudness,missing_value,
46510,energy,missing_value,
46512,tempo,outlier_low,14.7394
46515,valence,missing_value,
46516,speechiness,missing_value,
46517,liveness,missing_value,
46518,tempo,missing_value,
46519,loudness,missing_value,
46522,liveness,missing_value,
46522,loudness,missing_value,
46526,liveness,missing_value,
46533,danceability,outlier_high,1.1706
46534,instrumentalness,missing_value,
46536,instrumentalness,missing_value,
46538,instrumentalness,missing_value,
46539,liveness,missing_value,
46543,instrumentalness,missing_value,
46544,energy,outlier_high,1.2221
46553,tempo,missing_value,
46575,liveness,missing_value,
46579,tempo,missing_value,
46582,valence,missing_value,
46584,liveness,missing_value,
46589,liveness,missing_value,
46604,speechiness,missing_value,
46608,valence,missing_value,
46616,danceability,missing_value,
46629,acousticness,missing_value,
46630,energy,outlier_high,1.2737
46637,energy,missing_value,
46638,energy,missing_value,
46641,valence,missing_value,
46641,acousticness,missing_value,
46642,speechiness,missing_value,
46643,instrumentalness,missing_value,
46647,liveness,missing_value,
46648,loudness,missing_value,
46651,loudness,missing_value,
46652,instrumentalness,missing_value,
46653,acousticness,missing_value,
46656,valence,missing_value,
46657,loudness,missing_value,
46658,danceability,missing_value,
46662,valence,missing_value,
46663,loudness,missing_value,
46673,loudness,missing_value,
46675,acousticness,missing_value,
46675,danceability,missing_value,
46677,energy,missing_value,
46677,liveness,missing_value,
46685,loudness,missing_value,
46685,energy,missing_value,
46685,speechiness,missing_value,
46687,loudness,missing_value,
46689,loudness,missing_value,
46689,energy,outlier_high,1.1215
46689,instrumentalness,missing_value,
46690,loudness,missing_value,
46691,tempo,missing_value,
46691,valence,missing_value,
46698,liveness,missing_value,
46699,loudness,missing_value,
46701,energy,missing_value,
46703,speechiness,missing_value,
46704,valence,missing_value,
46706,instrumentalness,missing_value,
46709,tempo,missing_value,
46712,danceability,missing_value,
46713,acousticness,missing_value,
46716,liveness,missing_value,
46718,speechiness,missing_value,
46722,energy,missing_value,
46722,tempo,missing_value,
46723,danceability,missing_value,
46726,valence,missing_value,
46727,valence,missing_value,
46732,acousticness,missing_value,
46736,speechiness,missing_value,
46737,liveness,missing_value,
46742,tempo,outlier_high,406.3209
46744,danceability,missing_value,
46746,liveness,missing_value,
46746,acousticness,missing_value,
46751,liveness,missing_value,
46755,speechiness,missing_value,
46756,valence,missing_value,
46760,energy,outlier_high,1.4169
46764,valence,missing_value,
46765,danceability,missing_value,
46767,speechiness,missing_value,
46769,energy,missing_value,
46772,energy,missing_value,
46777,tempo,missing_value,
46778,liveness,missing_value,
46783,instrumentalness,missing_value,
46787,instrumentalness,missing_value,
46788,speechiness,missing_value,
46789,danceability,outlier_high,1.2210
46794,energy,missing_value,
46801,loudness,missing_value,
46805,speechiness,missing_value,
46806,energy,missing_value,
46806,danceability,missing_value,
46810,valence,missing_value,
46812,loudness,missing_value,
46812,valence,missing_value,
46815,valence,missing_value,
46820,speechiness,missing_value,
46822,instrumentalness,missing_value,
46831,energy,missing_value,
46831,tempo,missing_value,
46838,loudness,missing_value,
46841,liveness,missing_value,
46843,danceability,missing_value,
46843,valence,missing_value,
46845,loudness,missing_value,
46846,tempo,missing_value,
46851,instrumentalness,missing_value,
46854,loudness,missing_value,
46863,tempo,missing_value,
46870,loudness,missing_value,
46873,instrumentalness,missing_value,
46874,tempo,missing_value,
46881,danceability,missing_value,
46889,loudness,missing_value,
46892,acousticness,missing_value,
46896,loudness,missing_value,
46906,loudness,missing_value,
46907,energy,missing_value,
46909,instrumentalness,missing_value,
46911,danceability,outlier_high,1.1467
46913,tempo,missing_value,
46914,tempo,missing_value,
46914,danceability,missing_value,
46919,instrumentalness,missing_value,
46920,energy,outlier_low,-0.1817
46927,instrumentalness,missing_value,
46928,energy,missing_value,
46931,instrumentalness,missing_value,
46934,loudness,missing_value,
46936,instrumentalness,missing_value,
46936,energy,missing_value,
46942,liveness,missing_value,
46948,tempo,missing_value,
46953,valence,missing_value,
46954,instrumentalness,missing_value,
46957,danceability,outlier_high,1.1131
46958,tempo,missing_value,
46963,liveness,missing_value,
46968,instrumentalness,missing_value,
46976,valence,missing_value,
46978,acousticness,missing_value,
46979,energy,missing_value,
46997,danceability,outlier_low,-0.1787
46999,danceability,outlier_low,-0.0543
47005,energy,missing_value,
47014,speechiness,missing_value,
47015,valence,missing_value,
47019,speechiness,missing_value,
47021,liveness,missing_value,
47027,energy,missing_value,
47029,valence,missing_value,
47033,energy,missing_value,
47035,liveness,missing_value,
47036,loudness,missing_value,
47038,tempo,missing_value,
47039,liveness,missing_value,
47041,speechiness,missing_value,
47041,instrumentalness,missing_value,
47044,speechiness,missing_value,
47049,tempo,outlier_low,13.9915
47055,instrumentalness,missing_value,
47059,tempo,missing_value,
47060,energy,missing_value,
47060,liveness,missing_value,
47064,speechiness,missing_value,
47065,tempo,missing_value,
47069,valence,outlier_high,1.2783
47074,loudness,missing_value,
47074,instrumentalness,missing_value,
47075,energy,missing_value,
47079,energy,missing_value,
47079,tempo,outlier_high,303.1170
47079,instrumentalness,missing_value,
47084,instrumentalness,missing_value,
47088,acousticness,missing_value,
47089,speechiness,missing_value,
47096,danceability,missing_value,
47096,loudness,missing_value,
47100,loudness,missing_value,
47106,energy,missing_value,
47112,loudness,missing_value,
47112,speechiness,missing_value,
47114,danceability,missing_value,
47115,acousticness,missing_value,
47118,danceability,missing_value,
47118,energy,missing_value,
47119,loudness,missing_value,
47120,acousticness,missing_value,
47124,valence,missing_value,
47126,valence,missing_value,
47129,energy,missing_value,
47131,energy,missing_value,
47133,speechiness,missing_value,
47151,instrumentalness,missing_value,
47156,valence,missing_value,
47158,loudness,outlier_low,-80.8656
47160,instrumentalness,missing_value,
47170,tempo,missing_value,
47171,energy,outlier_high,1.2905
47171,liveness,missing_value,
47176,danceability,missing_value,
47179,valence,missing_value,
47179,liveness,missing_value,
47181,acousticness,missing_value,
47181,valence,missing_value,
47184,valence,outlier_high,1.4210
47186,energy,missing_value,
47186,valence,missing_value,
47187,instrumentalness,missing_value,
47200,tempo,missing_value,
47202,acousticness,missing_value,
47204,instrumentalness,missing_value,
47205,liveness,missing_value,
47207,tempo,outlier_high,408.6752
47208,instrumentalness,missing_value,
47208,liveness,missing_value,
47214,acousticness,missing_value,
47214,speechiness,missing_value,
47215,valence,missing_value,
47220,valence,missing_value,
47237,acousticness,missing_value,
47243,energy,missing_value,
47253,danceability,missing_value,
47255,acousticness,missing_value,
47256,danceability,outlier_high,1.2636
47258,energy,missing_value,
47260,instrumentalness,missing_value,
47260,loudness,missing_value,
47261,loudness,missing_value,
47261,tempo,missing_value,
47261,liveness,missing_value,
47264,loudness,outlier_low,-82.9640
47269,tempo,missing_value,
47270,danceability,outlier_high,1.1873
47271,energy,missing_value,
47273,valence,missing_value,
47273,tempo,missing_value,
47275,valence,missing_value,
47281,liveness,missing_value,
47281,tempo,missing_value,
47282,loudness,missing_value,
47282,liveness,missing_value,
47287,danceability,missing_value,
47290,danceability,missing_value,
47290,tempo,missing_value,
47291,valence,missing_value,
47292,tempo,missing_value,
47294,energy,outlier_low,-0.0229
47295,instrumentalness,missing_value,
47296,danceability,missing_value,
47301,tempo,missing_value,
47302,speechiness,missing_value,
47305,valence,missing_value,
47309,valence,missing_value,
47312,energy,missing_value,
47312,instrumentalness,missing_value,
47322,valence,outlier_low,-0.1955
47326,energy,missing_value,
47329,valence,missing_value,
47329,energy,missing_value,
47344,energy,missing_value,
47346,energy,missing_value,
47352,speechiness,missing_value,
47352,liveness,missing_value,
47355,acousticness,missing_value,
47357,acousticness,missing_value,
47361,valence,missing_value,
47366,valence,missing_value,
47368,valence,missing_value,
47368,acousticness,missing_value,
47371,danceability,missing_value,
47372,acousticness,missing_value,
47382,energy,missing_value,
47383,danceability,missing_value,
47385,tempo,missing_value,
47386,tempo,outlier_low,0.4591
47389,loudness,missing_value,
47392,loudness,outlier_high,2.9524
47394,energy,outlier_high,1.4938
47396,acousticness,missing_value,
47398,danceability,missing_value,
47405,danceability,missing_value,
47406,danceability,missing_value,
47416,instrumentalness,missing_value,
47428,acousticness,missing_value,
47431,loudness,missing_value,
47433,speechiness,missing_value,
47433,energy,missing_value,
47435,speechiness,missing_value,
47437,acousticness,missing_value,
47437,liveness,missing_value,
47440,liveness,missing_value,
47445,liveness,missing_value,
47448,danceability,outlier_low,-0.2813
47456,loudness,missing_value,
47457,energy,missing_value,
47461,acousticness,missing_value,
47473,tempo,missing_value,
47475,tempo,missing_value,
47481,energy,missing_value,
47483,acousticness,missing_value,
47484,danceability,outlier_low,-0.2667
47491,energy,missing_value,
47492,liveness,missing_value,
47496,energy,missing_value,
47497,acousticness,missing_value,
47498,valence,outlier_low,-0.2727
47499,instrumentalness,missing_value,
47500,liveness,missing_value,
47500,danceability,outlier_high,1.4954
47500,loudness,missing_value,
47518,loudness,missing_value,
47521,loudness,missing_value,
47526,liveness,missing_value,
47526,tempo,outlier_low,1.6421
47527,tempo,missing_value,
47527,danceability,missing_value,
47539,valence,missing_value,
47539,energy,missing_value,
47541,tempo,outlier_low,13.7428
47549,acousticness,missing_value,
47554,liveness,missing_value,
47557,loudness,missing_value,
47562,tempo,missing_value,
47565,liveness,missing_value,
47567,loudness,outlier_low,-78.9593
47571,instrumentalness,missing_value,
47572,valence,outlier_high,1.2977
47573,liveness,missing_value,
47576,tempo,missing_value,
47581,energy,missing_value,
47587,danceability,missing_value,
47594,danceability,missing_value,
47595,loudness,missing_value,
47602,danceability,missing_value,
47603,speechiness,missing_value,
47603,acousticness,missing_value,
47605,valence,missing_value,
47605,instrumentalness,missing_value,
47608,tempo,missing_value,
47612,acousticness,missing_value,
47614,loudness,outlier_low,-76.0730
47616,valence,missing_value,
47618,tempo,missing_value,
47621,valence,missing_value,
47623,valence,missing_value,
47624,speechiness,missing_value,
47626,liveness,missing_value,
47635,liveness,missing_value,
47637,loudness,missing_value,
47637,instrumentalness,missing_value,
47639,liveness,missing_value,
47642,tempo,missing_value,
47650,tempo,missing_value,
47651,speechiness,missing_value,
47654,valence,missing_value,
47655,instrumentalness,missing_value,
47656,instrumentalness,missing_value,
47660,tempo,missing_value,
47664,speechiness,missing_value,
47674,tempo,outlier_high,315.4907
47684,danceability,outlier_low,-0.0556
47684,energy,missing_value,
47688,valence,missing_value,
47691,loudness,missing_value,
47692,liveness,missing_value,
47695,valence,outlier_high,1.1175
47700,acousticness,missing_value,
47712,tempo,missing_value,
47712,instrumentalness,missing_value,
47713,valence,outlier_high,1.2101
47715,liveness,missing_value,
47717,energy,missing_value,
47722,speechiness,missing_value,
47734,tempo,outlier_low,10.9933
47734,acousticness,missing_value,
47735,liveness,missing_value,
47737,speechiness,missing_value,
47748,acousticness,missing_value,
47749,speechiness,missing_value,
47751,acousticness,missing_value,
47757,danceability,missing_value,
47758,acousticness,missing_value,
47758,loudness,missing_value,
47761,energy,missing_value,
47766,tempo,missing_value,
47766,danceability,missing_value,
47772,speechiness,missing_value,
47774,danceability,missing_value,
47774,liveness,missing_value,
47776,liveness,missing_value,
47779,liveness,missing_value,
47779,valence,outlier_high,1.4234
47780,acousticness,missing_value,
47781,danceability,missing_value,
47782,loudness,missing_value,
47784,acousticness,missing_value,
47787,loudness,missing_value,
47788,energy,missing_value,
47788,instrumentalness,missing_value,
47789,danceability,outlier_low,-0.0991
47790,speechiness,missing_value,
47795,instrumentalness,missing_value,
47798,tempo,missing_value,
47802,acousticness,missing_value,
47805,instrumentalness,missing_value,
47805,loudness,missing_value,
47812,danceability,missing_value,
47818,loudness,missing_value,
47822,valence,missing_value,
47824,valence,missing_value,
47824,energy,missing_value,
47828,danceability,missing_value,
47830,tempo,missing_value,
47842,tempo,missing_value,
47844,acousticness,missing_value,
47852,energy,missing_value,
47865,speechiness,missing_value,
47871,valence,missing_value,
47875,tempo,missing_value,
47888,speechiness,missing_value,
47889,liveness,missing_value,
47889,valence,outlier_high,1.0746
47894,energy,missing_value,
47897,instrumentalness,missing_value,
47905,instrumentalness,missing_value,
47919,valence,missing_value,
47923,loudness,missing_value,
47926,loudness,missing_value,
47932,valence,missing_value,
47934,energy,missing_value,
47934,liveness,missing_value,
47938,tempo,missing_value,
47941,loudness,missing_value,
47947,danceability,missing_value,
47949,valence,outlier_low,-0.1613
47951,liveness,missing_value,
47954,loudness,missing_value,
47960,liveness,missing_value,
47961,tempo,missing_value,
47963,valence,outlier_high,1.1471
47964,energy,missing_value,
47967,danceability,missing_value,
47972,danceability,missing_value,
47983,loudness,missing_value,
47984,speechiness,missing_value,
47987,valence,missing_value,
47988,loudness,missing_value,
47992,speechiness,missing_value,
47993,tempo,missing_value,
47997,valence,missing_value,
48004,acousticness,missing_value,
48006,loudness,missing_value,
48006,tempo,missing_value,
48008,instrumentalness,missing_value,
48009,valence,outlier_low,-0.0656
48009,speechiness,missing_value,
48014,tempo,outlier_low,10.2088
48016,speechiness,missing_value,
48019,danceability,missing_value,
48021,speechiness,missing_value,
48022,speechiness,missing_value,
48025,instrumentalness,missing_value,
48025,energy,missing_value,
48033,danceability,outlier_high,1.1507
48036,valence,outlier_high,1.1904
48045,energy,missing_value,
48046,speechiness,missing_value,
48046,liveness,missing_value,
48051,tempo,missing_value,
48060,danceability,missing_value,
48062,tempo,outlier_low,8.8006
48069,loudness,missing_value,
48070,danceability,missing_value,
48071,tempo,missing_value,
48076,loudness,missing_value,
48076,speechiness,missing_value,
48081,tempo,missing_value,
48085,liveness,missing_value,
48092,tempo,missing_value,
48094,liveness,missing_value,
48099,danceability,missing_value,
48105,danceability,outlier_high,1.1645
48107,loudness,missing_value,
48111,speechiness,missing_value,
48119,liveness,missing_value,
48120,energy,outlier_high,1.4082
48123,loudness,missing_value,
48129,acousticness,missing_value,
48130,instrumentalness,missing_value,
48131,danceability,missing_value,
48133,valence,missing_value,
48134,acousticness,missing_value,
48137,tempo,missing_value,
48142,danceability,missing_value,
48145,liveness,missing_value,
48147,energy,missing_value,
48149,instrumentalness,missing_value,
48150,valence,missing_value,
48161,loudness,outlier_high,4.9814
48169,tempo,missing_value,
48177,loudness,missing_value,
48182,loudness,missing_value,
48190,acousticness,missing_value,
48192,valence,missing_value,
48193,acousticness,missing_value,
48196,valence,missing_value,
48197,valence,missing_value,
48199,valence,missing_value,
48209,tempo,outlier_low,2.3839
48209,loudness,missing_value,
48212,instrumentalness,missing_value,
48215,tempo,outlier_high,407.5650
48221,speechiness,missing_value,
48225,loudness,missing_value,
48227,loudness,missing_value,
48233,liveness,missing_value,
48243,valence,missing_value,
48244,instrumentalness,missing_value,
48247,danceability,missing_value,
48248,loudness,outlier_high,3.4186
48248,energy,missing_value,
48257,instrumentalness,missing_value,
48261,loudness,missing_value,
48263,valence,missing_value,
48264,loudness,missing_value,
48266,acousticness,missing_value,
48268,liveness,missing_value,
48269,speechiness,missing_value,
48274,liveness,missing_value,
48275,danceability,missing_value,
48276,liveness,missing_value,
48285,tempo,outlier_high,412.1684
48291,energy,missing_value,
48295,liveness,missing_value,
48299,tempo,outlier_high,417.2157
48300,valence,missing_value,
48302,speechiness,missing_value,
48306,speechiness,missing_value,
48310,liveness,missing_value,
48312,loudness,missing_value,
48324,tempo,outlier_low,7.7611
48326,acousticness,missing_value,
48330,instrumentalness,missing_value,
48336,acousticness,missing_value,
48337,energy,outlier_low,-0.2459
48338,loudness,missing_value,
48340,loudness,outlier_high,5.8989
48347,loudness,missing_value,
48350,energy,missing_value,
48353,energy,missing_value,
48367,loudness,missing_value,
48367,instrumentalness,missing_value,
48368,tempo,missing_value,
48382,valence,missing_value,
48388,loudness,missing_value,
48394,valence,outlier_low,-0.0835
48395,instrumentalness,missing_value,
48395,tempo,missing_value,
48398,danceability,missing_value,
48404,loudness,missing_value,
48405,valence,missing_value,
48406,loudness,missing_value,
48410,energy,missing_value,
48411,tempo,missing_value,
48419,valence,missing_value,
48422,loudness,missing_value,
48431,loudness,missing_value,
48432,loudness,missing_value,
48435,tempo,missing_value,
48436,speechiness,missing_value,
48442,instrumentalness,missing_value,
48443,danceability,missing_value,
48449,valence,outlier_low,-0.2520
48451,danceability,missing_value,
48452,valence,outlier_low,-0.2168
48457,danceability,missing_value,
48464,instrumentalness,missing_value,
48471,instrumentalness,missing_value,
48477,loudness,missing_value,
48481,acousticness,missing_value,
48482,loudness,missing_value,
48484,tempo,missing_value,
48487,acousticness,missing_value,
48491,loudness,missing_value,
48505,danceability,missing_value,
48512,acousticness,missing_value,
48515,danceability,outlier_low,-0.0567
48517,speechiness,missing_value,
48519,speechiness,missing_value,
48521,instrumentalness,missing_value,
48527,energy,missing_value,
48528,liveness,missing_value,
48536,valence,missing_value,
48537,liveness,missing_value,
48537,loudness,missing_value,
48539,energy,missing_value,
48542,speechiness,missing_value,
48544,instrumentalness,missing_value,
48548,danceability,outlier_high,1.1228
48549,danceability,missing_value,
48550,loudness,outlier_high,1.1504
48551,tempo,outlier_high,374.8108
48554,valence,missing_value,
48560,loudness,missing_value,
48560,liveness,missing_value,
48562,danceability,missing_value,
48564,tempo,missing_value,
48565,loudness,missing_value,
48567,liveness,missing_value,
48575,energy,missing_value,
48576,valence,outlier_high,1.1994
48589,danceability,outlier_low,-0.2883
48591,loudness,missing_value,
48592,acousticness,missing_value,
48596,instrumentalness,missing_value,
48597,speechiness,missing_value,
48607,loudness,outlier_low,-73.1617
48609,acousticness,missing_value,
48609,danceability,missing_value,
48610,danceability,outlier_high,1.2950
48616,loudness,outlier_low,-76.2269
48618,valence,missing_value,
48618,instrumentalness,missing_value,
48618,tempo,outlier_low,11.9422
48624,valence,missing_value,
48626,speechiness,missing_value,
48628,valence,missing_value,
48629,danceability,missing_value,
48631,acousticness,missing_value,
48640,tempo,missing_value,
48644,liveness,missing_value,
48649,tempo,missing_value,
48654,energy,missing_value,
48655,danceability,missing_value,
48658,loudness,missing_value,
48665,speechiness,missing_value,
48666,acousticness,missing_value,
48667,tempo,outlier_low,8.5086
48671,loudness,missing_value,
48672,acousticness,missing_value,
48690,instrumentalness,missing_value,
48695,speechiness,missing_value,
48700,valence,missing_value,
48701,liveness,missing_value,
48708,loudness,outlier_low,-78.2104
48710,liveness,missing_value,
48711,instrumentalness,missing_value,
48721,energy,missing_value,
48727,danceability,missing_value,
48730,instrumentalness,missing_value,
48738,danceability,missing_value,
48741,loudness,missing_value,
48743,tempo,outlier_low,13.9734
48763,instrumentalness,missing_value,
48766,tempo,missing_value,
48770,loudness,missing_value,
48771,energy,missing_value,
48772,liveness,missing_value,
48776,liveness,missing_value,
48778,acousticness,missing_value,
48778,tempo,outlier_low,12.0788
48779,danceability,missing_value,
48785,instrumentalness,missing_value,
48791,loudness,missing_value,
48797,valence,missing_value,
48797,tempo,missing_value,
48803,danceability,outlier_high,1.1628
48806,instrumentalness,missing_value,
48807,liveness,missing_value,
48809,valence,missing_value,
48814,loudness,outlier_low,-75.7520
48817,acousticness,missing_value,
48835,liveness,missing_value,
48838,tempo,missing_value,
48843,danceability,outlier_high,1.4627
48845,tempo,outlier_high,382.1137
48846,valence,missing_value,
48848,loudness,missing_value,
48856,energy,outlier_low,-0.1028
48856,liveness,missing_value,
48862,acousticness,missing_value,
48868,tempo,missing_value,
48869,speechiness,missing_value,
48871,liveness,missing_value,
48881,instrumentalness,missing_value,
48882,instrumentalness,missing_value,
48882,acousticness,missing_value,
48883,danceability,missing_value,
48885,tempo,missing_value,
48889,instrumentalness,missing_value,
48889,loudness,missing_value,
48889,speechiness,missing_value,
48895,loudness,missing_value,
48897,danceability,missing_value,
48898,valence,missing_value,
48898,acousticness,missing_value,
48904,valence,missing_value,
48908,energy,outlier_low,-0.2620
48910,speechiness,missing_value,
48911,tempo,missing_value,
48914,loudness,missing_value,
48915,acousticness,missing_value,
48921,danceability,missing_value,
48922,energy,missing_value,
48925,loudness,missing_value,
48930,liveness,missing_value,
48932,liveness,missing_value,
48933,valence,missing_value,
48936,danceability,missing_value,
48938,energy,missing_value,
48943,loudness,missing_value,
48958,liveness,missing_value,
48959,speechiness,missing_value,
48959,instrumentalness,missing_value,
48962,loudness,missing_value,
48962,valence,outlier_low,-0.1254
48973,danceability,missing_value,
48979,danceability,missing_value,
48980,tempo,missing_value,
48991,energy,missing_value,
48996,acousticness,missing_value,
48997,instrumentalness,missing_value,
49001,instrumentalness,missing_value,
49003,energy,missing_value,
49007,instrumentalness,missing_value,
49007,speechiness,missing_value,
49011,energy,outlier_high,1.4559
49011,liveness,missing_value,
49013,loudness,missing_value,
49015,danceability,missing_value,
49017,energy,missing_value,
49023,tempo,outlier_low,9.3707
49024,acousticness,missing_value,
49028,instrumentalness,missing_value,
49030,tempo,missing_value,
49035,valence,missing_value,
49035,tempo,missing_value,
49040,loudness,missing_value,
49040,acousticness,missing_value,
49045,energy,missing_value,
49050,instrumentalness,missing_value,
49054,tempo,missing_value,
49056,loudness,outlier_low,-70.0217
49056,tempo,missing_value,
49060,loudness,missing_value,
49060,energy,missing_value,
49062,tempo,missing_value,
49066,liveness,missing_value,
49074,danceability,missing_value,
49076,danceability,missing_value,
49084,valence,missing_value,
49085,valence,missing_value,
49088,valence,missing_value,
49089,tempo,missing_value,
49095,energy,missing_value,
49095,danceability,outlier_high,1.4890
49096,acousticness,missing_value,
49099,loudness,missing_value,
49103,energy,missing_value,
49103,tempo,missing_value,
49105,speechiness,missing_value,
49107,energy,missing_value,
49112,instrumentalness,missing_value,
49116,liveness,missing_value,
49116,instrumentalness,missing_value,
49116,tempo,missing_value,
49118,tempo,missing_value,
49118,loudness,missing_value,
49120,speechiness,missing_value,
49126,speechiness,missing_value,
49127,speechiness,missing_value,
49130,tempo,missing_value,
49135,danceability,missing_value,
49137,valence,outlier_low,-0.2586
49138,energy,missing_value,
49139,acousticness,missing_value,
49140,danceability,outlier_high,1.3896
49141,loudness,outlier_low,-89.9385
49143,speechiness,missing_value,
49150,energy,outlier_high,1.4813
49151,energy,missing_value,
49159,valence,missing_value,
49159,tempo,outlier_high,414.9072
49159,instrumentalness,missing_value,
49160,danceability,outlier_low,-0.1544
49165,loudness,missing_value,
49167,loudness,missing_value,
49169,loudness,outlier_low,-76.5638
49170,energy,missing_value,
49171,tempo,missing_value,
49173,valence,missing_value,
49186,energy,missing_value,
49187,tempo,missing_value,
49188,danceability,missing_value,
49189,tempo,missing_value,
49189,energy,missing_value,
49191,energy,outlier_low,-0.0526
49191,tempo,missing_value,
49193,energy,missing_value,
49195,loudness,missing_value,
49196,instrumentalness,missing_value,
49203,loudness,missing_value,
49205,liveness,missing_value,
49207,danceability,missing_value,
49221,instrumentalness,missing_value,
49229,speechiness,missing_value,
49230,speechiness,missing_value,
49231,loudness,missing_value,
49236,instrumentalness,missing_value,
49240,danceability,missing_value,
49250,danceability,outlier_low,-0.1208
49253,valence,missing_value,
49256,danceability,missing_value,
49261,acousticness,missing_value,
49264,danceability,outlier_low,-0.0834
49265,liveness,missing_value,
49265,loudness,missing_value,
49271,loudness,missing_value,
49273,liveness,missing_value,
49277,speechiness,missing_value,
49278,instrumentalness,missing_value,
49281,instrumentalness,missing_value,
49283,instrumentalness,missing_value,
49285,valence,outlier_low,-0.2065
49286,loudness,missing_value,
49288,tempo,missing_value,
49292,valence,outlier_high,1.1428
49295,tempo,missing_value,
49296,speechiness,missing_value,
49296,valence,missing_value,
49300,speechiness,missing_value,
49302,instrumentalness,missing_value,
49306,speechiness,missing_value,
49306,liveness,missing_value,
49309,tempo,missing_value,
49315,liveness,missing_value,
49315,instrumentalness,missing_value,
49321,speechiness,missing_value,
49328,tempo,missing_value,
49334,tempo,missing_value,
49334,energy,missing_value,
49335,instrumentalness,missing_value,
49348,tempo,outlier_low,11.2032
49351,energy,missing_value,
49352,tempo,missing_value,
49356,tempo,missing_value,
49356,liveness,missing_value,
49356,danceability,missing_value,
49361,liveness,missing_value,
49361,instrumentalness,missing_value,
49363,loudness,missing_value,
49365,tempo,missing_value,
49372,instrumentalness,missing_value,
49374,acousticness,missing_value,
49377,instrumentalness,missing_value,
49377,loudness,missing_value,
49381,energy,missing_value,
49395,valence,missing_value,
49398,tempo,missing_value,
49403,acousticness,missing_value,
49414,instrumentalness,missing_value,
49415,speechiness,missing_value,
49416,speechiness,missing_value,
49417,valence,missing_value,
49419,tempo,missing_value,
49422,instrumentalness,missing_value,
49422,danceability,missing_value,
49426,valence,missing_value,
49427,danceability,missing_value,
49430,instrumentalness,missing_value,
49432,acousticness,missing_value,
49433,instrumentalness,missing_value,
49433,valence,missing_value,
49433,loudness,missing_value,
49436,acousticness,missing_value,
49438,energy,missing_value,
49438,instrumentalness,missing_value,
49452,tempo,missing_value,
49455,valence,missing_value,
49458,energy,missing_value,
49459,liveness,missing_value,
49463,liveness,missing_value,
49466,loudness,missing_value,
49467,acousticness,missing_value,
49473,valence,missing_value,
49473,liveness,missing_value,
49476,instrumentalness,missing_value,
49477,acousticness,missing_value,
49477,tempo,missing_value,
49477,speechiness,missing_value,
49479,energy,missing_value,
49481,liveness,missing_value,
49482,energy,missing_value,
49482,loudness,missing_value,
49483,danceability,missing_value,
49484,speechiness,missing_value,
49485,tempo,missing_value,
49489,liveness,missing_value,
49491,tempo,outlier_low,11.0467
49492,acousticness,missing_value,
49493,loudness,outlier_low,-88.4683
49493,energy,missing_value,
49496,tempo,missing_value,
49497,danceability,outlier_low,-0.1994
49499,acousticness,missing_value,
49500,energy,missing_value,
49503,speechiness,missing_value,
49504,valence,missing_value,
49506,acousticness,missing_value,
49508,valence,missing_value,
49513,energy,missing_value,
49518,loudness,missing_value,
49521,liveness,missing_value,
49523,tempo,missing_value,
49524,tempo,missing_value,
49525,tempo,missing_value,
49532,danceability,outlier_high,1.1291
49542,instrumentalness,missing_value,
49545,speechiness,missing_value,
49553,loudness,missing_value,
49561,speechiness,missing_value,
49563,energy,missing_value,
49568,valence,missing_value,
49570,speechiness,missing_value,
49574,loudness,missing_value,
49579,instrumentalness,missing_value,
49602,liveness,missing_value,
49604,energy,missing_value,
49622,danceability,missing_value,
49623,speechiness,missing_value,
49633,danceability,missing_value,
49639,tempo,missing_value,
49645,energy,missing_value,
49649,energy,missing_value,
49649,instrumentalness,missing_value,
49651,loudness,missing_value,
49658,instrumentalness,missing_value,
49669,tempo,missing_value,
49673,acousticness,missing_value,
49677,liveness,missing_value,
49678,danceability,outlier_low,-0.2490
49680,acousticness,missing_value,
49682,valence,missing_value,
49683,instrumentalness,missing_value,
49684,danceability,outlier_high,1.2127
49690,speechiness,missing_value,
49690,valence,missing_value,
49696,danceability,missing_value,
49703,liveness,missing_value,
49709,energy,missing_value,
49713,danceability,missing_value,
49714,loudness,missing_value,
49716,instrumentalness,missing_value,
49720,tempo,missing_value,
49721,loudness,missing_value,
49722,acousticness,missing_value,
49735,instrumentalness,missing_value,
49735,speechiness,missing_value,
49740,instrumentalness,missing_value,
49741,acousticness,missing_value,
49745,danceability,outlier_low,-0.2927
49749,loudness,missing_value,
49750,tempo,missing_value,
49754,loudness,missing_value,
49756,speechiness,missing_value,
49756,instrumentalness,missing_value,
49761,tempo,outlier_low,13.0224
49766,danceability,missing_value,
49769,instrumentalness,missing_value,
49772,speechiness,missing_value,
49773,acousticness,missing_value,
49774,speechiness,missing_value,
49775,tempo,missing_value,
49776,acousticness,missing_value,
49777,valence,missing_value,
49782,loudness,missing_value,
49801,loudness,missing_value,
49803,danceability,outlier_high,1.4642
49803,tempo,missing_value,
49808,valence,missing_value,
49809,acousticness,missing_value,
49811,instrumentalness,missing_value,
49816,energy,outlier_low,-0.0976
49823,valence,missing_value,
49828,valence,missing_value,
49834,liveness,missing_value,
49835,instrumentalness,missing_value,
49839,loudness,missing_value,
49839,acousticness,missing_value,
49841,loudness,missing_value,
49843,speechiness,missing_value,
49844,liveness,missing_value,
49845,valence,missing_value,
49846,energy,missing_value,
49849,valence,missing_value,
49850,energy,missing_value,
49857,tempo,missing_value,
49859,valence,outlier_low,-0.2796
49860,acousticness,missing_value,
49864,loudness,missing_value,
49865,liveness,missing_value,
49871,energy,missing_value,
49875,danceability,outlier_high,1.1537
49882,energy,missing_value,
49889,speechiness,missing_value,
49894,danceability,outlier_high,1.2574
49895,speechiness,missing_value,
49896,tempo,outlier_low,10.4009
49901,danceability,missing_value,
49912,danceability,outlier_low,-0.1434
49916,speechiness,missing_value,
49917,valence,missing_value,
49921,tempo,outlier_low,0.8755
49928,energy,missing_value,
49929,speechiness,missing_value,
49932,energy,missing_value,
49933,loudness,missing_value,
49933,energy,missing_value,
49945,energy,missing_value,
49949,valence,missing_value,
49950,speechiness,missing_value,
49951,speechiness,missing_value,
49955,liveness,missing_value,
49957,danceability,missing_value,
49958,speechiness,missing_value,
49962,loudness,missing_value,
49977,loudness,missing_value,
49978,instrumentalness,missing_value,
49979,liveness,missing_value,
49985,speechiness,missing_value,
49988,tempo,missing_value,
49991,instrumentalness,missing_value,
49998,liveness,missing_value,
50000,energy,missing_value,
50003,acousticness,missing_value,
50004,tempo,outlier_high,329.6420
50006,liveness,missing_value,
50006,instrumentalness,missing_value,
50007,energy,missing_value,
50008,loudness,missing_value,
50008,danceability,missing_value,
50011,acousticness,missing_value,
50012,speechiness,missing_value,
50013,acousticness,missing_value,
50014,acousticness,missing_value,
50015,tempo,outlier_low,8.5580
50018,danceability,missing_value,
50018,tempo,missing_value,
50020,speechiness,missing_value,
50030,speechiness,missing_value,
50033,valence,missing_value,
50035,energy,missing_value,
50036,energy,missing_value,
50037,danceability,missing_value,
50044,liveness,missing_value,
50045,valence,missing_value,
50046,loudness,missing_value,
50063,danceability,missing_value,
50064,loudness,missing_value,
50067,danceability,missing_value,
50071,acousticness,missing_value,
50075,loudness,missing_value,
50075,tempo,missing_value,
50076,speechiness,missing_value,
50077,energy,missing_value,
50077,liveness,missing_value,
50092,valence,missing_value,
50100,instrumentalness,missing_value,
50100,energy,missing_value,
50109,liveness,missing_value,
50110,danceability,missing_value,
50119,liveness,missing_value,
50121,acousticness,missing_value,
50122,instrumentalness,missing_value,
50124,acousticness,missing_value,
50124,speechiness,missing_value,
50140,energy,missing_value,
50145,valence,missing_value,
50147,liveness,missing_value,
50151,tempo,missing_value,
50152,valence,missing_value,
50158,loudness,missing_value,
50170,speechiness,missing_value,
50171,energy,missing_value,
50177,instrumentalness,missing_value,
50180,speechiness,missing_value,
50182,valence,outlier_high,1.1202
50183,tempo,missing_value,
50184,speechiness,missing_value,
50187,valence,outlier_low,-0.2634
50189,instrumentalness,missing_value,
50192,tempo,outlier_high,337.8609
50193,valence,missing_value,
50197,instrumentalness,missing_value,
50202,tempo,missing_value,
50203,acousticness,missing_value,
50206,acousticness,missing_value,
50207,tempo,missing_value,
50209,valence,missing_value,
50216,tempo,outlier_high,334.4570
50217,energy,missing_value,
50223,liveness,missing_value,
50226,danceability,missing_value,
50226,instrumentalness,missing_value,
50230,energy,missing_value,
50231,liveness,missing_value,
50231,tempo,missing_value,
50238,danceability,missing_value,
50248,loudness,outlier_low,-72.4947
50256,valence,missing_value,
50257,valence,missing_value,
50260,energy,missing_value,
50264,energy,missing_value,
50287,tempo,missing_value,
50289,liveness,missing_value,
50289,danceability,missing_value,
50291,speechiness,missing_value,
50294,energy,outlier_low,-0.0707
50297,valence,outlier_low,-0.0173
50305,danceability,missing_value,
50308,speechiness,missing_value,
50310,liveness,missing_value,
50310,instrumentalness,missing_value,
50313,valence,missing_value,
50314,acousticness,missing_value,
50315,acousticness,missing_value,
50319,loudness,outlier_low,-87.2746
50319,energy,missing_value,
50323,tempo,missing_value,
50325,acousticness,missing_value,
50326,tempo,missing_value,
50328,instrumentalness,missing_value,
50329,instrumentalness,missing_value,
50333,valence,missing_value,
50334,acousticness,missing_value,
50340,danceability,missing_value,
50342,tempo,missing_value,
50344,liveness,missing_value,
50345,danceability,missing_value,
50348,instrumentalness,missing_value,
50350,loudness,missing_value,
50356,energy,missing_value,
50361,instrumentalness,missing_value,
50362,instrumentalness,missing_value,
50362,valence,missing_value,
50362,energy,missing_value,
50365,instrumentalness,missing_value,
50375,tempo,missing_value,
50380,speechiness,missing_value,
50385,instrumentalness,missing_value,
50388,valence,missing_value,
50397,instrumentalness,missing_value,
50397,tempo,outlier_high,362.8175
50400,valence,missing_value,
50402,danceability,missing_value,
50409,danceability,missing_value,
50410,energy,missing_value,
50414,energy,missing_value,
50417,speechiness,missing_value,
50424,danceability,missing_value,
50427,energy,outlier_high,1.3557
50429,danceability,missing_value,
50431,energy,missing_value,
50436,speechiness,missing_value,
50440,valence,missing_value,
50442,acousticness,missing_value,
50445,instrumentalness,missing_value,
50447,loudness,outlier_low,-74.8510
50448,danceability,outlier_low,-0.0607
50451,loudness,missing_value,
50452,tempo,missing_value,
50456,instrumentalness,missing_value,
50463,valence,missing_value,
50464,liveness,missing_value,
50464,loudness,missing_value,
50467,instrumentalness,missing_value,
50467,danceability,missing_value,
50487,tempo,missing_value,
50488,energy,outlier_high,1.3786
50489,energy,missing_value,
50492,liveness,missing_value,
50496,loudness,missing_value,
50496,liveness,missing_value,
50502,danceability,outlier_low,-0.2439
50506,tempo,outlier_low,1.0827
50507,tempo,missing_value,
50508,valence,missing_value,
50513,valence,missing_value,
50515,speechiness,missing_value,
50517,energy,missing_value,
50518,energy,missing_value,
50519,speechiness,missing_value,
50519,liveness,missing_value,
50522,liveness,missing_value,
50522,valence,missing_value,
50525,loudness,missing_value,
50532,energy,missing_value,
50534,valence,outlier_high,1.2755
50537,liveness,missing_value,
50538,tempo,missing_value,
50538,valence,outlier_high,1.4270
50543,energy,missing_value,
50543,instrumentalness,missing_value,
50545,danceability,missing_value,
50548,danceability,missing_value,
50552,liveness,missing_value,
50553,danceability,missing_value,
50554,tempo,missing_value,
50556,acousticness,missing_value,
50557,instrumentalness,missing_value,
50564,loudness,missing_value,
50570,energy,missing_value,
50576,danceability,missing_value,
50586,liveness,missing_value,
50587,liveness,missing_value,
50590,loudness,missing_value,
50590,danceability,missing_value,
50593,speechiness,missing_value,
50596,valence,missing_value,
50600,loudness,outlier_low,-78.2060
50602,danceability,missing_value,
50603,instrumentalness,missing_value,
50604,danceability,missing_value,
50614,liveness,missing_value,
50616,tempo,missing_value,
50618,valence,missing_value,
50619,instrumentalness,missing_value,
50625,liveness,missing_value,
50638,instrumentalness,missing_value,
50639,tempo,missing_value,
50644,tempo,missing_value,
50644,instrumentalness,missing_value,
50645,tempo,missing_value,
50656,valence,missing_value,
50657,danceability,missing_value,
50660,instrumentalness,missing_value,
50665,energy,missing_value,
50668,danceability,missing_value,
50674,tempo,missing_value,
50679,liveness,missing_value,
50680,loudness,missing_value,
50682,loudness,missing_value,
50684,energy,missing_value,
50690,valence,missing_value,
50699,liveness,missing_value,
50706,danceability,missing_value,
50707,energy,outlier_high,1.1464
50712,speechiness,missing_value,
50714,loudness,missing_value,
50715,speechiness,missing_value,
50725,speechiness,missing_value,
50726,tempo,missing_value,
50734,valence,missing_value,
50742,liveness,missing_value,
50744,loudness,outlier_low,-73.3830
50750,instrumentalness,missing_value,
50750,valence,outlier_low,-0.0352
50752,valence,missing_value,
50756,energy,missing_value,
50758,instrumentalness,missing_value,
50761,loudness,missing_value,
50762,valence,missing_value,
50763,acousticness,missing_value,
50767,speechiness,missing_value,
50767,energy,missing_value,
50767,danceability,outlier_high,1.4580
50770,danceability,outlier_high,1.4182
50773,instrumentalness,missing_value,
50774,acousticness,missing_value,
50778,speechiness,missing_value,
50781,valence,missing_value,
50785,instrumentalness,missing_value,
50787,instrumentalness,missing_value,
50788,energy,outlier_high,1.4271
50796,valence,missing_value,
50797,instrumentalness,missing_value,
50804,energy,missing_value,
50804,liveness,missing_value,
50808,instrumentalness,missing_value,
50815,instrumentalness,missing_value,
50815,danceability,missing_value,
50821,liveness,missing_value,
50821,tempo,missing_value,
50822,energy,missing_value,
50826,tempo,missing_value,
50829,instrumentalness,missing_value,
50830,loudness,missing_value,
50833,tempo,missing_value,
50834,energy,missing_value,
50834,liveness,missing_value,
50834,valence,missing_value,
50835,acousticness,missing_value,
50839,instrumentalness,missing_value,
50841,danceability,outlier_high,1.3344
50843,speechiness,missing_value,
50849,tempo,missing_value,
50856,danceability,missing_value,
50865,energy,missing_value,
50871,instrumentalness,missing_value,
50872,valence,missing_value,
50874,acousticness,missing_value,
50878,tempo,missing_value,
50880,acousticness,missing_value,
50881,loudness,missing_value,
50883,danceability,missing_value,
50890,energy,missing_value,
50893,tempo,missing_value,
50897,speechiness,missing_value,
50900,acousticness,missing_value,
50903,speechiness,missing_value,
50912,tempo,missing_value,
50915,instrumentalness,missing_value,
50919,instrumentalness,missing_value,
50925,tempo,missing_value,
50927,liveness,missing_value,
50927,acousticness,missing_value,
50934,loudness,missing_value,
50935,valence,missing_value,
50938,liveness,missing_value,
50939,speechiness,missing_value,
50940,danceability,missing_value,
50940,loudness,missing_value,
50941,speechiness,missing_value,
50943,danceability,missing_value,
50943,loudness,missing_value,
50944,speechiness,missing_value,
50945,danceability,missing_value,
50954,valence,missing_value,
50955,acousticness,missing_value,
50961,tempo,missing_value,
50964,loudness,missing_value,
50969,energy,outlier_low,-0.1162
50971,energy,missing_value,
50981,tempo,missing_value,
50985,energy,missing_value,
50987,loudness,missing_value,
50989,tempo,missing_value,
50994,valence,missing_value,
51005,liveness,missing_value,
51008,speechiness,missing_value,
51010,tempo,missing_value,
51013,acousticness,missing_value,
51018,acousticness,missing_value,
51021,loudness,missing_value,
51024,loudness,missing_value,
51028,acousticness,missing_value,
51033,danceability,missing_value,
51038,tempo,missing_value,
51040,speechiness,missing_value,
51041,valence,missing_value,
51046,tempo,missing_value,
51057,instrumentalness,missing_value,
51062,liveness,missing_value,
51064,loudness,missing_value,
51066,energy,missing_value,
51069,tempo,missing_value,
51071,energy,missing_value,
51076,tempo,missing_value,
51085,tempo,outlier_low,8.2473
51094,speechiness,missing_value,
51094,tempo,missing_value,
51095,danceability,missing_value,
51096,speechiness,missing_value,
51097,speechiness,missing_value,
51098,danceability,missing_value,
51102,acousticness,missing_value,
51104,valence,missing_value,
51108,loudness,missing_value,
51110,tempo,missing_value,
51112,valence,missing_value,
51112,speechiness,missing_value,
51119,liveness,missing_value,
51121,energy,missing_value,
51125,valence,missing_value,
51126,speechiness,missing_value,
51129,valence,missing_value,
51131,loudness,outlier_low,-76.8573
51132,energy,missing_value,
51133,valence,missing_value,
51143,acousticness,missing_value,
51144,tempo,missing_value,
51148,liveness,missing_value,
51148,instrumentalness,missing_value,
51148,danceability,missing_value,
51155,loudness,missing_value,
51156,acousticness,missing_value,
51167,tempo,missing_value,
51167,loudness,missing_value,
51171,danceability,missing_value,
51179,instrumentalness,missing_value,
51180,speechiness,missing_value,
51181,tempo,missing_value,
51185,acousticness,missing_value,
51186,speechiness,missing_value,
51186,acousticness,missing_value,
51189,instrumentalness,missing_value,
51189,danceability,missing_value,
51193,danceability,missing_value,
51202,loudness,outlier_high,7.8064
51217,energy,missing_value,
51220,energy,missing_value,
51222,tempo,missing_value,
51225,tempo,outlier_high,326.4340
51225,speechiness,missing_value,
51231,loudness,missing_value,
51236,energy,missing_value,
51240,loudness,missing_value,
51246,liveness,missing_value,
51249,valence,missing_value,
51251,instrumentalness,missing_value,
51253,tempo,missing_value,
51259,speechiness,missing_value,
51262,tempo,missing_value,
51264,danceability,missing_value,
51269,danceability,outlier_high,1.3313
51276,tempo,missing_value,
51288,loudness,missing_value,
51290,danceability,missing_value,
51294,loudness,missing_value,
51294,danceability,missing_value,
51295,loudness,missing_value,
51295,liveness,missing_value,
51297,valence,outlier_high,1.3975
51304,valence,missing_value,
51314,danceability,missing_value,
51316,acousticness,missing_value,
51317,energy,missing_value,
51318,danceability,missing_value,
51321,liveness,missing_value,
51323,energy,missing_value,
51325,energy,outlier_low,-0.0949
51328,loudness,missing_value,
51328,speechiness,missing_value,
51338,energy,missing_value,
51340,loudness,outlier_low,-73.5064
51352,speechiness,missing_value,
51361,speechiness,missing_value,
51363,acousticness,missing_value,
51364,acousticness,missing_value,
51366,acousticness,missing_value,
51374,acousticness,missing_value,
51376,danceability,missing_value,
51377,loudness,missing_value,
51388,speechiness,missing_value,
51390,tempo,missing_value,
51392,loudness,outlier_low,-80.2779
51394,energy,missing_value,
51396,liveness,missing_value,
51397,tempo,outlier_low,10.6236
51398,valence,missing_value,
51403,energy,missing_value,
51403,danceability,outlier_high,1.1932
51407,danceability,missing_value,
51412,danceability,missing_value,
51415,acousticness,missing_value,
51417,loudness,missing_value,
51417,danceability,missing_value,
51418,liveness,missing_value,
51422,valence,missing_value,
51425,danceability,missing_value,
51426,energy,missing_value,
51428,speechiness,missing_value,
51428,valence,missing_value,
51429,danceability,outlier_low,-0.1564
51429,speechiness,missing_value,
51444,speechiness,missing_value,
51447,valence,missing_value,
51452,tempo,missing_value,
51453,instrumentalness,missing_value,
51455,danceability,missing_value,
51457,energy,outlier_high,1.4334
51460,tempo,missing_value,
51462,acousticness,missing_value,
51465,danceability,missing_value,
51470,tempo,missing_value,
51476,danceability,outlier_high,1.1243
51477,acousticness,missing_value,
51481,loudness,missing_value,
51482,valence,missing_value,
51483,speechiness,missing_value,
51486,danceability,missing_value,
51487,liveness,missing_value,
51488,speechiness,missing_value,
51490,danceability,missing_value,
51494,acousticness,missing_value,
51494,liveness,missing_value,
51497,valence,missing_value,
51497,energy,missing_value,
51498,danceability,missing_value,
51498,loudness,missing_value,
51499,acousticness,missing_value,
51509,loudness,missing_value,
51513,speechiness,missing_value,
51514,tempo,missing_value,
51520,speechiness,missing_value,
51526,danceability,missing_value,
51527,speechiness,missing_value,
51527,loudness,missing_value,
51538,energy,missing_value,
51539,instrumentalness,missing_value,
51540,valence,outlier_high,1.2525
51542,instrumentalness,missing_value,
51542,energy,missing_value,
51547,tempo,missing_value,
51550,speechiness,missing_value,
51555,instrumentalness,missing_value,
51556,valence,missing_value,
51558,loudness,missing_value,
51563,energy,missing_value,
51564,danceability,missing_value,
51566,loudness,missing_value,
51576,energy,missing_value,
51580,danceability,missing_value,
51584,instrumentalness,missing_value,
51587,valence,missing_value,
51592,loudness,missing_value,
51593,danceability,missing_value,
51600,energy,missing_value,
51602,speechiness,missing_value,
51603,liveness,missing_value,
51606,valence,outlier_low,-0.2320
51609,energy,missing_value,
51610,valence,missing_value,
51612,danceability,outlier_low,-0.2315
51613,energy,missing_value,
51616,valence,missing_value,
51619,energy,missing_value,
51623,energy,missing_value,
51625,valence,missing_value,
51627,valence,missing_value,
51627,danceability,missing_value,
51629,valence,missing_value,
51638,loudness,missing_value,
51648,tempo,missing_value,
51649,liveness,missing_value,
51649,instrumentalness,missing_value,
51667,speechiness,missing_value,
51668,liveness,missing_value,
51668,instrumentalness,missing_value,
51670,tempo,missing_value,
51671,tempo,outlier_high,348.2400
51676,instrumentalness,missing_value,
51679,tempo,missing_value,
51681,tempo,missing_value,
51686,tempo,outlier_low,1.7626
51693,danceability,missing_value,
51693,instrumentalness,missing_value,
51696,danceability,missing_value,
51703,acousticness,missing_value,
51703,valence,missing_value,
51708,speechiness,missing_value,
51708,tempo,outlier_low,6.7525
51708,liveness,missing_value,
51725,danceability,missing_value,
51725,liveness,missing_value,
51729,tempo,missing_value,
51731,loudness,outlier_high,6.5475
51733,liveness,missing_value,
51735,liveness,missing_value,
51752,acousticness,missing_value,
51753,tempo,missing_value,
51753,liveness,missing_value,
51759,tempo,missing_value,
51768,danceability,missing_value,
51770,energy,missing_value,
51773,loudness,missing_value,
51779,loudness,missing_value,
51782,acousticness,missing_value,
51786,instrumentalness,missing_value,
51787,danceability,missing_value,
51788,tempo,outlier_low,5.3884
51790,tempo,missing_value,
51793,danceability,missing_value,
51794,loudness,missing_value,
51798,loudness,outlier_low,-76.3272
51805,liveness,missing_value,
51805,acousticness,missing_value,
51807,loudness,missing_value,
51808,valence,missing_value,
51821,speechiness,missing_value,
51826,danceability,missing_value,
51831,danceability,missing_value,
51832,danceability,missing_value,
51838,valence,outlier_low,-0.1280
51839,danceability,missing_value,
51850,instrumentalness,missing_value,
51855,energy,missing_value,
51862,valence,missing_value,
51870,instrumentalness,missing_value,
51870,loudness,missing_value,
51873,valence,missing_value,
51874,liveness,missing_value,
51876,energy,missing_value,
51878,valence,missing_value,
51882,speechiness,missing_value,
51884,danceability,missing_value,
51886,tempo,outlier_low,13.0031
51889,energy,outlier_high,1.1414
51892,danceability,missing_value,
51892,speechiness,missing_value,
51895,instrumentalness,missing_value,
51898,energy,missing_value,
51900,acousticness,missing_value,
51901,valence,missing_value,
51902,speechiness,missing_value,
51904,danceability,outlier_low,-0.1623
51904,acousticness,missing_value,
51914,danceability,outlier_low,-0.1398
51916,loudness,missing_value,
51925,instrumentalness,missing_value,
51927,speechiness,missing_value,
51929,liveness,missing_value,
51933,liveness,missing_value,
51935,instrumentalness,missing_value,
51936,tempo,missing_value,
51939,valence,missing_value,
51946,energy,missing_value,
51953,valence,missing_value,
51958,liveness,missing_value,
51962,acousticness,missing_value,
51965,tempo,missing_value,
51974,energy,missing_value,
51975,acousticness,missing_value,
51979,valence,missing_value,
51983,speechiness,missing_value,
51985,energy,outlier_high,1.2329
51987,speechiness,missing_value,
51990,tempo,outlier_high,316.3924
51990,liveness,missing_value,
51995,valence,missing_value,
52005,acousticness,missing_value,
52006,danceability,outlier_high,1.2390
52007,acousticness,missing_value,
52009,energy,missing_value,
52009,danceability,missing_value,
52010,loudness,missing_value,
52030,instrumentalness,missing_value,
52030,liveness,missing_value,
52033,liveness,missing_value,
52034,liveness,missing_value,
52036,energy,missing_value,
52037,energy,missing_value,
52045,danceability,missing_value,
52047,liveness,missing_value,
52048,energy,missing_value,
52049,loudness,missing_value,
52059,danceability,missing_value,
52068,loudness,outlier_high,3.4621
52072,valence,missing_value,
52075,loudness,missing_value,
52076,tempo,missing_value,
52078,loudness,missing_value,
52084,danceability,missing_value,
52091,tempo,missing_value,
52108,liveness,missing_value,
52116,speechiness,missing_value,
52119,instrumentalness,missing_value,
52120,loudness,missing_value,
52130,liveness,missing_value,
52131,acousticness,missing_value,
52135,tempo,missing_value,
52136,energy,missing_value,
52141,speechiness,missing_value,
52147,instrumentalness,missing_value,
52150,acousticness,missing_value,
52152,loudness,missing_value,
52156,valence,missing_value,
52158,loudness,missing_value,
52163,liveness,missing_value,
52173,loudness,missing_value,
52175,tempo,missing_value,
52175,energy,outlier_high,1.0613
52177,instrumentalness,missing_value,
52177,acousticness,missing_value,
52177,tempo,missing_value,
52184,liveness,missing_value,
52185,energy,missing_value,
52185,loudness,missing_value,
52189,valence,missing_value,
52191,energy,outlier_high,1.4412
52192,valence,missing_value,
52194,liveness,missing_value,
52194,energy,missing_value,
52199,instrumentalness,missing_value,
52199,acousticness,missing_value,
52201,tempo,missing_value,
52210,liveness,missing_value,
52211,energy,missing_value,
52217,danceability,missing_value,
52224,instrumentalness,missing_value,
52229,liveness,missing_value,
52232,speechiness,missing_value,
52238,valence,missing_value,
52238,energy,missing_value,
52242,loudness,missing_value,
52243,instrumentalness,missing_value,
52248,danceability,missing_value,
52248,loudness,missing_value,
52248,instrumentalness,missing_value,
52250,danceability,missing_value,
52250,acousticness,missing_value,
52252,valence,missing_value,
52252,speechiness,missing_value,
52255,energy,missing_value,
52267,valence,missing_value,
52272,valence,missing_value,
52272,tempo,missing_value,
52278,acousticness,missing_value,
52278,liveness,missing_value,
52280,speechiness,missing_value,
52284,liveness,missing_value,
52287,instrumentalness,missing_value,
52292,tempo,missing_value,
52293,acousticness,missing_value,
52298,danceability,missing_value,
52299,danceability,missing_value,
52301,loudness,missing_value,
52305,speechiness,missing_value,
52309,danceability,outlier_high,1.4002
52310,energy,missing_value,
52312,tempo,missing_value,
52313,loudness,missing_value,
52313,valence,missing_value,
52314,danceability,missing_value,
52317,valence,missing_value,
52318,liveness,missing_value,
52325,instrumentalness,missing_value,
52326,valence,missing_value,
52336,liveness,missing_value,
52338,liveness,missing_value,
52339,speechiness,missing_value,
52346,liveness,missing_value,
52347,danceability,missing_value,
52351,acousticness,missing_value,
52355,speechiness,missing_value,
52361,liveness,missing_value,
52362,energy,missing_value,
52363,valence,missing_value,
52374,acousticness,missing_value,
52377,valence,missing_value,
52385,energy,missing_value,
52385,danceability,missing_value,
52387,energy,missing_value,
52389,speechiness,missing_value,
52393,valence,outlier_high,1.2569
52397,danceability,missing_value,
52399,speechiness,missing_value,
52399,tempo,missing_value,
52402,instrumentalness,missing_value,
52404,danceability,missing_value,
52406,valence,outlier_high,1.3896
52407,tempo,missing_value,
52410,speechiness,missing_value,
52418,tempo,missing_value,
52422,speechiness,missing_value,
52428,liveness,missing_value,
52433,speechiness,missing_value,
52438,tempo,missing_value,
52440,acousticness,missing_value,
52440,liveness,missing_value,
52452,instrumentalness,missing_value,
52455,danceability,missing_value,
52456,tempo,missing_value,
52457,energy,missing_value,
52460,loudness,missing_value,
52460,acousticness,missing_value,
52463,energy,missing_value,
52465,energy,missing_value,
52466,tempo,missing_value,
52467,tempo,missing_value,
52472,energy,outlier_high,1.4186
52477,acousticness,missing_value,
52481,loudness,missing_value,
52484,loudness,missing_value,
52484,danceability,missing_value,
52485,loudness,missing_value,
52491,valence,missing_value,
52493,acousticness,missing_value,
52494,instrumentalness,missing_value,
52498,danceability,outlier_low,-0.0306
52507,loudness,missing_value,
52513,valence,missing_value,
52514,valence,missing_value,
52514,speechiness,missing_value,
52518,danceability,outlier_low,-0.0725
52521,valence,missing_value,
52523,acousticness,missing_value,
52524,tempo,missing_value,
52524,loudness,missing_value,
52527,energy,missing_value,
52528,energy,missing_value,
52529,loudness,missing_value,
52530,instrumentalness,missing_value,
52530,liveness,missing_value,
52533,acousticness,missing_value,
52533,valence,missing_value,
52536,danceability,outlier_high,1.4363
52539,instrumentalness,missing_value,
52543,valence,missing_value,
52544,danceability,missing_value,
52559,valence,missing_value,
52560,instrumentalness,missing_value,
52570,danceability,missing_value,
52573,instrumentalness,missing_value,
52573,danceability,missing_value,
52576,tempo,outlier_high,396.1807
52579,loudness,missing_value,
52580,energy,outlier_high,1.2264
52589,acousticness,missing_value,
52594,energy,missing_value,
52598,loudness,missing_value,
52599,danceability,outlier_low,-0.1169
52609,loudness,outlier_low,-81.8385
52610,liveness,missing_value,
52612,loudness,missing_value,
52614,speechiness,missing_value,
52619,danceability,outlier_low,-0.1647
52626,liveness,missing_value,
52632,energy,outlier_low,-0.1182
52633,valence,missing_value,
52634,acousticness,missing_value,
52635,tempo,missing_value,
52635,valence,missing_value,
52643,instrumentalness,missing_value,
52646,speechiness,missing_value,
52657,tempo,missing_value,
52660,danceability,missing_value,
52660,tempo,missing_value,
52661,valence,missing_value,
52663,speechiness,missing_value,
52663,acousticness,missing_value,
52665,loudness,missing_value,
52665,valence,missing_value,
52667,speechiness,missing_value,
52672,speechiness,missing_value,
52674,danceability,missing_value,
52680,speechiness,missing_value,
52683,loudness,missing_value,
52684,danceability,outlier_low,-0.2843
52687,danceability,outlier_low,-0.1559
52695,acousticness,missing_value,
52698,energy,outlier_high,1.2145
52699,acousticness,missing_value,
52700,liveness,missing_value,
52705,liveness,missing_value,
52705,energy,missing_value,
52705,acousticness,missing_value,
52710,tempo,missing_value,
52711,danceability,missing_value,
52719,danceability,missing_value,
52721,tempo,missing_value,
52723,instrumentalness,missing_value,
52732,instrumentalness,missing_value,
52735,valence,missing_value,
52735,tempo,missing_value,
52738,valence,missing_value,
52740,instrumentalness,missing_value,
52741,liveness,missing_value,
52746,loudness,missing_value,
52749,valence,missing_value,
52750,speechiness,missing_value,
52750,valence,missing_value,
52750,tempo,missing_value,
52753,speechiness,missing_value,
52762,loudness,missing_value,
52767,danceability,missing_value,
52770,liveness,missing_value,
52774,speechiness,missing_value,
52776,valence,missing_value,
52779,valence,missing_value,
52781,tempo,missing_value,
52781,energy,missing_value,
52796,instrumentalness,missing_value,
52796,acousticness,missing_value,
52797,tempo,missing_value,
52799,energy,missing_value,
52803,danceability,missing_value,
52807,tempo,missing_value,
52807,valence,missing_value,
52808,loudness,missing_value,
52809,danceability,missing_value,
52810,danceability,missing_value,
52810,valence,missing_value,
52815,loudness,missing_value,
52817,tempo,missing_value,
52820,tempo,outlier_high,314.2426
52821,danceability,outlier_high,1.0816
52823,energy,missing_value,
52826,energy,missing_value,
52832,liveness,missing_value,
52834,loudness,missing_value,
52840,energy,outlier_low,-0.1200
52844,danceability,missing_value,
52846,loudness,missing_value,
52851,valence,missing_value,
52858,danceability,missing_value,
52860,danceability,missing_value,
52865,speechiness,missing_value,
52865,liveness,missing_value,
52867,speechiness,missing_value,
52867,valence,missing_value,
52877,acousticness,missing_value,
52877,energy,missing_value,
52879,valence,missing_value,
52879,acousticness,missing_value,
52880,danceability,outlier_high,1.1271
52884,speechiness,missing_value,
52884,tempo,missing_value,
52885,tempo,missing_value,
52886,loudness,missing_value,
52893,loudness,missing_value,
52893,energy,outlier_low,-0.0187
52893,acousticness,missing_value,
52898,speechiness,missing_value,
52906,energy,outlier_low,-0.2018
52906,tempo,missing_value,
52909,liveness,missing_value,
52912,danceability,outlier_high,1.1570
52918,valence,missing_value,
52919,acousticness,missing_value,
52922,loudness,missing_value,
52922,energy,missing_value,
52931,instrumentalness,missing_value,
52931,tempo,missing_value,
52934,tempo,missing_value,
52938,loudness,missing_value,
52941,speechiness,missing_value,
52943,energy,missing_value,
52944,energy,outlier_low,-0.0617
52949,energy,missing_value,
52967,energy,missing_value,
52971,liveness,missing_value,
52973,valence,missing_value,
52978,acousticness,missing_value,
52979,instrumentalness,missing_value,
52979,liveness,missing_value,
52981,instrumentalness,missing_value,
52985,energy,missing_value,
52986,danceability,missing_value,
52996,acousticness,missing_value,
52999,loudness,missing_value,
53003,danceability,missing_value,
53010,energy,missing_value,
53012,speechiness,missing_value,
53023,energy,missing_value,
53025,danceability,missing_value,
53026,loudness,missing_value,
53026,tempo,missing_value,
53027,loudness,outlier_low,-82.9085
53027,valence,missing_value,
53027,instrumentalness,missing_value,
53034,energy,missing_value,
53042,danceability,missing_value,
53043,danceability,outlier_high,1.2601
53047,danceability,missing_value,
53059,valence,missing_value,
53060,liveness,missing_value,
53061,instrumentalness,missing_value,
53072,energy,missing_value,
53073,danceability,missing_value,
53075,tempo,missing_value,
53076,energy,missing_value,
53079,speechiness,missing_value,
53088,valence,missing_value,
53090,danceability,outlier_high,1.4723
53091,instrumentalness,missing_value,
53094,acousticness,missing_value,
53100,valence,missing_value,
53100,danceability,missing_value,
53101,tempo,missing_value,
53101,danceability,missing_value,
53103,danceability,missing_value,
53104,energy,missing_value,
53107,tempo,missing_value,
53108,valence,missing_value,
53117,danceability,outlier_high,1.0774
53118,instrumentalness,missing_value,
53120,tempo,outlier_low,4.5369
53126,tempo,missing_value,
53128,energy,missing_value,
53130,instrumentalness,missing_value,
53135,energy,missing_value,
53135,tempo,missing_value,
53144,speechiness,missing_value,
53155,acousticness,missing_value,
53157,loudness,missing_value,
53170,instrumentalness,missing_value,
53172,liveness,missing_value,
53173,energy,missing_value,
53174,speechiness,missing_value,
53175,loudness,missing_value,
53177,danceability,missing_value,
53179,instrumentalness,missing_value,
53184,acousticness,missing_value,
53188,speechiness,missing_value,
53189,speechiness,missing_value,
53190,energy,missing_value,
53193,tempo,missing_value,
53197,danceability,outlier_low,-0.1098
53205,loudness,outlier_high,4.3187
53209,speechiness,missing_value,
53209,loudness,missing_value,
53213,loudness,missing_value,
53215,tempo,outlier_low,8.7714
53221,tempo,outlier_high,351.3771
53224,acousticness,missing_value,
53227,instrumentalness,missing_value,
53231,energy,missing_value,
53232,acousticness,missing_value,
53239,energy,missing_value,
53241,instrumentalness,missing_value,
53244,loudness,missing_value,
53245,acousticness,missing_value,
53246,loudness,missing_value,
53248,valence,missing_value,
53249,liveness,missing_value,
53256,loudness,outlier_low,-71.8778
53257,danceability,outlier_high,1.4672
53257,speechiness,missing_value,
53259,speechiness,missing_value,
53261,instrumentalness,missing_value,
53266,liveness,missing_value,
53268,tempo,missing_value,
53268,energy,missing_value,
53270,tempo,missing_value,
53272,speechiness,missing_value,
53276,loudness,missing_value,
53280,energy,missing_value,
53283,acousticness,missing_value,
53287,acousticness,missing_value,
53289,speechiness,missing_value,
53292,tempo,outlier_low,10.4206
53293,liveness,missing_value,
53293,tempo,missing_value,
53295,loudness,missing_value,
53299,acousticness,missing_value,
53305,speechiness,missing_value,
53305,instrumentalness,missing_value,
53308,valence,missing_value,
53312,liveness,missing_value,
53319,liveness,missing_value,
53322,danceability,outlier_low,-0.1263
53324,danceability,missing_value,
53327,tempo,outlier_low,12.3651
53328,danceability,missing_value,
53334,tempo,missing_value,
53337,tempo,outlier_low,8.9801
53338,liveness,missing_value,
53342,danceability,outlier_low,-0.1067
53345,loudness,outlier_low,-80.3162
53349,speechiness,missing_value,
53352,tempo,missing_value,
53355,liveness,missing_value,
53360,energy,outlier_low,-0.0941
53361,energy,outlier_low,-0.2730
53363,energy,missing_value,
53363,instrumentalness,missing_value,
53363,valence,missing_value,
53371,danceability,missing_value,
53371,valence,missing_value,
53372,acousticness,missing_value,
53374,acousticness,missing_value,
53376,danceability,outlier_high,1.4213
53376,tempo,missing_value,
53380,instrumentalness,missing_value,
53386,valence,missing_value,
53387,acousticness,missing_value,
53388,speechiness,missing_value,
53389,tempo,outlier_high,333.5140
53401,energy,missing_value,
53410,danceability,missing_value,
53416,energy,missing_value,
53420,instrumentalness,missing_value,
53423,tempo,missing_value,
53431,acousticness,missing_value,
53432,speechiness,missing_value,
53432,liveness,missing_value,
53436,valence,missing_value,
53436,energy,missing_value,
53437,instrumentalness,missing_value,
53445,tempo,missing_value,
53457,acousticness,missing_value,
53458,speechiness,missing_value,
53464,danceability,outlier_low,-0.0360
53472,speechiness,missing_value,
53473,speechiness,missing_value,
53473,tempo,outlier_high,384.1883
53479,liveness,missing_value,
53481,instrumentalness,missing_value,
53483,acousticness,missing_value,
53485,valence,missing_value,
53491,energy,outlier_low,-0.2364
53493,loudness,missing_value,
53496,danceability,missing_value,
53498,valence,missing_value,
53500,valence,missing_value,
53503,danceability,missing_value,
53503,instrumentalness,missing_value,
53508,danceability,outlier_high,1.1661
53510,liveness,missing_value,
53511,loudness,missing_value,
53514,energy,missing_value,
53515,valence,outlier_high,1.1014
53516,loudness,missing_value,
53520,acousticness,missing_value,
53523,speechiness,missing_value,
53525,tempo,missing_value,
53526,energy,outlier_low,-0.1892
53534,tempo,missing_value,
53535,valence,outlier_low,-0.2329
53536,instrumentalness,missing_value,
53543,liveness,missing_value,
53554,energy,outlier_high,1.1491
53554,instrumentalness,missing_value,
53556,loudness,missing_value,
53559,acousticness,missing_value,
53564,tempo,missing_value,
53566,acousticness,missing_value,
53568,speechiness,missing_value,
53570,danceability,outlier_high,1.0797
53573,valence,missing_value,
53575,valence,missing_value,
53582,acousticness,missing_value,
53585,valence,missing_value,
53588,loudness,missing_value,
53590,acousticness,missing_value,
53606,instrumentalness,missing_value,
53620,danceability,outlier_low,-0.1287
53626,danceability,missing_value,
53626,tempo,missing_value,
53629,instrumentalness,missing_value,
53630,tempo,outlier_low,2.2361
53631,loudness,missing_value,
53635,acousticness,missing_value,
53639,loudness,outlier_low,-70.6621
53640,energy,missing_value,
53640,loudness,missing_value,
53647,valence,outlier_high,1.1537
53649,energy,outlier_low,-0.2274
53649,tempo,missing_value,
53649,acousticness,missing_value,
53652,speechiness,missing_value,
53656,valence,missing_value,
53659,valence,missing_value,
53664,valence,missing_value,
53671,danceability,missing_value,
53677,instrumentalness,missing_value,
53680,danceability,missing_value,
53681,loudness,outlier_low,-79.5960
53683,instrumentalness,missing_value,
53684,acousticness,missing_value,
53687,acousticness,missing_value,
53690,acousticness,missing_value,
53690,valence,outlier_high,1.2485
53692,acousticness,missing_value,
53693,tempo,missing_value,
53696,danceability,outlier_low,-0.2574
53697,speechiness,missing_value,
53710,danceability,missing_value,
53712,acousticness,missing_value,
53713,danceability,missing_value,
53714,speechiness,missing_value,
53720,valence,missing_value,
53721,liveness,missing_value,
53722,tempo,missing_value,
53723,energy,missing_value,
53727,valence,missing_value,
53728,loudness,outlier_low,-85.0506
53729,liveness,missing_value,
53733,instrumentalness,missing_value,
53734,energy,missing_value,
53734,valence,missing_value,
53735,tempo,missing_value,
53742,speechiness,missing_value,
53746,loudness,missing_value,
53748,acousticness,missing_value,
53755,danceability,missing_value,
53759,acousticness,missing_value,
53760,energy,missing_value,
53762,energy,missing_value,
53763,tempo,missing_value,
53768,loudness,missing_value,
53769,loudness,missing_value,
53771,danceability,missing_value,
53771,speechiness,missing_value,
53776,loudness,missing_value,
53777,danceability,missing_value,
53779,energy,outlier_low,-0.0114
53794,liveness,missing_value,
53795,liveness,missing_value,
53807,energy,missing_value,
53809,valence,missing_value,
53812,tempo,missing_value,
53812,energy,missing_value,
53813,valence,outlier_high,1.4860
53814,tempo,outlier_low,3.7758
53814,acousticness,missing_value,
53815,tempo,missing_value,
53815,acousticness,missing_value,
53822,loudness,missing_value,
53829,energy,missing_value,
53831,valence,missing_value,
53839,instrumentalness,missing_value,
53849,danceability,missing_value,
53850,instrumentalness,missing_value,
53851,danceability,missing_value,
53865,acousticness,missing_value,
53871,danceability,missing_value,
53871,liveness,missing_value,
53872,acousticness,missing_value,
53877,liveness,missing_value,
53881,instrumentalness,missing_value,
53882,danceability,missing_value,
53885,danceability,missing_value,
53886,valence,missing_value,
53890,acousticness,missing_value,
53892,speechiness,missing_value,
53896,valence,missing_value,
53897,loudness,missing_value,
53898,tempo,missing_value,
53899,valence,missing_value,
53902,instrumentalness,missing_value,
53905,tempo,missing_value,
53906,instrumentalness,missing_value,
53907,valence,outlier_high,1.1040
53913,danceability,missing_value,
53913,loudness,missing_value,
53920,speechiness,missing_value,
53922,loudness,missing_value,
53926,acousticness,missing_value,
53926,tempo,missing_value,
53928,loudness,missing_value,
53935,danceability,missing_value,
53940,valence,missing_value,
53942,instrumentalness,missing_value,
53942,tempo,missing_value,
53946,liveness,missing_value,
53953,liveness,missing_value,
53956,tempo,outlier_low,1.7112
53957,tempo,missing_value,
53957,danceability,missing_value,
53959,tempo,missing_value,
53963,liveness,missing_value,
53965,liveness,missing_value,
53965,tempo,missing_value,
53965,danceability,missing_value,
53972,liveness,missing_value,
53977,acousticness,missing_value,
53987,instrumentalness,missing_value,
53987,energy,missing_value,
53993,acousticness,missing_value,
53994,loudness,outlier_high,8.2682
53999,energy,missing_value,
54001,acousticness,missing_value,
54004,speechiness,missing_value,
54007,valence,missing_value,
54009,energy,missing_value,
54009,instrumentalness,missing_value,
54010,instrumentalness,missing_value,
54011,tempo,outlier_low,14.8246
54016,tempo,missing_value,
54018,danceability,missing_value,
54019,danceability,missing_value,
54028,liveness,missing_value,
54030,acousticness,missing_value,
54037,tempo,missing_value,
54039,danceability,missing_value,
54043,loudness,missing_value,
54045,valence,missing_value,
54047,loudness,outlier_low,-84.7849
54054,valence,missing_value,
54056,danceability,missing_value,
54059,tempo,missing_value,
54060,valence,missing_value,
54062,loudness,missing_value,
54066,valence,missing_value,
54071,valence,missing_value,
54073,instrumentalness,missing_value,
54077,energy,missing_value,
54078,danceability,outlier_high,1.3071
54079,instrumentalness,missing_value,
54089,instrumentalness,missing_value,
54091,energy,missing_value,
54095,tempo,outlier_high,300.9871
54096,danceability,missing_value,
54097,valence,outlier_low,-0.0341
54098,liveness,missing_value,
54099,energy,missing_value,
54102,liveness,missing_value,
54111,tempo,missing_value,
54116,acousticness,missing_value,
54120,energy,missing_value,
54123,instrumentalness,missing_value,
54124,instrumentalness,missing_value,
54127,instrumentalness,missing_value,
54128,energy,missing_value,
54129,tempo,outlier_low,14.3979
54130,energy,missing_value,
54131,liveness,missing_value,
54138,speechiness,missing_value,
54140,speechiness,missing_value,
54140,tempo,missing_value,
54141,valence,missing_value,
54143,speechiness,missing_value,
54149,liveness,missing_value,
54157,energy,missing_value,
54161,instrumentalness,missing_value,
54163,valence,missing_value,
54164,tempo,missing_value,
54164,speechiness,missing_value,
54165,instrumentalness,missing_value,
54167,instrumentalness,missing_value,
54170,loudness,missing_value,
54172,tempo,missing_value,
54173,acousticness,missing_value,
54174,acousticness,missing_value,
54175,energy,missing_value,
54184,loudness,missing_value,
54185,liveness,missing_value,
54186,instrumentalness,missing_value,
54188,instrumentalness,missing_value,
54188,speechiness,missing_value,
54189,valence,outlier_low,-0.2039
54191,loudness,missing_value,
54206,loudness,missing_value,
54208,speechiness,missing_value,
54218,acousticness,missing_value,
54218,valence,missing_value,
54222,liveness,missing_value,
54222,tempo,missing_value,
54225,liveness,missing_value,
54226,loudness,missing_value,
54243,energy,missing_value,
54243,valence,missing_value,
54245,tempo,missing_value,
54246,acousticness,missing_value,
54250,valence,missing_value,
54262,loudness,missing_value,
54265,energy,missing_value,
54265,tempo,missing_value,
54265,instrumentalness,missing_value,
54266,tempo,missing_value,
54271,liveness,missing_value,
54272,loudness,missing_value,
54278,tempo,missing_value,
54283,energy,outlier_low,-0.1182
54292,energy,outlier_low,-0.0266
54306,liveness,missing_value,
54307,acousticness,missing_value,
54309,loudness,outlier_high,3.1254
54313,danceability,missing_value,
54313,speechiness,missing_value,
54314,energy,outlier_low,-0.2367
54322,speechiness,missing_value,
54325,energy,missing_value,
54345,energy,outlier_low,-0.0995
54346,liveness,missing_value,
54347,instrumentalness,missing_value,
54347,danceability,outlier_high,1.3946
54353,energy,missing_value,
54353,loudness,missing_value,
54354,instrumentalness,missing_value,
54357,speechiness,missing_value,
54361,speechiness,missing_value,
54362,valence,missing_value,
54363,tempo,missing_value,
54363,loudness,missing_value,
54365,valence,missing_value,
54367,valence,missing_value,
54370,tempo,missing_value,
54378,tempo,missing_value,
54381,danceability,outlier_high,1.4448
54381,loudness,outlier_low,-86.4648
54384,speechiness,missing_value,
54384,loudness,missing_value,
54390,loudness,missing_value,
54393,speechiness,missing_value,
54394,energy,outlier_low,-0.2371
54394,danceability,missing_value,
54397,acousticness,missing_value,
54397,speechiness,missing_value,
54401,liveness,missing_value,
54411,acousticness,missing_value,
54412,valence,outlier_low,-0.1933
54416,tempo,missing_value,
54416,acousticness,missing_value,
54417,tempo,missing_value,
54417,valence,missing_value,
54419,instrumentalness,missing_value,
54419,valence,outlier_low,-0.0629
54431,instrumentalness,missing_value,
54434,energy,missing_value,
54435,acousticness,missing_value,
54439,liveness,missing_value,
54441,danceability,outlier_high,1.4874
54442,tempo,missing_value,
54443,energy,missing_value,
54444,energy,missing_value,
54448,valence,missing_value,
54456,instrumentalness,missing_value,
54464,acousticness,missing_value,
54467,tempo,missing_value,
54469,energy,missing_value,
54475,acousticness,missing_value,
54476,energy,missing_value,
54477,liveness,missing_value,
54478,loudness,missing_value,
54480,valence,outlier_low,-0.0311
54483,tempo,missing_value,
54483,acousticness,missing_value,
54484,valence,missing_value,
54484,tempo,outlier_high,395.7895
54490,valence,missing_value,
54497,tempo,missing_value,
54499,speechiness,missing_value,
54505,speechiness,missing_value,
54506,tempo,missing_value,
54506,liveness,missing_value,
54512,tempo,outlier_high,308.8098
54513,instrumentalness,missing_value,
54513,energy,missing_value,
54513,loudness,missing_value,
54522,energy,missing_value,
54524,valence,missing_value,
54527,speechiness,missing_value,
54530,danceability,missing_value,
54536,valence,missing_value,
54536,speechiness,missing_value,
54536,loudness,missing_value,
54539,instrumentalness,missing_value,
54552,energy,outlier_high,1.4714
54553,valence,missing_value,
54554,instrumentalness,missing_value,
54562,liveness,missing_value,
54564,tempo,missing_value,
54565,loudness,missing_value,
54572,acousticness,missing_value,
54577,acousticness,missing_value,
54578,tempo,missing_value,
54580,danceability,missing_value,
54583,speechiness,missing_value,
54583,loudness,missing_value,
54584,liveness,missing_value,
54589,danceability,missing_value,
54595,acousticness,missing_value,
54599,liveness,missing_value,
54603,loudness,outlier_low,-75.8800
54615,tempo,missing_value,
54617,danceability,missing_value,
54620,instrumentalness,missing_value,
54622,acousticness,missing_value,
54627,danceability,missing_value,
54629,valence,missing_value,
54632,danceability,missing_value,
54642,valence,outlier_high,1.3385
54644,loudness,missing_value,
54644,instrumentalness,missing_value,
54647,instrumentalness,missing_value,
54649,speechiness,missing_value,
54649,tempo,missing_value,
54652,danceability,missing_value,
54658,valence,missing_value,
54662,speechiness,missing_value,
54675,liveness,missing_value,
54678,energy,outlier_low,-0.1263
54700,speechiness,missing_value,
54705,valence,missing_value,
54709,energy,missing_value,
54711,energy,missing_value,
54719,instrumentalness,missing_value,
54720,loudness,missing_value,
54720,energy,missing_value,
54724,speechiness,missing_value,
54724,tempo,outlier_low,9.5809
54727,valence,missing_value,
54727,speechiness,missing_value,
54731,valence,missing_value,
54732,acousticness,missing_value,
54734,speechiness,missing_value,
54754,acousticness,missing_value,
54766,energy,missing_value,
54768,instrumentalness,missing_value,
54770,loudness,missing_value,
54770,liveness,missing_value,
54775,loudness,missing_value,
54778,tempo,outlier_high,340.8343
54779,loudness,missing_value,
54784,instrumentalness,missing_value,
54786,loudness,outlier_high,6.7136
54789,instrumentalness,missing_value,
54789,danceability,missing_value,
54790,instrumentalness,missing_value,
54792,tempo,outlier_high,392.5908
54796,energy,missing_value,
54800,liveness,missing_value,
54805,instrumentalness,missing_value,
54806,valence,outlier_low,-0.2687
54808,liveness,missing_value,
54809,loudness,missing_value,
54811,energy,outlier_low,-0.2693
54813,valence,outlier_high,1.2830
54814,tempo,missing_value,
54814,danceability,missing_value,
54827,danceability,missing_value,
54829,speechiness,missing_value,
54833,liveness,missing_value,
54835,liveness,missing_value,
54841,tempo,outlier_high,383.5078
54842,speechiness,missing_value,
54844,energy,missing_value,
54847,tempo,missing_value,
54853,energy,missing_value,
54854,danceability,missing_value,
54857,energy,missing_value,
54863,tempo,missing_value,
54864,energy,missing_value,
54878,energy,missing_value,
54881,speechiness,missing_value,
54887,energy,missing_value,
54889,instrumentalness,missing_value,
54889,acousticness,missing_value,
54890,valence,missing_value,
54894,loudness,missing_value,
54895,acousticness,missing_value,
54898,speechiness,missing_value,
54898,tempo,missing_value,
54901,danceability,missing_value,
54903,instrumentalness,missing_value,
54907,tempo,outlier_low,3.3194
54908,tempo,missing_value,
54911,liveness,missing_value,
54914,speechiness,missing_value,
54916,tempo,missing_value,
54919,valence,missing_value,
54920,valence,missing_value,
54920,loudness,missing_value,
54922,speechiness,missing_value,
54925,speechiness,missing_value,
54930,tempo,missing_value,
54930,loudness,missing_value,
54931,instrumentalness,missing_value,
54932,danceability,missing_value,
54932,liveness,missing_value,
54934,energy,missing_value,
54942,speechiness,missing_value,
54946,speechiness,missing_value,
54948,energy,missing_value,
54949,energy,missing_value,
54950,danceability,missing_value,
54954,energy,missing_value,
54956,speechiness,missing_value,
54957,acousticness,missing_value,
54963,danceability,missing_value,
54969,tempo,outlier_low,8.5615
54973,acousticness,missing_value,
54979,danceability,missing_value,
54980,danceability,missing_value,
54984,acousticness,missing_value,
54988,loudness,missing_value,
54991,tempo,missing_value,
54993,instrumentalness,missing_value,
54996,liveness,missing_value,
55002,liveness,missing_value,
55003,acousticness,missing_value,
55023,energy,missing_value,
55025,danceability,outlier_low,-0.0891
55036,tempo,missing_value,
55038,acousticness,missing_value,
55039,acousticness,missing_value,
55040,tempo,missing_value,
55045,danceability,missing_value,
55049,tempo,missing_value,
55050,tempo,missing_value,
55063,instrumentalness,missing_value,
55067,acousticness,missing_value,
55068,loudness,missing_value,
55069,tempo,missing_value,
55070,speechiness,missing_value,
55076,loudness,missing_value,
55078,acousticness,missing_value,
55078,speechiness,missing_value,
55087,danceability,missing_value,
55091,liveness,missing_value,
55091,energy,missing_value,
55097,valence,outlier_high,1.1936
55098,energy,missing_value,
55113,speechiness,missing_value,
55119,energy,outlier_low,-0.0698
55119,liveness,missing_value,
55122,instrumentalness,missing_value,
55135,energy,missing_value,
55136,tempo,outlier_low,14.1489
55137,speechiness,missing_value,
55140,tempo,outlier_low,4.3161
55142,speechiness,missing_value,
55155,danceability,missing_value,
55162,energy,missing_value,
55163,valence,missing_value,
55166,liveness,missing_value,
55171,valence,missing_value,
55172,speechiness,missing_value,
55172,tempo,outlier_low,6.0062
55177,loudness,missing_value,
55181,acousticness,missing_value,
55186,tempo,outlier_low,4.1328
55191,instrumentalness,missing_value,
55191,speechiness,missing_value,
55191,acousticness,missing_value,
55193,loudness,missing_value,
55200,liveness,missing_value,
55202,energy,missing_value,
55202,valence,missing_value,
55202,danceability,missing_value,
55202,instrumentalness,missing_value,
55203,liveness,missing_value,
55204,loudness,missing_value,
55204,speechiness,missing_value,
55205,tempo,missing_value,
55207,danceability,missing_value,
55208,instrumentalness,missing_value,
55209,liveness,missing_value,
55211,speechiness,missing_value,
55214,liveness,missing_value,
55226,tempo,missing_value,
55235,instrumentalness,missing_value,
55236,tempo,missing_value,
55237,danceability,missing_value,
55238,tempo,missing_value,
55239,liveness,missing_value,
55240,energy,missing_value,
55243,instrumentalness,missing_value,
55253,danceability,missing_value,
55253,tempo,missing_value,
55257,tempo,outlier_high,312.7686
55266,danceability,outlier_low,-0.0279
55273,instrumentalness,missing_value,
55279,tempo,missing_value,
55283,valence,missing_value,
55285,liveness,missing_value,
55288,valence,missing_value,
55289,loudness,outlier_high,5.2482
55290,tempo,missing_value,
55291,instrumentalness,missing_value,
55299,valence,outlier_low,-0.1932
55300,loudness,missing_value,
55306,loudness,missing_value,
55307,liveness,missing_value,
55312,energy,missing_value,
55317,liveness,missing_value,
55318,acousticness,missing_value,
55322,speechiness,missing_value,
55327,danceability,missing_value,
55331,acousticness,missing_value,
55334,valence,missing_value,
55336,energy,missing_value,
55337,loudness,missing_value,
55339,tempo,missing_value,
55342,valence,missing_value,
55343,tempo,missing_value,
55348,loudness,missing_value,
55350,tempo,missing_value,
55350,energy,missing_value,
55353,instrumentalness,missing_value,
55364,speechiness,missing_value,
55373,acousticness,missing_value,
55373,speechiness,missing_value,
55382,tempo,missing_value,
55383,loudness,missing_value,
55394,energy,missing_value,
55412,acousticness,missing_value,
55416,energy,outlier_high,1.1499
55418,tempo,outlier_low,13.3082
55419,liveness,missing_value,
55425,speechiness,missing_value,
55430,danceability,missing_value,
55431,tempo,missing_value,
55433,instrumentalness,missing_value,
55434,energy,missing_value,
55440,instrumentalness,missing_value,
55442,danceability,missing_value,
55449,liveness,missing_value,
55450,liveness,missing_value,
55458,valence,missing_value,
55461,acousticness,missing_value,
55467,liveness,missing_value,
55470,energy,outlier_low,-0.1208
55480,speechiness,missing_value,
55486,instrumentalness,missing_value,
55491,tempo,outlier_low,3.1589
55492,liveness,missing_value,
55493,acousticness,missing_value,
55502,valence,missing_value,
55503,valence,missing_value,
55504,danceability,missing_value,
55506,danceability,missing_value,
55507,energy,missing_value,
55507,instrumentalness,missing_value,
55521,energy,missing_value,
55523,acousticness,missing_value,
55524,instrumentalness,missing_value,
55529,acousticness,missing_value,
55531,energy,missing_value,
55533,danceability,missing_value,
55533,valence,missing_value,
55535,valence,outlier_low,-0.2951
55536,instrumentalness,missing_value,
55536,loudness,missing_value,
55540,energy,missing_value,
55548,danceability,missing_value,
55554,energy,missing_value,
55556,danceability,outlier_high,1.4968
55557,liveness,missing_value,
55559,tempo,missing_value,
55565,energy,missing_value,
55570,energy,outlier_high,1.1296
55578,tempo,missing_value,
55578,loudness,missing_value,
55583,instrumentalness,missing_value,
55587,tempo,missing_value,
55592,tempo,missing_value,
55596,valence,outlier_low,-0.0570
55597,danceability,missing_value,
55604,danceability,missing_value,
55608,valence,missing_value,
55610,valence,missing_value,
55618,loudness,missing_value,
55619,acousticness,missing_value,
55623,energy,missing_value,
55628,loudness,missing_value,
55632,liveness,missing_value,
55632,speechiness,missing_value,
55634,energy,missing_value,
55645,acousticness,missing_value,
55648,danceability,missing_value,
55652,danceability,missing_value,
55656,energy,missing_value,
55667,tempo,missing_value,
55668,tempo,missing_value,
55675,speechiness,missing_value,
55676,instrumentalness,missing_value,
55679,tempo,missing_value,
55680,energy,missing_value,
55682,liveness,missing_value,
55698,speechiness,missing_value,
55699,loudness,missing_value,
55704,danceability,missing_value,
55707,instrumentalness,missing_value,
55708,acousticness,missing_value,
55716,acousticness,missing_value,
55722,danceability,missing_value,
55723,loudness,missing_value,
55730,danceability,missing_value,
55732,instrumentalness,missing_value,
55733,energy,missing_value,
55740,loudness,missing_value,
55740,acousticness,missing_value,
55745,energy,missing_value,
55746,danceability,missing_value,
55747,energy,outlier_high,1.1678
55750,valence,outlier_low,-0.0778
55753,valence,missing_value,
55754,loudness,missing_value,
55758,energy,missing_value,
55760,energy,missing_value,
55764,danceability,missing_value,
55769,acousticness,missing_value,
55771,instrumentalness,missing_value,
55774,liveness,missing_value,
55775,instrumentalness,missing_value,
55778,acousticness,missing_value,
55785,liveness,missing_value,
55789,liveness,missing_value,
55790,energy,missing_value,
55791,danceability,missing_value,
55799,energy,missing_value,
55799,danceability,missing_value,
55802,liveness,missing_value,
55803,liveness,missing_value,
55803,speechiness,missing_value,
55803,valence,outlier_high,1.1593
55810,energy,missing_value,
55812,speechiness,missing_value,
55814,tempo,missing_value,
55814,energy,outlier_low,-0.1865
55814,instrumentalness,missing_value,
55816,energy,missing_value,
55820,valence,missing_value,
55821,loudness,outlier_low,-84.7810
55823,valence,missing_value,
55823,loudness,missing_value,
55825,danceability,missing_value,
55850,speechiness,missing_value,
55853,loudness,missing_value,
55858,liveness,missing_value,
55858,energy,missing_value,
55865,valence,missing_value,
55866,energy,missing_value,
55877,danceability,missing_value,
55878,danceability,missing_value,
55881,acousticness,missing_value,
55887,instrumentalness,missing_value,
55889,tempo,missing_value,
55891,acousticness,missing_value,
55892,loudness,missing_value,
55892,speechiness,missing_value,
55893,valence,missing_value,
55898,speechiness,missing_value,
55899,energy,missing_value,
55902,instrumentalness,missing_value,
55903,danceability,missing_value,
55903,acousticness,missing_value,
55913,tempo,missing_value,
55914,loudness,missing_value,
55917,liveness,missing_value,
55919,speechiness,missing_value,
55924,danceability,missing_value,
55927,valence,missing_value,
55934,instrumentalness,missing_value,
55935,energy,outlier_high,1.0554
55938,loudness,missing_value,
55941,tempo,outlier_high,365.7192
55943,acousticness,missing_value,
55947,loudness,missing_value,
55949,liveness,missing_value,
55969,tempo,outlier_low,0.9974
55975,liveness,missing_value,
55980,liveness,missing_value,
55981,energy,missing_value,
55983,energy,outlier_high,1.4834
55986,acousticness,missing_value,
55988,energy,missing_value,
55998,acousticness,missing_value,
55999,loudness,missing_value,
56001,instrumentalness,missing_value,
56004,tempo,missing_value,
56006,valence,outlier_low,-0.1579
56018,speechiness,missing_value,
56022,loudness,missing_value,
56024,valence,missing_value,
56028,energy,missing_value,
56030,energy,missing_value,
56030,liveness,missing_value,
56034,tempo,missing_value,
56034,speechiness,missing_value,
56044,acousticness,missing_value,
56048,loudness,missing_value,
56049,energy,missing_value,
56065,liveness,missing_value,
56065,speechiness,missing_value,
56068,valence,missing_value,
56078,acousticness,missing_value,
56080,energy,outlier_low,-0.0543
56081,speechiness,missing_value,
56084,instrumentalness,missing_value,
56084,acousticness,missing_value,
56089,danceability,missing_value,
56093,energy,missing_value,
56094,speechiness,missing_value,
56097,acousticness,missing_value,
56103,tempo,outlier_low,2.0842
56104,valence,missing_value,
56106,speechiness,missing_value,
56107,valence,missing_value,
56108,valence,missing_value,
56118,valence,outlier_low,-0.0832
56128,instrumentalness,missing_value,
56129,acousticness,missing_value,
56139,energy,outlier_high,1.2874
56142,tempo,missing_value,
56142,speechiness,missing_value,
56143,danceability,missing_value,
56144,energy,missing_value,
56146,energy,missing_value,
56146,speechiness,missing_value,
56146,valence,missing_value,
56166,loudness,missing_value,
56169,instrumentalness,missing_value,
56172,danceability,missing_value,
56174,tempo,missing_value,
56174,valence,missing_value,
56183,acousticness,missing_value,
56184,valence,outlier_low,-0.1834
56184,liveness,missing_value,
56184,speechiness,missing_value,
56188,tempo,missing_value,
56192,liveness,missing_value,
56193,danceability,missing_value,
56198,valence,missing_value,
56201,tempo,missing_value,
56202,tempo,missing_value,
56207,energy,outlier_low,-0.0473
56208,loudness,missing_value,
56210,speechiness,missing_value,
56214,speechiness,missing_value,
56215,valence,missing_value,
56218,danceability,missing_value,
56219,acousticness,missing_value,
56223,valence,missing_value,
56225,energy,outlier_high,1.2068
56230,danceability,missing_value,
56234,instrumentalness,missing_value,
56234,danceability,missing_value,
56248,liveness,missing_value,
56250,tempo,missing_value,
56253,acousticness,missing_value,
56253,loudness,outlier_high,1.4131
56256,instrumentalness,missing_value,
56256,liveness,missing_value,
56256,speechiness,missing_value,
56256,valence,missing_value,
56256,loudness,missing_value,
56258,danceability,missing_value,
56258,instrumentalness,missing_value,
56259,liveness,missing_value,
56263,danceability,missing_value,
56269,energy,missing_value,
56276,energy,missing_value,
56276,danceability,missing_value,
56280,valence,outlier_low,-0.1329
56288,danceability,missing_value,
56290,instrumentalness,missing_value,
56295,loudness,missing_value,
56297,liveness,missing_value,
56304,loudness,missing_value,
56308,tempo,outlier_high,393.6375
56311,speechiness,missing_value,
56314,danceability,outlier_high,1.3913
56315,energy,missing_value,
56321,tempo,missing_value,
56322,acousticness,missing_value,
56325,instrumentalness,missing_value,
56326,liveness,missing_value,
56327,valence,missing_value,
56327,tempo,outlier_high,393.9697
56332,acousticness,missing_value,
56332,danceability,missing_value,
56333,danceability,outlier_low,-0.1735
56335,loudness,outlier_high,2.2861
56340,valence,missing_value,
56342,energy,missing_value,
56349,acousticness,missing_value,
56350,energy,missing_value,
56352,energy,missing_value,
56353,acousticness,missing_value,
56357,energy,missing_value,
56358,energy,outlier_high,1.2815
56368,acousticness,missing_value,
56370,instrumentalness,missing_value,
56370,liveness,missing_value,
56391,danceability,missing_value,
56395,valence,missing_value,
56396,speechiness,missing_value,
56398,instrumentalness,missing_value,
56399,valence,missing_value,
56402,speechiness,missing_value,
56403,acousticness,missing_value,
56412,danceability,missing_value,
56420,liveness,missing_value,
56430,danceability,missing_value,
56431,tempo,missing_value,
56432,tempo,missing_value,
56438,tempo,missing_value,
56439,instrumentalness,missing_value,
56445,speechiness,missing_value,
56449,energy,outlier_high,1.2222
56450,acousticness,missing_value,
56450,energy,missing_value,
56451,tempo,missing_value,
56461,loudness,missing_value,
56462,tempo,missing_value,
56474,energy,missing_value,
56475,instrumentalness,missing_value,
56491,liveness,missing_value,
56495,acousticness,missing_value,
56498,valence,missing_value,
56498,loudness,missing_value,
56503,valence,outlier_low,-0.0979
56503,liveness,missing_value,
56506,valence,outlier_high,1.0998
56506,liveness,missing_value,
56507,danceability,missing_value,
56507,energy,missing_value,
56508,valence,missing_value,
56509,liveness,missing_value,
56509,speechiness,missing_value,
56521,danceability,missing_value,
56521,liveness,missing_value,
56526,instrumentalness,missing_value,
56528,valence,missing_value,
56533,acousticness,missing_value,
56538,tempo,outlier_high,316.1409
56539,acousticness,missing_value,
56545,danceability,missing_value,
56547,speechiness,missing_value,
56558,loudness,missing_value,
56559,valence,missing_value,
56563,valence,missing_value,
56566,instrumentalness,missing_value,
56569,speechiness,missing_value,
56570,tempo,missing_value,
56580,acousticness,missing_value,
56582,acousticness,missing_value,
56584,speechiness,missing_value,
56588,energy,outlier_low,-0.0651
56589,acousticness,missing_value,
56590,energy,outlier_high,1.2907
56596,instrumentalness,missing_value,
56597,instrumentalness,missing_value,
56602,danceability,missing_value,
56607,speechiness,missing_value,
56609,valence,missing_value,
56611,danceability,outlier_low,-0.0253
56624,loudness,outlier_low,-87.9878
56624,danceability,missing_value,
56625,valence,outlier_low,-0.2534
56627,instrumentalness,missing_value,
56632,danceability,outlier_low,-0.1431
56639,danceability,missing_value,
56640,tempo,missing_value,
56640,instrumentalness,missing_value,
56644,danceability,missing_value,
56647,loudness,missing_value,
56651,energy,missing_value,
56653,energy,outlier_high,1.1056
56655,energy,missing_value,
56659,instrumentalness,missing_value,
56660,loudness,missing_value,
56666,loudness,missing_value,
56668,valence,missing_value,
56674,loudness,missing_value,
56677,liveness,missing_value,
56700,tempo,missing_value,
56702,instrumentalness,missing_value,
56706,instrumentalness,missing_value,
56707,instrumentalness,missing_value,
56708,loudness,missing_value,
56717,loudness,missing_value,
56726,tempo,missing_value,
56726,liveness,missing_value,
56730,danceability,missing_value,
56731,speechiness,missing_value,
56732,energy,missing_value,
56735,valence,outlier_high,1.0717
56739,tempo,outlier_high,330.2402
56746,tempo,missing_value,
56748,liveness,missing_value,
56749,liveness,missing_value,
56750,loudness,missing_value,
56754,loudness,missing_value,
56755,valence,missing_value,
56758,valence,missing_value,
56758,liveness,missing_value,
56758,tempo,missing_value,
56762,energy,missing_value,
56768,danceability,missing_value,
56769,acousticness,missing_value,
56774,liveness,missing_value,
56777,loudness,outlier_low,-78.4982
56786,loudness,outlier_low,-81.1252
56787,loudness,missing_value,
56790,danceability,outlier_high,1.2700
56795,danceability,outlier_high,1.1239
56796,instrumentalness,missing_value,
56805,valence,missing_value,
56808,instrumentalness,missing_value,
56808,speechiness,missing_value,
56810,speechiness,missing_value,
56811,instrumentalness,missing_value,
56813,speechiness,missing_value,
56813,danceability,missing_value,
56817,energy,missing_value,
56818,acousticness,missing_value,
56819,acousticness,missing_value,
56822,tempo,missing_value,
56822,danceability,missing_value,
56825,liveness,missing_value,
56825,danceability,missing_value,
56825,instrumentalness,missing_value,
56826,energy,missing_value,
56835,loudness,missing_value,
56839,loudness,missing_value,
56845,liveness,missing_value,
56848,acousticness,missing_value,
56851,loudness,missing_value,
56852,energy,missing_value,
56852,danceability,missing_value,
56854,danceability,outlier_high,1.3647
56860,valence,missing_value,
56864,loudness,missing_value,
56864,liveness,missing_value,
56866,instrumentalness,missing_value,
56868,loudness,missing_value,
56871,speechiness,missing_value,
56872,instrumentalness,missing_value,
56875,energy,outlier_high,1.2982
56876,instrumentalness,missing_value,
56878,danceability,missing_value,
56881,danceability,missing_value,
56885,danceability,missing_value,
56885,tempo,missing_value,
56886,liveness,missing_value,
56891,acousticness,missing_value,
56896,danceability,missing_value,
56896,energy,missing_value,
56900,tempo,missing_value,
56901,valence,missing_value,
56903,valence,outlier_low,-0.1582
56903,tempo,missing_value,
56904,valence,missing_value,
56904,energy,missing_value,
56906,tempo,missing_value,
56910,energy,outlier_high,1.3783
56911,tempo,missing_value,
56911,danceability,outlier_low,-0.1169
56917,tempo,missing_value,
56917,speechiness,missing_value,
56919,energy,missing_value,
56920,energy,outlier_low,-0.2442
56931,liveness,missing_value,
56935,loudness,missing_value,
56935,danceability,missing_value,
56938,danceability,missing_value,
56941,energy,missing_value,
56943,energy,missing_value,
56945,liveness,missing_value,
56950,valence,missing_value,
56953,acousticness,missing_value,
56954,valence,missing_value,
56958,danceability,missing_value,
56959,acousticness,missing_value,
56961,danceability,outlier_low,-0.1354
56963,valence,missing_value,
56964,danceability,missing_value,
56966,loudness,outlier_high,1.1696
56966,danceability,outlier_low,-0.1616
56967,loudness,outlier_high,2.6582
56970,tempo,outlier_low,3.1844
56972,acousticness,missing_value,
56978,valence,outlier_high,1.0764
56981,energy,missing_value,
56993,speechiness,missing_value,
57007,tempo,missing_value,
57016,speechiness,missing_value,
57017,energy,missing_value,
57018,tempo,missing_value,
57019,valence,missing_value,
57021,liveness,missing_value,
57026,acousticness,missing_value,
57028,loudness,missing_value,
57029,tempo,outlier_low,1.6431
57029,energy,missing_value,
57034,speechiness,missing_value,
57039,liveness,missing_value,
57045,liveness,missing_value,
57045,energy,missing_value,
57046,tempo,missing_value,
57046,acousticness,missing_value,
57052,acousticness,missing_value,
57061,energy,missing_value,
57061,instrumentalness,missing_value,
57070,valence,missing_value,
57070,tempo,missing_value,
57072,valence,outlier_low,-0.0646
57076,tempo,missing_value,
57082,danceability,missing_value,
57085,valence,outlier_high,1.4792
57088,tempo,missing_value,
57091,liveness,missing_value,
57093,acousticness,missing_value,
57099,liveness,missing_value,
57101,valence,missing_value,
57110,energy,outlier_low,-0.0454
57114,speechiness,missing_value,
57115,tempo,outlier_low,11.8219
57115,instrumentalness,missing_value,
57119,valence,outlier_high,1.3781
57121,instrumentalness,missing_value,
57125,speechiness,missing_value,
57127,acousticness,missing_value,
57130,acousticness,missing_value,
57131,valence,outlier_low,-0.2708
57131,tempo,missing_value,
57133,loudness,missing_value,
57134,instrumentalness,missing_value,
57134,valence,outlier_high,1.4001
57136,energy,missing_value,
57146,tempo,missing_value,
57150,danceability,missing_value,
57152,liveness,missing_value,
57152,speechiness,missing_value,
57153,energy,missing_value,
57154,valence,missing_value,
57156,danceability,missing_value,
57158,loudness,missing_value,
57159,energy,missing_value,
57160,danceability,missing_value,
57163,danceability,missing_value,
57166,acousticness,missing_value,
57168,liveness,missing_value,
57172,valence,outlier_high,1.2997
57178,acousticness,missing_value,
57180,energy,outlier_high,1.1500
57187,valence,missing_value,
57191,liveness,missing_value,
57192,tempo,missing_value,
57193,instrumentalness,missing_value,
57201,tempo,missing_value,
57204,acousticness,missing_value,
57215,tempo,outlier_high,403.7811
57216,liveness,missing_value,
57216,danceability,missing_value,
57218,loudness,missing_value,
57219,acousticness,missing_value,
57219,valence,missing_value,
57228,energy,outlier_high,1.2927
57230,tempo,outlier_high,362.1730
57232,acousticness,missing_value,
57235,danceability,missing_value,
57238,danceability,missing_value,
57247,loudness,missing_value,
57254,instrumentalness,missing_value,
57256,acousticness,missing_value,
57260,energy,missing_value,
57261,speechiness,missing_value,
57263,energy,missing_value,
57264,valence,missing_value,
57266,energy,missing_value,
57267,energy,outlier_high,1.4172
57279,tempo,missing_value,
57282,speechiness,missing_value,
57293,valence,missing_value,
57297,liveness,missing_value,
57299,tempo,missing_value,
57305,liveness,missing_value,
57306,valence,missing_value,
57309,energy,outlier_low,-0.1517
57310,loudness,missing_value,
57313,danceability,outlier_high,1.2771
57318,liveness,missing_value,
57321,instrumentalness,missing_value,
57324,instrumentalness,missing_value,
57324,valence,outlier_low,-0.1105
57328,instrumentalness,missing_value,
57342,speechiness,missing_value,
57342,valence,missing_value,
57350,speechiness,missing_value,
57353,loudness,missing_value,
57355,valence,missing_value,
57358,valence,missing_value,
57359,energy,outlier_low,-0.1640
57359,instrumentalness,missing_value,
57362,loudness,outlier_low,-73.8322
57368,loudness,missing_value,
57368,liveness,missing_value,
57371,acousticness,missing_value,
57372,tempo,missing_value,
57381,loudness,missing_value,
57383,danceability,missing_value,
57384,tempo,missing_value,
57386,loudness,missing_value,
57389,speechiness,missing_value,
57392,instrumentalness,missing_value,
57397,tempo,outlier_high,349.7512
57398,liveness,missing_value,
57406,tempo,missing_value,
57411,loudness,outlier_low,-74.1691
57419,liveness,missing_value,
57420,energy,missing_value,
57421,valence,missing_value,
57427,energy,missing_value,
57429,tempo,missing_value,
57429,instrumentalness,missing_value,
57431,speechiness,missing_value,
57436,energy,missing_value,
57437,speechiness,missing_value,
57437,acousticness,missing_value,
57437,tempo,missing_value,
57438,tempo,missing_value,
57445,acousticness,missing_value,
57455,valence,missing_value,
57458,liveness,missing_value,
57458,speechiness,missing_value,
57460,energy,missing_value,
57464,tempo,missing_value,
57465,loudness,missing_value,
57467,acousticness,missing_value,
57467,loudness,missing_value,
57472,liveness,missing_value,
57482,danceability,missing_value,
57484,energy,missing_value,
57487,danceability,missing_value,
57487,liveness,missing_value,
57490,liveness,missing_value,
57495,acousticness,missing_value,
57498,tempo,outlier_low,4.9120
57499,energy,missing_value,
57501,tempo,missing_value,
57506,danceability,outlier_low,-0.0281
57515,speechiness,missing_value,
57515,danceability,missing_value,
57515,tempo,missing_value,
57516,instrumentalness,missing_value,
57523,acousticness,missing_value,
57525,energy,outlier_high,1.0868
57528,energy,outlier_high,1.1243
57531,acousticness,missing_value,
57534,liveness,missing_value,
57539,liveness,missing_value,
57541,acousticness,missing_value,
57545,energy,missing_value,
57546,loudness,missing_value,
57547,loudness,outlier_low,-86.4298
57549,valence,missing_value,
57550,instrumentalness,missing_value,
57554,energy,missing_value,
57558,speechiness,missing_value,
57558,valence,missing_value,
57562,danceability,outlier_high,1.3887
57562,valence,outlier_low,-0.2170
57564,tempo,missing_value,
57565,danceability,outlier_low,-0.2069
57572,loudness,missing_value,
57583,loudness,missing_value,
57587,danceability,outlier_low,-0.2832
57589,tempo,outlier_high,414.9594
57595,tempo,missing_value,
57596,valence,missing_value,
57604,liveness,missing_value,
57605,energy,missing_value,
57606,tempo,outlier_low,12.4013
57607,tempo,missing_value,
57614,loudness,outlier_low,-75.0893
57620,speechiness,missing_value,
57621,instrumentalness,missing_value,
57624,instrumentalness,missing_value,
57629,valence,missing_value,
57630,liveness,missing_value,
57634,tempo,missing_value,
57637,loudness,outlier_high,4.6919
57641,speechiness,missing_value,
57641,loudness,missing_value,
57643,speechiness,missing_value,
57643,loudness,missing_value,
57643,liveness,missing_value,
57649,loudness,missing_value,
57650,instrumentalness,missing_value,
57650,tempo,missing_value,
57651,danceability,missing_value,
57659,instrumentalness,missing_value,
57662,acousticness,missing_value,
57666,tempo,missing_value,
57667,acousticness,missing_value,
57668,liveness,missing_value,
57668,loudness,outlier_low,-74.4912
57668,acousticness,missing_value,
57671,acousticness,missing_value,
57671,tempo,missing_value,
57674,acousticness,missing_value,
57678,tempo,outlier_high,396.5057
57678,energy,missing_value,
57682,speechiness,missing_value,
57684,loudness,missing_value,
57685,speechiness,missing_value,
57686,speechiness,missing_value,
57692,loudness,missing_value,
57693,liveness,missing_value,
57693,danceability,outlier_high,1.3287
57696,acousticness,missing_value,
57696,valence,missing_value,
57703,valence,missing_value,
57706,valence,missing_value,
57709,tempo,missing_value,
57714,energy,missing_value,
57716,instrumentalness,missing_value,
57716,danceability,missing_value,
57718,acousticness,missing_value,
57724,speechiness,missing_value,
57726,acousticness,missing_value,
57734,tempo,missing_value,
57737,energy,outlier_high,1.4139
57742,speechiness,missing_value,
57747,instrumentalness,missing_value,
57754,tempo,missing_value,
57755,energy,outlier_high,1.0877
57756,liveness,missing_value,
57759,danceability,outlier_high,1.4092
57762,danceability,missing_value,
57775,instrumentalness,missing_value,
57778,liveness,missing_value,
57778,loudness,missing_value,
57780,valence,missing_value,
57780,speechiness,missing_value,
57781,valence,missing_value,
57782,instrumentalness,missing_value,
57783,valence,missing_value,
57785,valence,missing_value,
57790,acousticness,missing_value,
57791,valence,missing_value,
57793,tempo,missing_value,
57796,acousticness,missing_value,
57799,speechiness,missing_value,
57809,acousticness,missing_value,
57809,liveness,missing_value,
57812,valence,missing_value,
57813,acousticness,missing_value,
57818,speechiness,missing_value,
57820,tempo,missing_value,
57821,tempo,missing_value,
57821,valence,missing_value,
57822,valence,missing_value,
57833,danceability,missing_value,
57842,valence,missing_value,
57844,tempo,missing_value,
57845,speechiness,missing_value,
57853,energy,missing_value,
57856,liveness,missing_value,
57858,danceability,missing_value,
57863,tempo,missing_value,
57867,liveness,missing_value,
57868,energy,missing_value,
57872,valence,outlier_high,1.1102
57874,valence,missing_value,
57875,speechiness,missing_value,
57885,danceability,outlier_high,1.2751
57886,acousticness,missing_value,
57887,energy,missing_value,
57888,loudness,missing_value,
57892,valence,missing_value,
57893,loudness,missing_value,
57894,tempo,missing_value,
57897,danceability,missing_value,
57897,tempo,missing_value,
57899,speechiness,missing_value,
57900,loudness,missing_value,
57904,acousticness,missing_value,
57905,tempo,missing_value,
57906,danceability,missing_value,
57907,acousticness,missing_value,
57909,instrumentalness,missing_value,
57911,energy,missing_value,
57913,liveness,missing_value,
57913,energy,missing_value,
57915,energy,missing_value,
57915,acousticness,missing_value,
57916,liveness,missing_value,
57920,danceability,outlier_low,-0.0128
57921,acousticness,missing_value,
57925,speechiness,missing_value,
57931,energy,missing_value,
57934,acousticness,missing_value,
57940,tempo,missing_value,
57943,tempo,missing_value,
57949,liveness,missing_value,
57949,danceability,missing_value,
57953,instrumentalness,missing_value,
57955,liveness,missing_value,
57958,speechiness,missing_value,
57959,loudness,missing_value,
57962,danceability,missing_value,
57965,danceability,missing_value,
57965,tempo,missing_value,
57968,instrumentalness,missing_value,
57973,energy,missing_value,
57974,instrumentalness,missing_value,
57979,speechiness,missing_value,
57981,tempo,outlier_low,13.2434
57984,acousticness,missing_value,
57987,instrumentalness,missing_value,
57988,danceability,missing_value,
57988,acousticness,missing_value,
57989,danceability,missing_value,
57989,valence,missing_value,
57994,speechiness,missing_value,
57995,loudness,missing_value,
57999,loudness,missing_value,
58000,tempo,missing_value,
58007,instrumentalness,missing_value,
58016,danceability,missing_value,
58017,danceability,missing_value,
58024,liveness,missing_value,
58029,loudness,missing_value,
58030,loudness,missing_value,
58033,tempo,missing_value,
58036,liveness,missing_value,
58038,energy,missing_value,
58042,danceability,missing_value,
58044,instrumentalness,missing_value,
58047,danceability,missing_value,
58047,energy,outlier_high,1.0511
58051,instrumentalness,missing_value,
58052,valence,missing_value,
58054,danceability,missing_value,
58057,danceability,missing_value,
58058,liveness,missing_value,
58068,loudness,missing_value,
58068,liveness,missing_value,
58070,liveness,missing_value,
58071,loudness,missing_value,
58072,liveness,missing_value,
58078,valence,missing_value,
58079,loudness,missing_value,
58090,danceability,missing_value,
58093,danceability,missing_value,
58097,acousticness,missing_value,
58098,speechiness,missing_value,
58100,loudness,missing_value,
58108,danceability,missing_value,
58113,instrumentalness,missing_value,
58117,liveness,missing_value,
58124,valence,missing_value,
58127,valence,missing_value,
58129,loudness,missing_value,
58138,energy,outlier_high,1.1560
58139,acousticness,missing_value,
58141,loudness,missing_value,
58146,liveness,missing_value,
58150,valence,missing_value,
58159,valence,outlier_low,-0.2273
58161,acousticness,missing_value,
58171,loudness,missing_value,
58174,loudness,missing_value,
58174,valence,missing_value,
58176,speechiness,missing_value,
58179,tempo,missing_value,
58182,loudness,missing_value,
58185,danceability,missing_value,
58186,danceability,missing_value,
58192,tempo,missing_value,
58192,danceability,outlier_low,-0.0986
58198,energy,missing_value,
58198,speechiness,missing_value,
58199,loudness,missing_value,
58199,danceability,missing_value,
58201,valence,missing_value,
58204,speechiness,missing_value,
58204,liveness,missing_value,
58208,danceability,missing_value,
58208,acousticness,missing_value,
58213,valence,missing_value,
58213,acousticness,missing_value,
58215,danceability,missing_value,
58215,valence,missing_value,
58216,acousticness,missing_value,
58224,instrumentalness,missing_value,
58225,valence,missing_value,
58227,instrumentalness,missing_value,
58228,acousticness,missing_value,
58229,energy,missing_value,
58233,tempo,missing_value,
58234,danceability,missing_value,
58237,tempo,missing_value,
58239,acousticness,missing_value,
58240,energy,missing_value,
58252,liveness,missing_value,
58258,speechiness,missing_value,
58260,valence,missing_value,
58267,acousticness,missing_value,
58267,loudness,missing_value,
58268,acousticness,missing_value,
58268,valence,missing_value,
58268,loudness,missing_value,
58269,valence,missing_value,
58270,tempo,missing_value,
58274,tempo,missing_value,
58282,energy,outlier_high,1.0976
58287,acousticness,missing_value,
58287,energy,missing_value,
58290,instrumentalness,missing_value,
58292,instrumentalness,missing_value,
58298,loudness,missing_value,
58299,speechiness,missing_value,
58301,danceability,missing_value,
58304,instrumentalness,missing_value,
58306,energy,missing_value,
58308,acousticness,missing_value,
58309,loudness,missing_value,
58310,danceability,missing_value,
58311,speechiness,missing_value,
58317,energy,missing_value,
58319,valence,missing_value,
58324,energy,missing_value,
58327,danceability,missing_value,
58332,energy,missing_value,
58334,energy,missing_value,
58337,speechiness,missing_value,
58337,energy,outlier_high,1.2893
58340,loudness,missing_value,
58340,liveness,missing_value,
58347,acousticness,missing_value,
58348,acousticness,missing_value,
58355,tempo,missing_value,
58357,valence,missing_value,
58362,acousticness,missing_value,
58363,acousticness,missing_value,
58369,instrumentalness,missing_value,
58372,acousticness,missing_value,
58373,valence,missing_value,
58376,tempo,missing_value,
58376,valence,missing_value,
58378,tempo,missing_value,
58381,instrumentalness,missing_value,
58387,loudness,outlier_low,-81.4267
58400,liveness,missing_value,
58402,loudness,missing_value,
58402,tempo,missing_value,
58403,liveness,missing_value,
58404,energy,missing_value,
58406,liveness,missing_value,
58406,instrumentalness,missing_value,
58409,liveness,missing_value,
58419,valence,missing_value,
58421,tempo,missing_value,
58424,valence,missing_value,
58425,valence,missing_value,
58432,liveness,missing_value,
58441,loudness,missing_value,
58445,speechiness,missing_value,
58446,instrumentalness,missing_value,
58448,acousticness,missing_value,
58451,acousticness,missing_value,
58456,danceability,missing_value,
58456,loudness,missing_value,
58456,acousticness,missing_value,
58465,loudness,missing_value,
58466,speechiness,missing_value,
58472,acousticness,missing_value,
58475,loudness,missing_value,
58478,loudness,missing_value,
58480,liveness,missing_value,
58491,instrumentalness,missing_value,
58491,loudness,missing_value,
58495,tempo,missing_value,
58499,valence,missing_value,
58500,speechiness,missing_value,
58501,energy,missing_value,
58503,loudness,missing_value,
58504,liveness,missing_value,
58506,danceability,missing_value,
58507,loudness,missing_value,
58519,acousticness,missing_value,
58521,energy,outlier_high,1.4928
58522,speechiness,missing_value,
58524,loudness,missing_value,
58529,tempo,missing_value,
58529,danceability,missing_value,
58532,acousticness,missing_value,
58535,loudness,missing_value,
58542,valence,missing_value,
58548,energy,outlier_low,-0.0535
58548,danceability,missing_value,
58549,speechiness,missing_value,
58565,loudness,missing_value,
58576,danceability,missing_value,
58578,valence,outlier_high,1.3631
58579,tempo,missing_value,
58583,instrumentalness,missing_value,
58585,liveness,missing_value,
58588,danceability,missing_value,
58590,tempo,outlier_high,329.4674
58599,loudness,missing_value,
58602,speechiness,missing_value,
58619,liveness,missing_value,
58622,tempo,outlier_low,7.3844
58626,acousticness,missing_value,
58630,liveness,missing_value,
58632,speechiness,missing_value,
58633,loudness,missing_value,
58634,acousticness,missing_value,
58635,tempo,missing_value,
58636,acousticness,missing_value,
58637,loudness,missing_value,
58639,danceability,missing_value,
58639,valence,outlier_high,1.1684
58645,speechiness,missing_value,
58651,valence,outlier_high,1.3192
58654,loudness,missing_value,
58661,loudness,outlier_low,-83.1833
58662,danceability,outlier_high,1.4531
58662,energy,outlier_low,-0.1273
58663,instrumentalness,missing_value,
58663,valence,outlier_low,-0.1761
58664,tempo,missing_value,
58668,acousticness,missing_value,
58678,valence,missing_value,
58681,liveness,missing_value,
58681,speechiness,missing_value,
58682,instrumentalness,missing_value,
58682,valence,outlier_high,1.1722
58684,energy,outlier_high,1.4571
58692,danceability,missing_value,
58696,speechiness,missing_value,
58705,tempo,missing_value,
58708,danceability,outlier_high,1.0849
58713,valence,missing_value,
58713,liveness,missing_value,
58714,tempo,missing_value,
58715,valence,missing_value,
58720,tempo,missing_value,
58723,energy,missing_value,
58724,loudness,missing_value,
58728,instrumentalness,missing_value,
58734,loudness,missing_value,
58734,energy,missing_value,
58735,speechiness,missing_value,
58737,danceability,missing_value,
58739,speechiness,missing_value,
58742,instrumentalness,missing_value,
58742,tempo,missing_value,
58749,loudness,missing_value,
58749,tempo,missing_value,
58751,valence,missing_value,
58753,instrumentalness,missing_value,
58760,instrumentalness,missing_value,
58762,danceability,missing_value,
58764,instrumentalness,missing_value,
58767,loudness,outlier_low,-74.2390
58771,speechiness,missing_value,
58775,acousticness,missing_value,
58776,loudness,outlier_low,-84.2224
58778,tempo,missing_value,
58785,loudness,missing_value,
58786,danceability,missing_value,
58788,energy,outlier_low,-0.0443
58792,danceability,missing_value,
58794,energy,missing_value,
58797,valence,missing_value,
58799,danceability,missing_value,
58801,acousticness,missing_value,
58806,danceability,missing_value,
58810,energy,missing_value,
58811,loudness,missing_value,
58814,acousticness,missing_value,
58815,acousticness,missing_value,
58827,acousticness,missing_value,
58828,liveness,missing_value,
58829,energy,outlier_low,-0.2085
58834,tempo,missing_value,
58834,energy,missing_value,
58835,valence,outlier_high,1.0797
58844,loudness,missing_value,
58848,danceability,missing_value,
58848,energy,missing_value,
58848,tempo,missing_value,
58851,speechiness,missing_value,
58856,instrumentalness,missing_value,
58863,loudness,outlier_high,7.4401
58865,valence,missing_value,
58866,acousticness,missing_value,
58867,energy,outlier_low,-0.1397
58867,valence,missing_value,
58868,danceability,missing_value,
58868,energy,missing_value,
58878,acousticness,missing_value,
58881,tempo,missing_value,
58883,danceability,missing_value,
58888,energy,missing_value,
58889,energy,missing_value,
58895,danceability,missing_value,
58897,valence,missing_value,
58899,danceability,missing_value,
58902,danceability,missing_value,
58907,tempo,missing_value,
58908,energy,missing_value,
58910,acousticness,missing_value,
58913,valence,missing_value,
58918,loudness,missing_value,
58918,speechiness,missing_value,
58919,liveness,missing_value,
58927,danceability,missing_value,
58928,valence,missing_value,
58928,loudness,missing_value,
58928,energy,missing_value,
58930,loudness,missing_value,
58934,speechiness,missing_value,
58937,speechiness,missing_value,
58938,energy,missing_value,
58948,energy,missing_value,
58949,liveness,missing_value,
58950,tempo,missing_value,
58955,acousticness,missing_value,
58959,loudness,outlier_high,1.2392
58970,tempo,missing_value,
58973,instrumentalness,missing_value,
58973,speechiness,missing_value,
58977,instrumentalness,missing_value,
58980,valence,missing_value,
58987,instrumentalness,missing_value,
58988,acousticness,missing_value,
58993,instrumentalness,missing_value,
58998,speechiness,missing_value,
58998,liveness,missing_value,
59000,speechiness,missing_value,
59000,liveness,missing_value,
59006,energy,missing_value,
59008,tempo,missing_value,
59012,instrumentalness,missing_value,
59015,valence,missing_value,
59016,danceability,missing_value,
59016,instrumentalness,missing_value,
59024,instrumentalness,missing_value,
59025,tempo,missing_value,
59027,danceability,missing_value,
59027,acousticness,missing_value,
59029,valence,missing_value,
59030,loudness,missing_value,
59058,acousticness,missing_value,
59066,valence,outlier_low,-0.2817
59068,valence,missing_value,
59071,speechiness,missing_value,
59071,loudness,outlier_high,2.1992
59076,energy,missing_value,
59078,loudness,missing_value,
59082,valence,missing_value,
59084,acousticness,missing_value,
59092,loudness,missing_value,
59093,energy,missing_value,
59097,instrumentalness,missing_value,
59099,loudness,missing_value,
59109,tempo,missing_value,
59114,valence,outlier_high,1.2421
59115,instrumentalness,missing_value,
59115,valence,missing_value,
59117,loudness,outlier_high,7.7443
59121,speechiness,missing_value,
59124,tempo,missing_value,
59127,instrumentalness,missing_value,
59144,danceability,missing_value,
59149,liveness,missing_value,
59159,acousticness,missing_value,
59160,liveness,missing_value,
59161,instrumentalness,missing_value,
59163,instrumentalness,missing_value,
59164,valence,outlier_low,-0.1364
59168,tempo,missing_value,
59171,danceability,missing_value,
59179,energy,missing_value,
59181,energy,missing_value,
59182,speechiness,missing_value,
59189,loudness,missing_value,
59190,speechiness,missing_value,
59193,danceability,missing_value,
59194,energy,missing_value,
59196,acousticness,missing_value,
59197,speechiness,missing_value,
59199,loudness,missing_value,
59201,danceability,missing_value,
59204,tempo,missing_value,
59208,danceability,missing_value,
59208,acousticness,missing_value,
59209,danceability,missing_value,
59211,loudness,missing_value,
59211,valence,missing_value,
59213,liveness,missing_value,
59214,danceability,missing_value,
59220,loudness,outlier_low,-82.7214
59220,energy,missing_value,
59220,danceability,missing_value,
59222,danceability,outlier_low,-0.2832
59224,instrumentalness,missing_value,
59231,tempo,missing_value,
59233,speechiness,missing_value,
59241,speechiness,missing_value,
59242,loudness,missing_value,
59243,instrumentalness,missing_value,
59245,valence,missing_value,
59250,acousticness,missing_value,
59253,tempo,missing_value,
59261,instrumentalness,missing_value,
59268,speechiness,missing_value,
59271,liveness,missing_value,
59273,tempo,outlier_low,11.6993
59290,energy,missing_value,
59290,instrumentalness,missing_value,
59292,liveness,missing_value,
59294,acousticness,missing_value,
59298,acousticness,missing_value,
59301,loudness,missing_value,
59303,danceability,missing_value,
59308,speechiness,missing_value,
59312,valence,missing_value,
59316,valence,outlier_high,1.3453
59316,energy,outlier_high,1.4888
59319,valence,missing_value,
59320,liveness,missing_value,
59323,liveness,missing_value,
59325,instrumentalness,missing_value,
59327,acousticness,missing_value,
59328,speechiness,missing_value,
59336,energy,missing_value,
59336,danceability,missing_value,
59338,acousticness,missing_value,
59344,valence,missing_value,
59345,speechiness,missing_value,
59346,energy,outlier_high,1.1907
59358,acousticness,missing_value,
59359,liveness,missing_value,
59360,speechiness,missing_value,
59364,liveness,missing_value,
59367,tempo,outlier_high,401.3402
59368,tempo,missing_value,
59369,danceability,missing_value,
59370,speechiness,missing_value,
59371,acousticness,missing_value,
59376,danceability,missing_value,
59377,instrumentalness,missing_value,
59379,speechiness,missing_value,
59380,tempo,missing_value,
59382,loudness,missing_value,
59382,tempo,missing_value,
59391,loudness,missing_value,
59394,acousticness,missing_value,
59398,energy,outlier_low,-0.1742
59399,valence,missing_value,
59402,valence,outlier_low,-0.1884
59405,energy,missing_value,
59406,energy,missing_value,
59407,liveness,missing_value,
59412,liveness,missing_value,
59432,instrumentalness,missing_value,
59438,instrumentalness,missing_value,
59448,valence,missing_value,
59449,danceability,missing_value,
59451,speechiness,missing_value,
59451,liveness,missing_value,
59453,acousticness,missing_value,
59454,energy,missing_value,
59461,speechiness,missing_value,
59467,energy,outlier_high,1.4414
59468,acousticness,missing_value,
59475,energy,missing_value,
59476,speechiness,missing_value,
59479,energy,missing_value,
59494,energy,missing_value,
59499,liveness,missing_value,
59501,energy,missing_value,
59502,valence,missing_value,
59504,loudness,missing_value,
59505,acousticness,missing_value,
59512,liveness,missing_value,
59515,instrumentalness,missing_value,
59518,loudness,missing_value,
59521,valence,missing_value,
59522,instrumentalness,missing_value,
59523,speechiness,missing_value,
59537,tempo,missing_value,
59540,danceability,missing_value,
59541,liveness,missing_value,
59541,valence,outlier_low,-0.1065
59547,loudness,missing_value,
59552,instrumentalness,missing_value,
59553,loudness,outlier_high,3.0128
59554,energy,missing_value,
59559,loudness,missing_value,
59565,tempo,missing_value,
59569,valence,missing_value,
59575,danceability,missing_value,
59586,valence,missing_value,
59587,instrumentalness,missing_value,
59591,liveness,missing_value,
59601,danceability,missing_value,
59605,speechiness,missing_value,
59609,valence,outlier_low,-0.0220
59610,acousticness,missing_value,
59614,loudness,missing_value,
59617,danceability,missing_value,
59622,energy,missing_value,
59622,valence,missing_value,
59630,speechiness,missing_value,
59639,liveness,missing_value,
59639,valence,missing_value,
59640,loudness,outlier_high,2.2976
59641,loudness,missing_value,
59644,danceability,missing_value,
59644,acousticness,missing_value,
59648,loudness,missing_value,
59649,loudness,missing_value,
59652,danceability,missing_value,
59655,valence,missing_value,
59656,energy,outlier_high,1.1101
59660,loudness,missing_value,
59662,acousticness,missing_value,
59663,loudness,outlier_high,8.3495
59663,energy,missing_value,
59664,energy,missing_value,
59664,instrumentalness,missing_value,
59668,acousticness,missing_value,
59670,instrumentalness,missing_value,
59672,loudness,missing_value,
59675,tempo,outlier_high,341.5656
59684,valence,missing_value,
59685,tempo,missing_value,
59692,tempo,missing_value,
59692,energy,missing_value,
59696,liveness,missing_value,
59696,instrumentalness,missing_value,
59700,danceability,missing_value,
59707,tempo,outlier_low,2.0843
59710,instrumentalness,missing_value,
59711,instrumentalness,missing_value,
59719,tempo,missing_value,
59723,instrumentalness,missing_value,
59731,instrumentalness,missing_value,
59733,danceability,missing_value,
59737,valence,missing_value,
59744,tempo,missing_value,
59748,loudness,outlier_high,4.5975
59757,instrumentalness,missing_value,
59758,instrumentalness,missing_value,
59762,speechiness,missing_value,
59764,liveness,missing_value,
59765,tempo,missing_value,
59766,acousticness,missing_value,
59768,danceability,missing_value,
59768,loudness,missing_value,
59771,tempo,missing_value,
59775,acousticness,missing_value,
59776,tempo,missing_value,
59777,valence,outlier_low,-0.0574
59778,speechiness,missing_value,
59778,loudness,missing_value,
59784,acousticness,missing_value,
59790,danceability,missing_value,
59795,energy,missing_value,
59798,energy,missing_value,
59801,speechiness,missing_value,
59802,valence,missing_value,
59802,instrumentalness,missing_value,
59804,liveness,missing_value,
59810,energy,missing_value,
59812,valence,outlier_high,1.0808
59815,loudness,missing_value,
59815,valence,outlier_low,-0.0423
59816,danceability,missing_value,
59817,energy,missing_value,
59817,tempo,missing_value,
59835,speechiness,missing_value,
59841,tempo,missing_value,
59841,instrumentalness,missing_value,
59841,liveness,missing_value,
59846,valence,missing_value,
59846,instrumentalness,missing_value,
59848,acousticness,missing_value,
59848,tempo,missing_value,
59851,liveness,missing_value,
59856,energy,missing_value,
59857,speechiness,missing_value,
59858,danceability,missing_value,
59861,acousticness,missing_value,
59862,danceability,missing_value,
59863,acousticness,missing_value,
59866,instrumentalness,missing_value,
59869,speechiness,missing_value,
59871,liveness,missing_value,
59872,tempo,outlier_low,2.0746
59879,speechiness,missing_value,
59880,danceability,missing_value,
59883,valence,missing_value,
59895,speechiness,missing_value,
59896,loudness,missing_value,
59898,loudness,missing_value,
59902,valence,missing_value,
59905,valence,outlier_low,-0.2521
59910,liveness,missing_value,
59910,danceability,missing_value,
59911,danceability,outlier_low,-0.0518
59915,valence,missing_value,
59917,instrumentalness,missing_value,
59931,liveness,missing_value,
59935,liveness,missing_value,
59938,tempo,missing_value,
59944,liveness,missing_value,
59947,liveness,missing_value,
59948,liveness,missing_value,
59954,speechiness,missing_value,
59958,instrumentalness,missing_value,
59958,valence,missing_value,
59963,instrumentalness,missing_value,
59963,loudness,missing_value,
59966,valence,outlier_high,1.1741
59968,valence,missing_value,
59971,speechiness,missing_value,
59972,tempo,missing_value,
59975,loudness,missing_value,
59976,tempo,missing_value,
59981,acousticness,missing_value,
59987,tempo,missing_value,
59995,liveness,missing_value,
59998,danceability,missing_value,
59998,liveness,missing_value,
60002,liveness,missing_value,
60007,tempo,missing_value,
60011,loudness,missing_value,
60012,liveness,missing_value,
60014,loudness,missing_value,
60023,liveness,missing_value,
60024,loudness,outlier_high,2.5067
60030,liveness,missing_value,
60035,tempo,missing_value,
60043,liveness,missing_value,
60043,danceability,outlier_high,1.3427
60044,instrumentalness,missing_value,
60053,loudness,missing_value,
60054,speechiness,missing_value,
60062,danceability,missing_value,
60062,valence,missing_value,
60066,danceability,missing_value,
60073,energy,missing_value,
60074,valence,missing_value,
60076,instrumentalness,missing_value,
60077,danceability,outlier_high,1.2075
60079,acousticness,missing_value,
60081,valence,outlier_low,-0.2397
60082,acousticness,missing_value,
60089,acousticness,missing_value,
60093,valence,missing_value,
60093,liveness,missing_value,
60095,loudness,missing_value,
60112,liveness,missing_value,
60115,instrumentalness,missing_value,
60124,speechiness,missing_value,
60124,danceability,missing_value,
60127,energy,missing_value,
60128,valence,missing_value,
60129,acousticness,missing_value,
60130,speechiness,missing_value,
60133,liveness,missing_value,
60140,liveness,missing_value,
60143,tempo,missing_value,
60143,liveness,missing_value,
60148,valence,missing_value,
60150,liveness,missing_value,
60152,valence,missing_value,
60167,speechiness,missing_value,
60168,energy,missing_value,
60170,energy,missing_value,
60172,valence,missing_value,
60173,loudness,outlier_high,3.2239
60175,speechiness,missing_value,
60178,energy,missing_value,
60179,loudness,missing_value,
60183,danceability,missing_value,
60185,acousticness,missing_value,
60187,valence,missing_value,
60190,energy,missing_value,
60196,speechiness,missing_value,
60197,acousticness,missing_value,
60198,liveness,missing_value,
60199,loudness,outlier_high,5.7231
60207,danceability,missing_value,
60210,danceability,outlier_high,1.2808
60210,valence,missing_value,
60211,danceability,missing_value,
60211,valence,outlier_low,-0.1653
60215,acousticness,missing_value,
60222,loudness,outlier_high,9.9788
60224,speechiness,missing_value,
60225,valence,missing_value,
60227,tempo,missing_value,
60231,speechiness,missing_value,
60233,tempo,outlier_low,7.9001
60236,liveness,missing_value,
60236,danceability,missing_value,
60237,valence,missing_value,
60241,instrumentalness,missing_value,
60257,instrumentalness,missing_value,
60259,valence,missing_value,
60266,instrumentalness,missing_value,
60270,instrumentalness,missing_value,
60271,valence,missing_value,
60280,acousticness,missing_value,
60282,speechiness,missing_value,
60285,energy,outlier_low,-0.2853
60292,energy,missing_value,
60292,danceability,outlier_high,1.1920
60295,instrumentalness,missing_value,
60296,energy,missing_value,
60300,energy,outlier_low,-0.2600
60309,danceability,outlier_high,1.3223
60310,liveness,missing_value,
60315,speechiness,missing_value,
60319,danceability,missing_value,
60320,liveness,missing_value,
60333,instrumentalness,missing_value,
60338,tempo,missing_value,
60347,tempo,missing_value,
60354,tempo,missing_value,
60357,valence,missing_value,
60357,tempo,missing_value,
60357,energy,missing_value,
60362,tempo,missing_value,
60363,valence,missing_value,
60366,valence,missing_value,
60370,energy,missing_value,
60371,energy,missing_value,
60375,liveness,missing_value,
60378,acousticness,missing_value,
60379,loudness,missing_value,
60379,acousticness,missing_value,
60379,energy,outlier_high,1.0771
60381,valence,missing_value,
60390,valence,outlier_high,1.4770
60392,acousticness,missing_value,
60393,speechiness,missing_value,
60393,instrumentalness,missing_value,
60411,loudness,missing_value,
60425,valence,missing_value,
60426,danceability,missing_value,
60437,danceability,outlier_low,-0.1715
60439,energy,missing_value,
60445,valence,missing_value,
60446,valence,missing_value,
60449,tempo,outlier_high,370.1786
60456,tempo,missing_value,
60469,valence,missing_value,
60469,acousticness,missing_value,
60471,instrumentalness,missing_value,
60473,tempo,missing_value,
60473,danceability,outlier_high,1.3012
60476,valence,outlier_high,1.3972
60480,acousticness,missing_value,
60481,valence,missing_value,
60483,danceability,outlier_low,-0.0823
60492,instrumentalness,missing_value,
60498,speechiness,missing_value,
60499,liveness,missing_value,
60504,energy,missing_value,
60507,energy,missing_value,
60510,danceability,outlier_high,1.4431
60515,valence,missing_value,
60517,speechiness,missing_value,
60520,instrumentalness,missing_value,
60528,speechiness,missing_value,
60529,acousticness,missing_value,
60530,tempo,missing_value,
60533,valence,missing_value,
60537,loudness,missing_value,
60540,energy,missing_value,
60550,danceability,missing_value,
60553,tempo,missing_value,
60558,liveness,missing_value,
60559,tempo,outlier_high,361.5697
60563,loudness,missing_value,
60565,energy,missing_value,
60565,liveness,missing_value,
60570,instrumentalness,missing_value,
60571,danceability,missing_value,
60580,energy,missing_value,
60581,speechiness,missing_value,
60584,speechiness,missing_value,
60585,energy,missing_value,
60588,speechiness,missing_value,
60600,acousticness,missing_value,
60606,instrumentalness,missing_value,
60606,speechiness,missing_value,
60607,speechiness,missing_value,
60607,liveness,missing_value,
60609,danceability,missing_value,
60615,loudness,missing_value,
60616,speechiness,missing_value,
60618,acousticness,missing_value,
60619,instrumentalness,missing_value,
60621,acousticness,missing_value,
60628,liveness,missing_value,
60629,instrumentalness,missing_value,
60632,valence,outlier_low,-0.2355
60633,danceability,missing_value,
60635,tempo,missing_value,
60636,instrumentalness,missing_value,
60639,tempo,missing_value,
60641,instrumentalness,missing_value,
60648,energy,outlier_low,-0.2541
60650,instrumentalness,missing_value,
60657,speechiness,missing_value,
60658,liveness,missing_value,
60658,danceability,missing_value,
60659,instrumentalness,missing_value,
60661,liveness,missing_value,
60665,liveness,missing_value,
60675,instrumentalness,missing_value,
60680,danceability,missing_value,
60682,liveness,missing_value,
60683,acousticness,missing_value,
60687,energy,outlier_low,-0.2792
60688,liveness,missing_value,
60689,loudness,missing_value,
60689,tempo,missing_value,
60691,tempo,missing_value,
60694,valence,missing_value,
60698,instrumentalness,missing_value,
60699,loudness,missing_value,
60701,speechiness,missing_value,
60706,energy,outlier_high,1.4611
60708,loudness,outlier_low,-79.1401
60709,danceability,missing_value,
60710,danceability,missing_value,
60710,tempo,outlier_low,5.5134
60712,instrumentalness,missing_value,
60713,energy,missing_value,
60713,speechiness,missing_value,
60716,liveness,missing_value,
60718,tempo,missing_value,
60722,valence,missing_value,
60723,valence,missing_value,
60726,tempo,missing_value,
60730,loudness,missing_value,
60732,tempo,missing_value,
60733,liveness,missing_value,
60733,instrumentalness,missing_value,
60736,loudness,missing_value,
60740,valence,missing_value,
60742,acousticness,missing_value,
60745,tempo,missing_value,
60747,valence,missing_value,
60751,instrumentalness,missing_value,
60752,tempo,missing_value,
60753,danceability,missing_value,
60762,energy,missing_value,
60766,loudness,missing_value,
60768,loudness,outlier_low,-86.9797
60770,instrumentalness,missing_value,
60773,energy,missing_value,
60776,energy,missing_value,
60776,instrumentalness,missing_value,
60778,danceability,outlier_low,-0.0693
60782,energy,missing_value,
60787,energy,missing_value,
60788,danceability,missing_value,
60792,speechiness,missing_value,
60792,acousticness,missing_value,
60794,acousticness,missing_value,
60795,danceability,outlier_low,-0.0341
60796,valence,missing_value,
60796,energy,missing_value,
60797,valence,outlier_high,1.0949
60798,danceability,missing_value,
60799,energy,missing_value,
60806,speechiness,missing_value,
60809,speechiness,missing_value,
60810,danceability,missing_value,
60812,acousticness,missing_value,
60815,valence,missing_value,
60815,tempo,missing_value,
60818,valence,outlier_low,-0.2081
60819,loudness,missing_value,
60823,liveness,missing_value,
60824,energy,missing_value,
60825,valence,missing_value,
60834,energy,missing_value,
60838,danceability,missing_value,
60839,loudness,missing_value,
60846,speechiness,missing_value,
60846,energy,missing_value,
60847,instrumentalness,missing_value,
60852,danceability,outlier_low,-0.1923
60853,energy,outlier_high,1.2805
60855,valence,missing_value,
60858,instrumentalness,missing_value,
60859,tempo,missing_value,
60859,energy,missing_value,
60860,danceability,missing_value,
60860,acousticness,missing_value,
60861,loudness,missing_value,
60862,acousticness,missing_value,
60871,loudness,outlier_low,-80.3700
60872,acousticness,missing_value,
60872,danceability,missing_value,
60878,danceability,missing_value,
60893,loudness,missing_value,
60893,danceability,missing_value,
60898,valence,missing_value,
60899,liveness,missing_value,
60901,tempo,missing_value,
60901,loudness,missing_value,
60906,instrumentalness,missing_value,
60909,energy,missing_value,
60910,loudness,outlier_low,-85.4823
60911,instrumentalness,missing_value,
60914,speechiness,missing_value,
60921,instrumentalness,missing_value,
60926,speechiness,missing_value,
60929,instrumentalness,missing_value,
60934,acousticness,missing_value,
60942,valence,missing_value,
60945,acousticness,missing_value,
60945,instrumentalness,missing_value,
60946,loudness,missing_value,
60953,instrumentalness,missing_value,
60953,liveness,missing_value,
60955,speechiness,missing_value,
60958,acousticness,missing_value,
60959,tempo,missing_value,
60963,speechiness,missing_value,
60964,instrumentalness,missing_value,
60964,loudness,missing_value,
60965,valence,outlier_high,1.1555
60971,energy,missing_value,
60982,energy,missing_value,
60983,instrumentalness,missing_value,
60985,tempo,missing_value,
60986,energy,missing_value,
60988,speechiness,missing_value,
60988,valence,missing_value,
60990,danceability,missing_value,
60994,danceability,missing_value,
60994,loudness,missing_value,
60996,energy,missing_value,
60999,liveness,missing_value,
61000,loudness,missing_value,
61001,speechiness,missing_value,
61004,instrumentalness,missing_value,
61008,instrumentalness,missing_value,
61009,instrumentalness,missing_value,
61013,liveness,missing_value,
61015,valence,missing_value,
61020,energy,outlier_low,-0.2797
61021,acousticness,missing_value,
61022,acousticness,missing_value,
61023,loudness,missing_value,
61030,valence,missing_value,
61033,energy,missing_value,
61035,acousticness,missing_value,
61046,valence,missing_value,
61050,danceability,missing_value,
61050,tempo,missing_value,
61051,danceability,outlier_high,1.0750
61055,instrumentalness,missing_value,
61063,instrumentalness,missing_value,
61065,acousticness,missing_value,
61066,valence,missing_value,
61068,valence,missing_value,
61074,loudness,outlier_low,-87.4703
61074,energy,missing_value,
61079,loudness,outlier_low,-74.0990
61080,liveness,missing_value,
61080,energy,missing_value,
61084,valence,missing_value,
61088,valence,missing_value,
61094,liveness,missing_value,
61095,instrumentalness,missing_value,
61095,danceability,missing_value,
61095,liveness,missing_value,
61096,energy,missing_value,
61100,tempo,outlier_low,3.5654
61101,tempo,missing_value,
61102,energy,outlier_high,1.4147
61106,loudness,missing_value,
61106,valence,missing_value,
61111,loudness,missing_value,
61111,danceability,missing_value,
61113,acousticness,missing_value,
61124,valence,missing_value,
61135,valence,missing_value,
61139,acousticness,missing_value,
61141,tempo,missing_value,
61144,tempo,missing_value,
61146,energy,missing_value,
61146,loudness,missing_value,
61149,instrumentalness,missing_value,
61150,loudness,outlier_low,-73.4963
61150,tempo,outlier_low,2.2275
61154,acousticness,missing_value,
61155,speechiness,missing_value,
61159,instrumentalness,missing_value,
61160,instrumentalness,missing_value,
61160,tempo,missing_value,
61165,danceability,missing_value,
61171,liveness,missing_value,
61172,liveness,missing_value,
61173,acousticness,missing_value,
61176,speechiness,missing_value,
61178,speechiness,missing_value,
61184,liveness,missing_value,
61201,speechiness,missing_value,
61202,instrumentalness,missing_value,
61208,danceability,outlier_low,-0.2271
61209,danceability,missing_value,
61212,valence,missing_value,
61213,loudness,missing_value,
61214,tempo,missing_value,
61218,energy,missing_value,
61219,tempo,missing_value,
61220,instrumentalness,missing_value,
61221,acousticness,missing_value,
61225,acousticness,missing_value,
61226,danceability,missing_value,
61229,acousticness,missing_value,
61237,speechiness,missing_value,
61242,danceability,missing_value,
61243,liveness,missing_value,
61248,energy,missing_value,
61253,speechiness,missing_value,
61258,speechiness,missing_value,
61261,tempo,missing_value,
61274,tempo,outlier_low,8.3114
61274,loudness,missing_value,
61275,valence,outlier_high,1.3965
61287,loudness,outlier_high,1.3506
61300,energy,missing_value,
61306,liveness,missing_value,
61309,valence,missing_value,
61309,speechiness,missing_value,
61313,liveness,missing_value,
61319,energy,missing_value,
61338,energy,missing_value,
61345,acousticness,missing_value,
61346,tempo,missing_value,
61349,valence,missing_value,
61352,tempo,outlier_low,6.7673
61354,acousticness,missing_value,
61361,energy,missing_value,
61370,energy,missing_value,
61371,liveness,missing_value,
61371,valence,missing_value,
61371,loudness,missing_value,
61371,instrumentalness,missing_value,
61372,tempo,outlier_high,312.5828
61373,liveness,missing_value,
61377,valence,missing_value,
61378,energy,outlier_high,1.1975
61384,valence,missing_value,
61390,instrumentalness,missing_value,
61399,speechiness,missing_value,
61402,danceability,outlier_high,1.1931
61403,instrumentalness,missing_value,
61405,energy,outlier_low,-0.1866
61411,speechiness,missing_value,
61421,danceability,outlier_high,1.4074
61423,loudness,missing_value,
61423,danceability,missing_value,
61427,energy,outlier_low,-0.0637
61430,acousticness,missing_value,
61432,danceability,missing_value,
61443,energy,outlier_low,-0.1280
61444,tempo,missing_value,
61444,energy,missing_value,
61444,liveness,missing_value,
61446,danceability,outlier_low,-0.0274
61448,acousticness,missing_value,
61450,danceability,missing_value,
61455,speechiness,missing_value,
61455,energy,missing_value,
61458,liveness,missing_value,
61459,loudness,missing_value,
61460,loudness,missing_value,
61474,acousticness,missing_value,
61482,speechiness,missing_value,
61484,danceability,missing_value,
61488,tempo,missing_value,
61493,valence,missing_value,
61494,valence,missing_value,
61495,instrumentalness,missing_value,
61496,loudness,missing_value,
61497,tempo,outlier_low,0.5906
61499,liveness,missing_value,
61500,tempo,missing_value,
61500,valence,missing_value,
61505,energy,missing_value,
61510,valence,missing_value,
61513,acousticness,missing_value,
61515,instrumentalness,missing_value,
61516,energy,missing_value,
61520,tempo,missing_value,
61524,energy,missing_value,
61524,tempo,missing_value,
61534,energy,outlier_high,1.4681
61537,danceability,missing_value,
61537,loudness,missing_value,
61543,acousticness,missing_value,
61543,instrumentalness,missing_value,
61544,loudness,missing_value,
61546,loudness,missing_value,
61548,danceability,missing_value,
61550,valence,missing_value,
61552,danceability,outlier_low,-0.0615
61552,liveness,missing_value,
61556,speechiness,missing_value,
61559,acousticness,missing_value,
61567,tempo,missing_value,
61571,acousticness,missing_value,
61582,energy,missing_value,
61584,instrumentalness,missing_value,
61585,loudness,missing_value,
61587,speechiness,missing_value,
61588,valence,outlier_low,-0.1054
61589,danceability,missing_value,
61591,tempo,missing_value,
61594,liveness,missing_value,
61596,tempo,missing_value,
61602,energy,missing_value,
61609,danceability,outlier_high,1.2748
61614,danceability,outlier_high,1.4838
61614,loudness,outlier_low,-73.7939
61617,instrumentalness,missing_value,
61617,valence,missing_value,
61623,valence,missing_value,
61626,energy,missing_value,
61630,liveness,missing_value,
61630,valence,missing_value,
61635,danceability,missing_value,
61636,acousticness,missing_value,
61638,loudness,missing_value,
61638,liveness,missing_value,
61640,acousticness,missing_value,
61646,valence,missing_value,
61648,energy,missing_value,
61648,tempo,missing_value,
61651,acousticness,missing_value,
61651,valence,missing_value,
61652,instrumentalness,missing_value,
61657,speechiness,missing_value,
61660,loudness,missing_value,
61661,energy,outlier_low,-0.1432
61662,tempo,missing_value,
61666,energy,missing_value,
61667,danceability,missing_value,
61667,valence,outlier_low,-0.2858
61669,loudness,missing_value,
61672,tempo,outlier_low,1.1866
61675,acousticness,missing_value,
61676,instrumentalness,missing_value,
61679,acousticness,missing_value,
61681,valence,outlier_high,1.1894
61683,energy,outlier_high,1.2455
61683,liveness,missing_value,
61687,danceability,missing_value,
61687,instrumentalness,missing_value,
61690,valence,missing_value,
61691,acousticness,missing_value,
61703,valence,missing_value,
61704,tempo,missing_value,
61710,instrumentalness,missing_value,
61713,instrumentalness,missing_value,
61715,loudness,missing_value,
61720,loudness,missing_value,
61721,energy,missing_value,
61733,energy,outlier_low,-0.0627
61735,tempo,missing_value,
61735,liveness,missing_value,
61741,speechiness,missing_value,
61746,danceability,missing_value,
61753,acousticness,missing_value,
61757,valence,missing_value,
61759,instrumentalness,missing_value,
61759,danceability,outlier_low,-0.1176
61760,energy,missing_value,
61764,liveness,missing_value,
61770,valence,missing_value,
61770,energy,missing_value,
61771,tempo,missing_value,
61772,danceability,missing_value,
61778,energy,missing_value,
61780,tempo,missing_value,
61781,loudness,missing_value,
61783,danceability,missing_value,
61783,liveness,missing_value,
61784,tempo,outlier_high,390.4407
61790,valence,outlier_high,1.3098
61792,loudness,missing_value,
61796,energy,missing_value,
61810,liveness,missing_value,
61810,danceability,missing_value,
61812,instrumentalness,missing_value,
61818,instrumentalness,missing_value,
61819,danceability,outlier_low,-0.0345
61826,acousticness,missing_value,
61831,danceability,missing_value,
61831,speechiness,missing_value,
61832,valence,missing_value,
61834,energy,missing_value,
61834,speechiness,missing_value,
61843,danceability,outlier_high,1.0594
61845,instrumentalness,missing_value,
61846,speechiness,missing_value,
61856,liveness,missing_value,
61859,loudness,missing_value,
61864,acousticness,missing_value,
61866,tempo,missing_value,
61867,loudness,outlier_low,-80.0588
61869,valence,missing_value,
61873,energy,missing_value,
61873,instrumentalness,missing_value,
61874,danceability,missing_value,
61876,acousticness,missing_value,
61882,tempo,missing_value,
61887,energy,missing_value,
61888,acousticness,missing_value,
61893,speechiness,missing_value,
61904,loudness,missing_value,
61909,energy,outlier_high,1.3623
61919,energy,missing_value,
61924,energy,outlier_low,-0.1156
61926,valence,missing_value,
61928,loudness,missing_value,
61930,energy,missing_value,
61940,energy,missing_value,
61945,instrumentalness,missing_value,
61949,liveness,missing_value,
61951,liveness,missing_value,
61951,loudness,missing_value,
61953,speechiness,missing_value,
61957,instrumentalness,missing_value,
61959,speechiness,missing_value,
61959,valence,missing_value,
61960,instrumentalness,missing_value,
61963,valence,missing_value,
61964,instrumentalness,missing_value,
61967,energy,missing_value,
61967,valence,missing_value,
61969,valence,missing_value,
61970,tempo,missing_value,
61970,loudness,missing_value,
61971,instrumentalness,missing_value,
61980,valence,missing_value,
61980,acousticness,missing_value,
61983,tempo,missing_value,
61985,loudness,missing_value,
61985,instrumentalness,missing_value,
61986,valence,missing_value,
61986,loudness,missing_value,
61987,tempo,missing_value,
61988,speechiness,missing_value,
61989,acousticness,missing_value,
61990,danceability,missing_value,
61991,loudness,missing_value,
61994,danceability,missing_value,
61999,tempo,missing_value,
62007,tempo,missing_value,
62016,valence,missing_value,
62018,speechiness,missing_value,
62018,liveness,missing_value,
62021,liveness,missing_value,
62025,valence,missing_value,
62025,acousticness,missing_value,
62033,liveness,missing_value,
62037,acousticness,missing_value,
62041,instrumentalness,missing_value,
62047,danceability,missing_value,
62048,energy,missing_value,
62048,danceability,missing_value,
62049,liveness,missing_value,
62062,loudness,missing_value,
62065,tempo,outlier_low,8.5227
62068,energy,missing_value,
62068,acousticness,missing_value,
62070,instrumentalness,missing_value,
62071,liveness,missing_value,
62075,acousticness,missing_value,
62075,danceability,missing_value,
62083,instrumentalness,missing_value,
62086,tempo,missing_value,
62092,instrumentalness,missing_value,
62101,liveness,missing_value,
62109,instrumentalness,missing_value,
62115,speechiness,missing_value,
62115,liveness,missing_value,
62119,liveness,missing_value,
62125,tempo,missing_value,
62126,instrumentalness,missing_value,
62131,liveness,missing_value,
62133,tempo,missing_value,
62139,acousticness,missing_value,
62140,liveness,missing_value,
62147,acousticness,missing_value,
62151,danceability,missing_value,
62154,tempo,missing_value,
62154,valence,outlier_high,1.3931
62156,danceability,missing_value,
62158,danceability,missing_value,
62158,tempo,missing_value,
62158,valence,missing_value,
62160,loudness,outlier_low,-88.2712
62160,valence,missing_value,
62169,acousticness,missing_value,
62179,acousticness,missing_value,
62191,acousticness,missing_value,
62194,valence,missing_value,
62197,energy,missing_value,
62201,liveness,missing_value,
62204,danceability,outlier_high,1.3677
62205,valence,missing_value,
62206,speechiness,missing_value,
62211,speechiness,missing_value,
62214,acousticness,missing_value,
62215,tempo,missing_value,
62217,acousticness,missing_value,
62227,valence,missing_value,
62231,loudness,missing_value,
62241,danceability,missing_value,
62242,danceability,missing_value,
62248,loudness,missing_value,
62249,tempo,missing_value,
62252,energy,missing_value,
62253,danceability,missing_value,
62253,energy,missing_value,
62258,liveness,missing_value,
62260,speechiness,missing_value,
62266,energy,outlier_high,1.1953
62294,tempo,outlier_low,9.7228
62300,liveness,missing_value,
62300,acousticness,missing_value,
62304,loudness,outlier_low,-85.6765
62305,energy,missing_value,
62307,acousticness,missing_value,
62313,liveness,missing_value,
62317,energy,outlier_low,-0.0803
62322,valence,missing_value,
62324,danceability,missing_value,
62324,energy,missing_value,
62329,loudness,outlier_high,5.5397
62329,liveness,missing_value,
62331,speechiness,missing_value,
62336,loudness,missing_value,
62342,acousticness,missing_value,
62343,tempo,missing_value,
62344,speechiness,missing_value,
62350,tempo,missing_value,
62351,speechiness,missing_value,
62351,energy,missing_value,
62353,danceability,missing_value,
62354,instrumentalness,missing_value,
62357,speechiness,missing_value,
62358,instrumentalness,missing_value,
62360,loudness,missing_value,
62362,liveness,missing_value,
62363,speechiness,missing_value,
62365,instrumentalness,missing_value,
62366,danceability,missing_value,
62371,tempo,missing_value,
62373,acousticness,missing_value,
62377,danceability,missing_value,
62384,instrumentalness,missing_value,
62386,valence,missing_value,
62389,loudness,outlier_high,5.1308
62391,energy,missing_value,
62394,valence,missing_value,
62397,loudness,missing_value,
62404,tempo,missing_value,
62406,danceability,missing_value,
62415,loudness,missing_value,
62419,tempo,missing_value,
62425,energy,outlier_high,1.3237
62432,energy,missing_value,
62434,speechiness,missing_value,
62435,acousticness,missing_value,
62440,loudness,missing_value,
62442,liveness,missing_value,
62448,tempo,missing_value,
62451,danceability,missing_value,
62453,valence,missing_value,
62454,speechiness,missing_value,
62455,speechiness,missing_value,
62463,instrumentalness,missing_value,
62463,liveness,missing_value,
62472,loudness,missing_value,
62478,loudness,outlier_low,-82.1629
62478,valence,missing_value,
62480,tempo,missing_value,
62481,tempo,missing_value,
62482,instrumentalness,missing_value,
62493,tempo,outlier_low,3.8533
62494,valence,missing_value,
62500,energy,outlier_low,-0.0393
62501,instrumentalness,missing_value,
62503,instrumentalness,missing_value,
62504,liveness,missing_value,
62508,loudness,missing_value,
62514,valence,outlier_low,-0.1555
62517,danceability,missing_value,
62518,speechiness,missing_value,
62519,energy,missing_value,
62521,tempo,missing_value,
62528,tempo,missing_value,
62532,speechiness,missing_value,
62537,danceability,missing_value,
62539,speechiness,missing_value,
62542,instrumentalness,missing_value,
62544,loudness,missing_value,
62547,instrumentalness,missing_value,
62548,speechiness,missing_value,
62550,loudness,missing_value,
62554,valence,outlier_high,1.3969
62555,tempo,missing_value,
62558,tempo,missing_value,
62560,tempo,missing_value,
62576,tempo,outlier_low,10.6397
62577,tempo,missing_value,
62577,acousticness,missing_value,
62578,acousticness,missing_value,
62579,danceability,outlier_low,-0.1202
62585,loudness,missing_value,
62585,valence,outlier_high,1.3807
62587,energy,missing_value,
62591,energy,missing_value,
62593,danceability,missing_value,
62601,speechiness,missing_value,
62605,loudness,missing_value,
62606,tempo,missing_value,
62609,instrumentalness,missing_value,
62612,loudness,missing_value,
62613,instrumentalness,missing_value,
62615,acousticness,missing_value,
62616,liveness,missing_value,
62619,acousticness,missing_value,
62626,loudness,missing_value,
62629,speechiness,missing_value,
62634,valence,missing_value,
62635,tempo,missing_value,
62637,speechiness,missing_value,
62638,energy,missing_value,
62641,tempo,missing_value,
62649,valence,missing_value,
62654,instrumentalness,missing_value,
62657,acousticness,missing_value,
62663,tempo,missing_value,
62674,acousticness,missing_value,
62677,liveness,missing_value,
62680,acousticness,missing_value,
62682,liveness,missing_value,
62687,danceability,missing_value,
62689,instrumentalness,missing_value,
62693,valence,outlier_high,1.0837
62695,valence,missing_value,
62705,speechiness,missing_value,
62709,tempo,missing_value,
62714,tempo,missing_value,
62714,instrumentalness,missing_value,
62717,energy,outlier_high,1.1182
62733,acousticness,missing_value,
62733,instrumentalness,missing_value,
62742,instrumentalness,missing_value,
62742,energy,missing_value,
62744,loudness,missing_value,
62746,acousticness,missing_value,
62749,speechiness,missing_value,
62751,acousticness,missing_value,
62757,valence,missing_value,
62761,liveness,missing_value,
62762,valence,outlier_high,1.3033
62763,loudness,missing_value,
62769,acousticness,missing_value,
62770,speechiness,missing_value,
62773,acousticness,missing_value,
62773,loudness,missing_value,
62774,valence,missing_value,
62778,danceability,missing_value,
62779,instrumentalness,missing_value,
62780,energy,missing_value,
62784,tempo,missing_value,
62789,energy,missing_value,
62803,tempo,missing_value,
62804,tempo,outlier_high,359.5405
62806,tempo,missing_value,
62808,loudness,outlier_high,3.0801
62809,tempo,missing_value,
62816,energy,missing_value,
62819,energy,missing_value,
62819,danceability,missing_value,
62822,acousticness,missing_value,
62823,danceability,missing_value,
62833,danceability,missing_value,
62833,energy,missing_value,
62835,energy,missing_value,
62837,acousticness,missing_value,
62839,valence,missing_value,
62860,danceability,missing_value,
62869,acousticness,missing_value,
62872,liveness,missing_value,
62874,tempo,missing_value,
62878,loudness,missing_value,
62882,loudness,missing_value,
62883,loudness,missing_value,
62883,instrumentalness,missing_value,
62886,loudness,missing_value,
62886,speechiness,missing_value,
62897,loudness,missing_value,
62898,acousticness,missing_value,
62911,liveness,missing_value,
62915,instrumentalness,missing_value,
62915,speechiness,missing_value,
62923,valence,missing_value,
62927,speechiness,missing_value,
62931,valence,missing_value,
62932,valence,missing_value,
62932,tempo,missing_value,
62933,energy,missing_value,
62936,danceability,missing_value,
62936,tempo,missing_value,
62942,valence,outlier_high,1.2277
62944,danceability,outlier_low,-0.2930
62948,danceability,missing_value,
62948,valence,missing_value,
62956,speechiness,missing_value,
62966,instrumentalness,missing_value,
62967,acousticness,missing_value,
62968,loudness,missing_value,
62973,liveness,missing_value,
62975,danceability,missing_value,
62981,loudness,missing_value,
62984,liveness,missing_value,
62984,danceability,missing_value,
62988,energy,missing_value,
62994,danceability,missing_value,
63007,loudness,outlier_low,-73.3137
63010,loudness,outlier_low,-81.5880
63011,tempo,missing_value,
63015,tempo,missing_value,
63015,loudness,missing_value,
63017,loudness,missing_value,
63019,acousticness,missing_value,
63030,energy,outlier_high,1.1229
63030,tempo,missing_value,
63037,speechiness,missing_value,
63037,valence,missing_value,
63041,danceability,missing_value,
63041,tempo,missing_value,
63044,acousticness,missing_value,
63046,instrumentalness,missing_value,
63047,danceability,outlier_low,-0.0634
63048,tempo,missing_value,
63051,liveness,missing_value,
63052,energy,missing_value,
63059,instrumentalness,missing_value,
63059,danceability,outlier_low,-0.0542
63061,energy,outlier_low,-0.1963
63068,loudness,outlier_high,6.9985
63072,liveness,missing_value,
63073,energy,missing_value,
63074,acousticness,missing_value,
63079,acousticness,missing_value,
63081,instrumentalness,missing_value,
63094,loudness,missing_value,
63095,valence,missing_value,
63100,acousticness,missing_value,
63102,loudness,missing_value,
63108,energy,missing_value,
63110,acousticness,missing_value,
63110,valence,missing_value,
63111,valence,missing_value,
63113,acousticness,missing_value,
63113,valence,missing_value,
63114,valence,outlier_low,-0.2346
63115,energy,missing_value,
63127,speechiness,missing_value,
63130,loudness,missing_value,
63130,valence,outlier_low,-0.1642
63131,instrumentalness,missing_value,
63137,loudness,missing_value,
63138,loudness,missing_value,
63143,tempo,missing_value,
63149,acousticness,missing_value,
63152,energy,outlier_low,-0.2277
63159,energy,missing_value,
63164,speechiness,missing_value,
63167,valence,outlier_high,1.3098
63170,speechiness,missing_value,
63172,loudness,outlier_high,6.1652
63172,instrumentalness,missing_value,
63180,valence,missing_value,
63186,instrumentalness,missing_value,
63189,speechiness,missing_value,
63191,liveness,missing_value,
63192,tempo,missing_value,
63192,loudness,missing_value,
63195,energy,missing_value,
63196,acousticness,missing_value,
63199,speechiness,missing_value,
63199,loudness,missing_value,
63202,valence,missing_value,
63203,valence,missing_value,
63204,danceability,missing_value,
63207,valence,missing_value,
63207,loudness,missing_value,
63210,speechiness,missing_value,
63211,energy,missing_value,
63215,speechiness,missing_value,
63216,tempo,missing_value,
63218,tempo,missing_value,
63220,valence,outlier_high,1.3687
63223,acousticness,missing_value,
63228,loudness,missing_value,
63230,valence,missing_value,
63236,valence,outlier_high,1.0925
63240,energy,missing_value,
63245,danceability,missing_value,
63255,danceability,missing_value,
63264,valence,missing_value,
63265,tempo,missing_value,
63265,energy,outlier_low,-0.1898
63276,acousticness,missing_value,
63276,danceability,missing_value,
63279,liveness,missing_value,
63289,valence,missing_value,
63294,tempo,missing_value,
63294,loudness,missing_value,
63295,instrumentalness,missing_value,
63300,speechiness,missing_value,
63306,acousticness,missing_value,
63307,energy,missing_value,
63319,loudness,missing_value,
63322,energy,outlier_low,-0.2478
63326,speechiness,missing_value,
63328,tempo,missing_value,
63330,danceability,missing_value,
63332,energy,outlier_low,-0.0815
63332,instrumentalness,missing_value,
63334,danceability,missing_value,
63337,instrumentalness,missing_value,
63343,danceability,missing_value,
63347,danceability,missing_value,
63350,valence,missing_value,
63350,speechiness,missing_value,
63352,instrumentalness,missing_value,
63361,tempo,outlier_low,8.7331
63362,loudness,missing_value,
63372,speechiness,missing_value,
63378,acousticness,missing_value,
63383,danceability,missing_value,
63385,energy,missing_value,
63386,loudness,missing_value,
63388,acousticness,missing_value,
63389,energy,outlier_high,1.0578
63389,liveness,missing_value,
63390,speechiness,missing_value,
63392,speechiness,missing_value,
63396,speechiness,missing_value,
63400,instrumentalness,missing_value,
63406,energy,missing_value,
63409,energy,missing_value,
63413,loudness,missing_value,
63421,energy,missing_value,
63421,valence,missing_value,
63422,speechiness,missing_value,
63422,liveness,missing_value,
63426,instrumentalness,missing_value,
63435,liveness,missing_value,
63436,instrumentalness,missing_value,
63436,acousticness,missing_value,
63439,valence,outlier_high,1.3332
63441,danceability,outlier_high,1.3456
63444,valence,outlier_low,-0.2592
63448,liveness,missing_value,
63450,danceability,missing_value,
63453,valence,missing_value,
63460,speechiness,missing_value,
63464,valence,outlier_low,-0.1934
63465,speechiness,missing_value,
63467,energy,missing_value,
63471,liveness,missing_value,
63474,tempo,missing_value,
63474,liveness,missing_value,
63475,loudness,missing_value,
63477,energy,missing_value,
63479,loudness,missing_value,
63484,loudness,outlier_low,-82.7417
63492,acousticness,missing_value,
63492,loudness,missing_value,
63494,energy,missing_value,
63496,tempo,missing_value,
63504,valence,missing_value,
63509,loudness,missing_value,
63513,tempo,missing_value,
63514,acousticness,missing_value,
63514,tempo,missing_value,
63518,tempo,missing_value,
63527,valence,missing_value,
63532,tempo,missing_value,
63535,acousticness,missing_value,
63536,valence,missing_value,
63543,tempo,outlier_low,11.8818
63544,danceability,missing_value,
63546,danceability,missing_value,
63552,danceability,missing_value,
63556,valence,missing_value,
63558,danceability,missing_value,
63564,valence,outlier_low,-0.0513
63566,liveness,missing_value,
63570,tempo,missing_value,
63570,energy,missing_value,
63573,instrumentalness,missing_value,
63576,speechiness,missing_value,
63578,loudness,missing_value,
63581,acousticness,missing_value,
63581,energy,outlier_high,1.3619
63587,danceability,missing_value,
63592,valence,missing_value,
63596,acousticness,missing_value,
63598,instrumentalness,missing_value,
63598,tempo,missing_value,
63600,valence,missing_value,
63605,energy,missing_value,
63610,danceability,missing_value,
63610,tempo,missing_value,
63610,liveness,missing_value,
63612,liveness,missing_value,
63616,tempo,missing_value,
63620,energy,missing_value,
63626,instrumentalness,missing_value,
63628,danceability,missing_value,
63628,speechiness,missing_value,
63631,loudness,missing_value,
63636,energy,outlier_low,-0.2089
63648,valence,outlier_low,-0.0302
63649,tempo,missing_value,
63652,speechiness,missing_value,
63652,valence,missing_value,
63663,speechiness,missing_value,
63672,liveness,missing_value,
63676,tempo,missing_value,
63676,loudness,outlier_high,7.0132
63680,energy,missing_value,
63681,loudness,missing_value,
63681,valence,missing_value,
63682,instrumentalness,missing_value,
63682,acousticness,missing_value,
63686,danceability,missing_value,
63688,valence,missing_value,
63697,liveness,missing_value,
63697,valence,outlier_low,-0.0818
63706,tempo,missing_value,
63707,danceability,missing_value,
63709,loudness,missing_value,
63712,tempo,missing_value,
63712,energy,missing_value,
63713,tempo,missing_value,
63717,speechiness,missing_value,
63719,danceability,missing_value,
63735,danceability,missing_value,
63737,energy,missing_value,
63741,acousticness,missing_value,
63744,loudness,missing_value,
63748,speechiness,missing_value,
63754,energy,outlier_low,-0.1200
63755,valence,missing_value,
63757,instrumentalness,missing_value,
63759,liveness,missing_value,
63762,tempo,missing_value,
63765,loudness,missing_value,
63767,liveness,missing_value,
63768,energy,missing_value,
63774,valence,outlier_low,-0.2937
63774,danceability,outlier_low,-0.0188
63778,danceability,missing_value,
63782,danceability,outlier_high,1.1523
63784,instrumentalness,missing_value,
63785,speechiness,missing_value,
63795,tempo,missing_value,
63799,valence,missing_value,
63801,acousticness,missing_value,
63801,liveness,missing_value,
63803,valence,outlier_high,1.3540
63804,instrumentalness,missing_value,
63810,danceability,missing_value,
63816,tempo,missing_value,
63818,energy,missing_value,
63819,danceability,missing_value,
63821,loudness,missing_value,
63821,acousticness,missing_value,
63822,loudness,outlier_high,5.8021
63831,loudness,missing_value,
63831,valence,missing_value,
63831,tempo,missing_value,
63833,danceability,missing_value,
63834,liveness,missing_value,
63841,tempo,missing_value,
63843,loudness,outlier_low,-84.4235
63845,energy,missing_value,
63846,valence,missing_value,
63847,speechiness,missing_value,
63848,instrumentalness,missing_value,
63853,loudness,missing_value,
63856,liveness,missing_value,
63860,danceability,missing_value,
63860,tempo,missing_value,
63861,speechiness,missing_value,
63861,instrumentalness,missing_value,
63867,instrumentalness,missing_value,
63874,valence,missing_value,
63878,loudness,missing_value,
63883,loudness,missing_value,
63884,valence,missing_value,
63885,loudness,missing_value,
63890,acousticness,missing_value,
63891,loudness,missing_value,
63899,acousticness,missing_value,
63899,danceability,missing_value,
63899,instrumentalness,missing_value,
63901,valence,missing_value,
63902,valence,missing_value,
63902,liveness,missing_value,
63905,energy,missing_value,
63908,instrumentalness,missing_value,
63909,loudness,missing_value,
63915,tempo,missing_value,
63918,instrumentalness,missing_value,
63923,danceability,missing_value,
63927,instrumentalness,missing_value,
63927,loudness,missing_value,
63927,tempo,missing_value,
63931,energy,missing_value,
63931,liveness,missing_value,
63931,danceability,missing_value,
63933,instrumentalness,missing_value,
63934,liveness,missing_value,
63938,loudness,outlier_low,-82.0035
63940,energy,outlier_low,-0.0708
63946,liveness,missing_value,
63952,instrumentalness,missing_value,
63959,energy,missing_value,
63960,tempo,missing_value,
63962,tempo,missing_value,
63966,danceability,missing_value,
63968,energy,missing_value,
63969,liveness,missing_value,
63970,speechiness,missing_value,
63973,danceability,missing_value,
63973,loudness,outlier_high,6.5955
63977,tempo,missing_value,
63985,acousticness,missing_value,
63986,acousticness,missing_value,
63990,valence,missing_value,
63994,energy,missing_value,
63996,energy,missing_value,
63998,liveness,missing_value,
64002,acousticness,missing_value,
64004,speechiness,missing_value,
64011,liveness,missing_value,
64013,tempo,missing_value,
64028,energy,missing_value,
64032,valence,missing_value,
64040,speechiness,missing_value,
64040,energy,missing_value,
64041,tempo,missing_value,
64045,instrumentalness,missing_value,
64048,danceability,outlier_high,1.1096
64052,danceability,missing_value,
64054,acousticness,missing_value,
64054,danceability,missing_value,
64062,tempo,missing_value,
64064,tempo,missing_value,
64065,liveness,missing_value,
64066,energy,missing_value,
64066,loudness,missing_value,
64069,instrumentalness,missing_value,
64072,loudness,missing_value,
64073,loudness,missing_value,
64074,tempo,missing_value,
64077,tempo,outlier_high,382.8377
64078,loudness,missing_value,
64082,liveness,missing_value,
64082,speechiness,missing_value,
64087,speechiness,missing_value,
64088,danceability,missing_value,
64090,instrumentalness,missing_value,
64094,loudness,missing_value,
64094,danceability,outlier_high,1.1998
64094,instrumentalness,missing_value,
64110,tempo,outlier_low,8.9059
64121,energy,outlier_low,-0.2674
64122,instrumentalness,missing_value,
64122,valence,missing_value,
64126,speechiness,missing_value,
64131,liveness,missing_value,
64131,speechiness,missing_value,
64135,tempo,missing_value,
64136,acousticness,missing_value,
64137,liveness,missing_value,
64144,speechiness,missing_value,
64146,tempo,missing_value,
64147,speechiness,missing_value,
64153,tempo,missing_value,
64155,tempo,missing_value,
64159,loudness,missing_value,
64167,tempo,missing_value,
64168,energy,missing_value,
64169,acousticness,missing_value,
64170,danceability,missing_value,
64175,liveness,missing_value,
64178,danceability,outlier_high,1.4381
64181,danceability,missing_value,
64181,instrumentalness,missing_value,
64192,valence,missing_value,
64193,danceability,missing_value,
64195,instrumentalness,missing_value,
64204,instrumentalness,missing_value,
64210,loudness,missing_value,
64210,acousticness,missing_value,
64211,tempo,missing_value,
64212,speechiness,missing_value,
64212,loudness,outlier_high,5.9057
64213,danceability,outlier_low,-0.1830
64216,speechiness,missing_value,
64219,liveness,missing_value,
64228,loudness,outlier_low,-72.5192
64230,valence,missing_value,
64233,tempo,outlier_low,10.7262
64237,instrumentalness,missing_value,
64243,speechiness,missing_value,
64247,instrumentalness,missing_value,
64251,tempo,missing_value,
64253,energy,missing_value,
64259,speechiness,missing_value,
64266,tempo,missing_value,
64269,energy,missing_value,
64270,energy,missing_value,
64275,loudness,missing_value,
64276,liveness,missing_value,
64279,loudness,missing_value,
64280,tempo,missing_value,
64280,danceability,missing_value,
64283,danceability,missing_value,
64286,speechiness,missing_value,
64302,speechiness,missing_value,
64306,instrumentalness,missing_value,
64307,danceability,missing_value,
64309,tempo,missing_value,
64309,danceability,missing_value,
64310,valence,missing_value,
64314,tempo,missing_value,
64315,acousticness,missing_value,
64319,tempo,missing_value,
64324,loudness,missing_value,
64343,loudness,missing_value,
64344,loudness,missing_value,
64348,energy,missing_value,
64350,liveness,missing_value,
64353,liveness,missing_value,
64359,energy,missing_value,
64359,valence,missing_value,
64363,energy,missing_value,
64363,danceability,missing_value,
64364,danceability,missing_value,
64367,energy,missing_value,
64367,danceability,missing_value,
64368,danceability,outlier_high,1.0769
64369,instrumentalness,missing_value,
64369,energy,outlier_high,1.2366
64373,instrumentalness,missing_value,
64387,danceability,missing_value,
64389,tempo,missing_value,
64390,danceability,outlier_high,1.3851
64395,loudness,missing_value,
64396,liveness,missing_value,
64397,valence,missing_value,
64397,instrumentalness,missing_value,
64404,valence,missing_value,
64408,valence,outlier_low,-0.1247
64413,acousticness,missing_value,
64414,tempo,outlier_low,6.6581
64415,instrumentalness,missing_value,
64419,valence,missing_value,
64423,tempo,outlier_low,5.1361
64426,tempo,missing_value,
64430,instrumentalness,missing_value,
64432,acousticness,missing_value,
64436,acousticness,missing_value,
64442,speechiness,missing_value,
64447,tempo,missing_value,
64447,liveness,missing_value,
64448,liveness,missing_value,
64448,speechiness,missing_value,
64449,instrumentalness,missing_value,
64458,valence,missing_value,
64460,danceability,missing_value,
64462,liveness,missing_value,
64462,acousticness,missing_value,
64473,speechiness,missing_value,
64477,danceability,missing_value,
64482,danceability,outlier_low,-0.0502
64490,instrumentalness,missing_value,
64495,liveness,missing_value,
64516,speechiness,missing_value,
64522,tempo,missing_value,
64523,tempo,missing_value,
64528,loudness,missing_value,
64528,valence,missing_value,
64533,energy,missing_value,
64535,valence,missing_value,
64537,danceability,missing_value,
64539,danceability,missing_value,
64540,liveness,missing_value,
64542,loudness,missing_value,
64546,speechiness,missing_value,
64551,danceability,missing_value,
64552,tempo,missing_value,
64553,valence,missing_value,
64556,loudness,outlier_high,6.7378
64558,tempo,missing_value,
64571,valence,missing_value,
64579,acousticness,missing_value,
64584,liveness,missing_value,
64592,danceability,outlier_low,-0.1128
64593,liveness,missing_value,
64593,loudness,missing_value,
64595,speechiness,missing_value,
64598,danceability,missing_value,
64598,loudness,missing_value,
64602,acousticness,missing_value,
64604,valence,missing_value,
64611,danceability,missing_value,
64615,loudness,outlier_high,5.6126
64619,instrumentalness,missing_value,
64619,energy,outlier_high,1.2365
64619,danceability,missing_value,
64620,speechiness,missing_value,
64625,speechiness,missing_value,
64633,danceability,missing_value,
64634,loudness,outlier_low,-79.5289
64636,loudness,missing_value,
64636,tempo,missing_value,
64639,loudness,outlier_low,-81.1648
64639,liveness,missing_value,
64641,danceability,outlier_low,-0.1428
64643,liveness,missing_value,
64646,valence,missing_value,
64649,danceability,missing_value,
64655,danceability,missing_value,
64657,energy,missing_value,
64667,speechiness,missing_value,
64669,energy,missing_value,
64672,tempo,missing_value,
64673,energy,missing_value,
64677,danceability,missing_value,
64678,speechiness,missing_value,
64679,speechiness,missing_value,
64680,acousticness,missing_value,
64681,acousticness,missing_value,
64682,danceability,missing_value,
64683,tempo,missing_value,
64688,speechiness,missing_value,
64689,valence,missing_value,
64694,energy,missing_value,
64695,acousticness,missing_value,
64704,valence,missing_value,
64710,liveness,missing_value,
64713,valence,missing_value,
64717,danceability,outlier_high,1.0628
64723,instrumentalness,missing_value,
64723,tempo,missing_value,
64724,speechiness,missing_value,
64726,instrumentalness,missing_value,
64729,valence,missing_value,
64734,tempo,missing_value,
64740,speechiness,missing_value,
64742,liveness,missing_value,
64743,tempo,missing_value,
64747,tempo,missing_value,
64752,acousticness,missing_value,
64757,liveness,missing_value,
64761,danceability,missing_value,
64766,speechiness,missing_value,
64766,energy,missing_value,
64767,valence,missing_value,
64782,valence,missing_value,
64785,tempo,missing_value,
64787,energy,missing_value,
64801,speechiness,missing_value,
64802,acousticness,missing_value,
64806,danceability,missing_value,
64813,acousticness,missing_value,
64820,tempo,missing_value,
64820,speechiness,missing_value,
64821,tempo,missing_value,
64824,instrumentalness,missing_value,
64827,tempo,missing_value,
64829,danceability,missing_value,
64832,energy,missing_value,
64833,liveness,missing_value,
64836,acousticness,missing_value,
64839,energy,missing_value,
64843,instrumentalness,missing_value,
64844,loudness,missing_value,
64850,instrumentalness,missing_value,
64855,energy,missing_value,
64856,speechiness,missing_value,
64860,valence,missing_value,
64861,acousticness,missing_value,
64861,danceability,missing_value,
64862,liveness,missing_value,
64865,speechiness,missing_value,
64871,loudness,missing_value,
64876,liveness,missing_value,
64879,instrumentalness,missing_value,
64881,danceability,missing_value,
64881,speechiness,missing_value,
64881,tempo,missing_value,
64882,valence,missing_value,
64888,speechiness,missing_value,
64890,valence,missing_value,
64890,danceability,missing_value,
64895,danceability,missing_value,
64896,speechiness,missing_value,
64897,acousticness,missing_value,
64897,loudness,missing_value,
64899,acousticness,missing_value,
64906,valence,missing_value,
64920,danceability,missing_value,
64921,danceability,missing_value,
64933,valence,missing_value,
64941,speechiness,missing_value,
64944,acousticness,missing_value,
64946,tempo,outlier_low,13.6017
64951,tempo,missing_value,
64954,valence,outlier_high,1.2544
64955,tempo,missing_value,
64960,energy,missing_value,
64961,tempo,outlier_high,390.3651
64961,energy,missing_value,
64968,energy,missing_value,
64969,loudness,outlier_high,5.1512
64972,tempo,outlier_low,1.5909
64973,liveness,missing_value,
64973,energy,missing_value,
64976,liveness,missing_value,
64976,acousticness,missing_value,
64979,speechiness,missing_value,
64979,danceability,missing_value,
64982,liveness,missing_value,
64983,energy,missing_value,
64983,instrumentalness,missing_value,
64985,danceability,missing_value,
64988,loudness,missing_value,
64991,loudness,missing_value,
64996,liveness,missing_value,
64997,liveness,missing_value,
64998,acousticness,missing_value,
64999,tempo,missing_value,
65000,energy,missing_value,
65002,energy,missing_value,
65002,tempo,missing_value,
65003,energy,missing_value,
65005,speechiness,missing_value,
65008,speechiness,missing_value,
65011,energy,missing_value,
65018,loudness,missing_value,
65018,valence,outlier_high,1.2460
65019,speechiness,missing_value,
65021,valence,missing_value,
65022,loudness,outlier_low,-81.4153
65023,loudness,missing_value,
65027,liveness,missing_value,
65029,danceability,missing_value,
65032,tempo,missing_value,
65034,loudness,missing_value,
65038,speechiness,missing_value,
65038,acousticness,missing_value,
65038,liveness,missing_value,
65045,valence,missing_value,
65051,danceability,missing_value,
65052,energy,missing_value,
65054,energy,missing_value,
65056,tempo,missing_value,
65057,danceability,missing_value,
65059,danceability,outlier_high,1.4424
65061,acousticness,missing_value,
65070,speechiness,missing_value,
65072,tempo,missing_value,
65073,valence,missing_value,
65079,acousticness,missing_value,
65084,valence,missing_value,
65099,acousticness,missing_value,
65104,danceability,missing_value,
65113,acousticness,missing_value,
65119,valence,missing_value,
65132,valence,missing_value,
65138,danceability,missing_value,
65145,instrumentalness,missing_value,
65146,tempo,missing_value,
65147,tempo,missing_value,
65149,speechiness,missing_value,
65152,instrumentalness,missing_value,
65153,danceability,missing_value,
65153,loudness,missing_value,
65159,liveness,missing_value,
65164,energy,missing_value,
65171,valence,missing_value,
65173,energy,missing_value,
65175,liveness,missing_value,
65185,acousticness,missing_value,
65186,tempo,outlier_low,5.0410
65190,instrumentalness,missing_value,
65191,energy,missing_value,
65191,loudness,missing_value,
65193,danceability,missing_value,
65195,liveness,missing_value,
65196,acousticness,missing_value,
65197,tempo,missing_value,
65201,loudness,missing_value,
65204,acousticness,missing_value,
65205,acousticness,missing_value,
65209,tempo,missing_value,
65212,loudness,missing_value,
65218,instrumentalness,missing_value,
65221,instrumentalness,missing_value,
65222,danceability,missing_value,
65228,speechiness,missing_value,
65235,acousticness,missing_value,
65235,speechiness,missing_value,
65247,loudness,missing_value,
65253,speechiness,missing_value,
65258,tempo,missing_value,
65263,loudness,missing_value,
65264,danceability,missing_value,
65271,loudness,outlier_low,-71.8808
65271,energy,missing_value,
65278,liveness,missing_value,
65279,tempo,missing_value,
65283,liveness,missing_value,
65286,speechiness,missing_value,
65305,instrumentalness,missing_value,
65306,acousticness,missing_value,
65307,valence,missing_value,
65310,tempo,missing_value,
65315,acousticness,missing_value,
65317,energy,missing_value,
65317,danceability,missing_value,
65319,valence,missing_value,
65326,acousticness,missing_value,
65330,loudness,missing_value,
65331,energy,missing_value,
65333,acousticness,missing_value,
65335,loudness,outlier_high,6.5004
65341,speechiness,missing_value,
65348,speechiness,missing_value,
65350,speechiness,missing_value,
65352,tempo,outlier_high,336.7121
65353,valence,missing_value,
65353,loudness,missing_value,
65360,tempo,missing_value,
65370,acousticness,missing_value,
65371,danceability,outlier_high,1.1872
65372,tempo,outlier_high,419.1706
65373,loudness,missing_value,
65379,tempo,missing_value,
65381,instrumentalness,missing_value,
65381,acousticness,missing_value,
65383,speechiness,missing_value,
65394,loudness,outlier_low,-81.4112
65395,acousticness,missing_value,
65396,energy,missing_value,
65397,liveness,missing_value,
65401,energy,missing_value,
65402,liveness,missing_value,
65406,acousticness,missing_value,
65410,energy,missing_value,
65415,loudness,missing_value,
65420,liveness,missing_value,
65421,acousticness,missing_value,
65423,loudness,missing_value,
65424,liveness,missing_value,
65429,acousticness,missing_value,
65433,valence,outlier_low,-0.2798
65436,instrumentalness,missing_value,
65447,valence,missing_value,
65447,danceability,missing_value,
65448,energy,missing_value,
65451,acousticness,missing_value,
65453,liveness,missing_value,
65455,loudness,missing_value,
65457,loudness,missing_value,
65458,danceability,missing_value,
65465,instrumentalness,missing_value,
65466,instrumentalness,missing_value,
65477,instrumentalness,missing_value,
65479,tempo,missing_value,
65484,danceability,missing_value,
65485,liveness,missing_value,
65491,tempo,missing_value,
65491,speechiness,missing_value,
65493,loudness,missing_value,
65496,valence,missing_value,
65497,energy,missing_value,
65505,speechiness,missing_value,
65507,loudness,missing_value,
65508,instrumentalness,missing_value,
65508,loudness,missing_value,
65510,tempo,missing_value,
65522,valence,missing_value,
65523,danceability,missing_value,
65525,liveness,missing_value,
65526,tempo,outlier_high,377.7400
65527,speechiness,missing_value,
65529,acousticness,missing_value,
65530,speechiness,missing_value,
65531,danceability,missing_value,
65538,danceability,outlier_high,1.4598
65539,energy,outlier_high,1.1516
65541,instrumentalness,missing_value,
65543,speechiness,missing_value,
65544,instrumentalness,missing_value,
65544,loudness,outlier_low,-86.3379
65546,loudness,missing_value,
65549,energy,missing_value,
65556,instrumentalness,missing_value,
65556,valence,missing_value,
65559,danceability,missing_value,
65560,valence,missing_value,
65561,danceability,missing_value,
65562,loudness,missing_value,
65564,danceability,outlier_low,-0.1747
65567,energy,outlier_high,1.3792
65569,instrumentalness,missing_value,
65577,speechiness,missing_value,
65579,speechiness,missing_value,
65579,liveness,missing_value,
65585,instrumentalness,missing_value,
65588,loudness,missing_value,
65592,acousticness,missing_value,
65593,valence,missing_value,
65602,loudness,missing_value,
65603,loudness,missing_value,
65606,loudness,missing_value,
65606,valence,missing_value,
65622,liveness,missing_value,
65625,valence,missing_value,
65630,acousticness,missing_value,
65631,instrumentalness,missing_value,
65640,danceability,missing_value,
65641,tempo,outlier_high,333.0218
65641,danceability,outlier_low,-0.0691
65647,speechiness,missing_value,
65649,energy,missing_value,
65649,speechiness,missing_value,
65651,danceability,missing_value,
65652,tempo,missing_value,
65662,loudness,outlier_high,1.6548
65663,valence,missing_value,
65667,acousticness,missing_value,
65671,danceability,missing_value,
65672,danceability,missing_value,
65676,tempo,missing_value,
65676,loudness,missing_value,
65680,liveness,missing_value,
65682,speechiness,missing_value,
65683,tempo,outlier_high,315.9890
65685,danceability,missing_value,
65686,tempo,missing_value,
65687,tempo,missing_value,
65690,danceability,missing_value,
65695,instrumentalness,missing_value,
65696,tempo,missing_value,
65701,speechiness,missing_value,
65702,instrumentalness,missing_value,
65705,tempo,outlier_high,419.1700
65714,liveness,missing_value,
65714,speechiness,missing_value,
65724,instrumentalness,missing_value,
65733,tempo,outlier_low,14.3063
65733,liveness,missing_value,
65754,loudness,missing_value,
65761,instrumentalness,missing_value,
65771,danceability,missing_value,
65774,liveness,missing_value,
65775,acousticness,missing_value,
65784,valence,missing_value,
65786,danceability,missing_value,
65787,speechiness,missing_value,
65791,instrumentalness,missing_value,
65792,loudness,missing_value,
65792,liveness,missing_value,
65793,valence,missing_value,
65795,speechiness,missing_value,
65795,danceability,missing_value,
65802,speechiness,missing_value,
65806,instrumentalness,missing_value,
65807,danceability,missing_value,
65814,tempo,missing_value,
65817,acousticness,missing_value,
65819,instrumentalness,missing_value,
65820,energy,missing_value,
65821,acousticness,missing_value,
65826,loudness,missing_value,
65830,liveness,missing_value,
65832,speechiness,missing_value,
65833,loudness,missing_value,
65847,instrumentalness,missing_value,
65854,danceability,outlier_low,-0.1463
65854,speechiness,missing_value,
65858,loudness,missing_value,
65860,tempo,outlier_low,1.0098
65861,loudness,missing_value,
65875,valence,missing_value,
65877,speechiness,missing_value,
65878,acousticness,missing_value,
65885,liveness,missing_value,
65887,speechiness,missing_value,
65894,valence,missing_value,
65895,loudness,missing_value,
65897,loudness,missing_value,
65898,tempo,missing_value,
65898,loudness,missing_value,
65899,tempo,missing_value,
65902,energy,outlier_high,1.1208
65904,danceability,missing_value,
65909,energy,missing_value,
65911,liveness,missing_value,
65913,instrumentalness,missing_value,
65914,danceability,missing_value,
65919,valence,missing_value,
65925,valence,outlier_low,-0.0212
65926,danceability,outlier_low,-0.0659
65929,loudness,missing_value,
65929,energy,outlier_low,-0.0555
65935,speechiness,missing_value,
65947,energy,missing_value,
65949,danceability,missing_value,
65950,danceability,missing_value,
65952,valence,missing_value,
65957,energy,missing_value,
65958,tempo,missing_value,
65961,liveness,missing_value,
65965,danceability,missing_value,
65965,acousticness,missing_value,
65966,tempo,missing_value,
65971,danceability,missing_value,
65975,loudness,missing_value,
65976,energy,missing_value,
65980,loudness,missing_value,
65989,energy,outlier_high,1.3143
65991,liveness,missing_value,
65991,loudness,missing_value,
65992,valence,missing_value,
66001,danceability,missing_value,
66003,liveness,missing_value,
66007,tempo,missing_value,
66007,acousticness,missing_value,
66008,speechiness,missing_value,
66010,energy,missing_value,
66012,valence,missing_value,
66012,acousticness,missing_value,
66013,valence,missing_value,
66014,acousticness,missing_value,
66016,acousticness,missing_value,
66019,loudness,missing_value,
66021,energy,missing_value,
66024,valence,outlier_high,1.0961
66032,acousticness,missing_value,
66037,speechiness,missing_value,
66039,danceability,missing_value,
66040,valence,missing_value,
66043,energy,missing_value,
66047,liveness,missing_value,
66047,valence,missing_value,
66048,loudness,missing_value,
66049,liveness,missing_value,
66052,instrumentalness,missing_value,
66052,acousticness,missing_value,
66058,energy,missing_value,
66063,energy,missing_value,
66066,tempo,missing_value,
66070,acousticness,missing_value,
66071,loudness,missing_value,
66072,instrumentalness,missing_value,
66072,acousticness,missing_value,
66076,energy,missing_value,
66076,loudness,missing_value,
66078,speechiness,missing_value,
66083,valence,missing_value,
66099,liveness,missing_value,
66102,valence,missing_value,
66103,loudness,missing_value,
66107,liveness,missing_value,
66109,energy,outlier_low,-0.1797
66110,acousticness,missing_value,
66110,tempo,missing_value,
66115,danceability,outlier_low,-0.2586
66118,speechiness,missing_value,
66122,acousticness,missing_value,
66126,acousticness,missing_value,
66129,speechiness,missing_value,
66131,tempo,missing_value,
66131,danceability,missing_value,
66134,danceability,outlier_low,-0.0467
66144,instrumentalness,missing_value,
66145,loudness,missing_value,
66159,energy,missing_value,
66184,liveness,missing_value,
66186,valence,missing_value,
66188,tempo,missing_value,
66194,danceability,outlier_low,-0.0327
66198,loudness,missing_value,
66198,valence,missing_value,
66201,liveness,missing_value,
66206,energy,outlier_high,1.4377
66208,tempo,outlier_low,8.3490
66212,danceability,outlier_high,1.2018
66220,danceability,missing_value,
66223,liveness,missing_value,
66228,energy,missing_value,
66229,acousticness,missing_value,
66232,speechiness,missing_value,
66243,loudness,outlier_high,6.5182
66244,danceability,missing_value,
66244,energy,missing_value,
66246,instrumentalness,missing_value,
66254,danceability,missing_value,
66257,valence,missing_value,
66265,energy,outlier_low,-0.0114
66268,liveness,missing_value,
66270,loudness,missing_value,
66274,loudness,missing_value,
66277,energy,missing_value,
66279,danceability,missing_value,
66288,valence,missing_value,
66289,valence,missing_value,
66295,tempo,missing_value,
66296,energy,missing_value,
66299,tempo,missing_value,
66309,valence,missing_value,
66313,loudness,outlier_low,-85.2562
66315,instrumentalness,missing_value,
66317,acousticness,missing_value,
66319,speechiness,missing_value,
66319,tempo,missing_value,
66325,valence,missing_value,
66327,instrumentalness,missing_value,
66328,liveness,missing_value,
66333,valence,missing_value,
66341,acousticness,missing_value,
66343,instrumentalness,missing_value,
66347,instrumentalness,missing_value,
66351,instrumentalness,missing_value,
66351,tempo,missing_value,
66355,instrumentalness,missing_value,
66360,speechiness,missing_value,
66368,acousticness,missing_value,
66385,speechiness,missing_value,
66387,liveness,missing_value,
66390,valence,missing_value,
66394,valence,missing_value,
66398,danceability,outlier_high,1.3530
66400,acousticness,missing_value,
66402,loudness,missing_value,
66404,energy,missing_value,
66408,acousticness,missing_value,
66409,speechiness,missing_value,
66417,acousticness,missing_value,
66418,instrumentalness,missing_value,
66419,tempo,missing_value,
66420,danceability,missing_value,
66423,speechiness,missing_value,
66426,instrumentalness,missing_value,
66428,speechiness,missing_value,
66431,speechiness,missing_value,
66432,tempo,missing_value,
66435,loudness,missing_value,
66440,energy,outlier_high,1.2154
66440,liveness,missing_value,
66440,speechiness,missing_value,
66442,tempo,missing_value,
66443,tempo,missing_value,
66443,acousticness,missing_value,
66446,tempo,missing_value,
66451,loudness,outlier_low,-82.5784
66456,danceability,outlier_high,1.1715
66458,danceability,outlier_low,-0.0799
66467,valence,missing_value,
66480,liveness,missing_value,
66481,acousticness,missing_value,
66490,danceability,missing_value,
66491,liveness,missing_value,
66492,liveness,missing_value,
66494,danceability,missing_value,
66496,loudness,missing_value,
66496,instrumentalness,missing_value,
66497,loudness,missing_value,
66497,speechiness,missing_value,
66500,valence,outlier_low,-0.1620
66521,instrumentalness,missing_value,
66524,danceability,missing_value,
66526,valence,missing_value,
66529,instrumentalness,missing_value,
66530,valence,missing_value,
66535,danceability,outlier_low,-0.2831
66537,tempo,missing_value,
66537,instrumentalness,missing_value,
66538,liveness,missing_value,
66539,speechiness,missing_value,
66542,danceability,outlier_high,1.2691
66543,tempo,missing_value,
66544,speechiness,missing_value,
66546,speechiness,missing_value,
66550,danceability,missing_value,
66550,speechiness,missing_value,
66562,loudness,missing_value,
66566,loudness,missing_value,
66568,speechiness,missing_value,
66576,acousticness,missing_value,
66577,acousticness,missing_value,
66579,danceability,missing_value,
66580,loudness,missing_value,
66587,danceability,missing_value,
66590,valence,missing_value,
66590,energy,missing_value,
66594,speechiness,missing_value,
66596,tempo,missing_value,
66596,acousticness,missing_value,
66597,liveness,missing_value,
66597,acousticness,missing_value,
66613,energy,missing_value,
66617,danceability,missing_value,
66621,danceability,missing_value,
66622,loudness,missing_value,
66631,valence,missing_value,
66638,acousticness,missing_value,
66641,danceability,missing_value,
66643,liveness,missing_value,
66646,tempo,missing_value,
66647,valence,missing_value,
66649,instrumentalness,missing_value,
66650,tempo,missing_value,
66664,acousticness,missing_value,
66669,loudness,missing_value,
66670,tempo,missing_value,
66675,energy,missing_value,
66676,liveness,missing_value,
66683,danceability,missing_value,
66688,speechiness,missing_value,
66690,danceability,missing_value,
66697,valence,missing_value,
66701,liveness,missing_value,
66705,acousticness,missing_value,
66705,danceability,missing_value,
66706,acousticness,missing_value,
66707,loudness,outlier_high,4.6347
66710,valence,missing_value,
66712,loudness,outlier_low,-88.2137
66715,acousticness,missing_value,
66718,energy,missing_value,
66719,acousticness,missing_value,
66725,tempo,missing_value,
66726,loudness,missing_value,
66727,danceability,missing_value,
66727,tempo,missing_value,
66729,loudness,missing_value,
66732,liveness,missing_value,
66734,tempo,missing_value,
66738,valence,missing_value,
66738,instrumentalness,missing_value,
66739,acousticness,missing_value,
66741,acousticness,missing_value,
66743,instrumentalness,missing_value,
66744,speechiness,missing_value,
66748,tempo,outlier_low,5.1607
66748,valence,missing_value,
66750,acousticness,missing_value,
66751,valence,missing_value,
66752,acousticness,missing_value,
66754,danceability,missing_value,
66764,valence,missing_value,
66764,danceability,missing_value,
66766,energy,missing_value,
66769,danceability,outlier_low,-0.0578
66772,valence,outlier_high,1.3338
66776,valence,outlier_high,1.2307
66782,liveness,missing_value,
66784,acousticness,missing_value,
66784,energy,missing_value,
66784,loudness,outlier_low,-87.1001
66789,speechiness,missing_value,
66790,danceability,missing_value,
66793,valence,outlier_high,1.3222
66798,speechiness,missing_value,
66811,instrumentalness,missing_value,
66818,tempo,missing_value,
66821,valence,missing_value,
66826,speechiness,missing_value,
66835,speechiness,missing_value,
66843,valence,missing_value,
66844,valence,missing_value,
66856,danceability,missing_value,
66869,speechiness,missing_value,
66870,tempo,missing_value,
66871,tempo,outlier_high,356.7099
66872,liveness,missing_value,
66875,energy,missing_value,
66877,valence,outlier_low,-0.0558
66878,loudness,outlier_low,-87.3469
66883,speechiness,missing_value,
66891,acousticness,missing_value,
66894,liveness,missing_value,
66903,instrumentalness,missing_value,
66911,liveness,missing_value,
66926,speechiness,missing_value,
66930,tempo,missing_value,
66937,instrumentalness,missing_value,
66937,liveness,missing_value,
66940,liveness,missing_value,
66943,loudness,outlier_low,-80.6853
66947,energy,missing_value,
66954,energy,missing_value,
66960,danceability,missing_value,
66961,liveness,missing_value,
66962,instrumentalness,missing_value,
66963,loudness,missing_value,
66963,danceability,missing_value,
66964,valence,missing_value,
66966,energy,outlier_low,-0.1264
66969,instrumentalness,missing_value,
66970,tempo,missing_value,
66972,danceability,missing_value,
66975,acousticness,missing_value,
66980,instrumentalness,missing_value,
66984,instrumentalness,missing_value,
66985,danceability,missing_value,
66991,acousticness,missing_value,
66994,valence,missing_value,
66995,instrumentalness,missing_value,
66996,danceability,missing_value,
66997,liveness,missing_value,
66998,loudness,missing_value,
66998,liveness,missing_value,
67001,valence,outlier_low,-0.1559
67010,instrumentalness,missing_value,
67012,liveness,missing_value,
67021,energy,missing_value,
67023,loudness,missing_value,
67023,valence,outlier_low,-0.0644
67025,acousticness,missing_value,
67027,speechiness,missing_value,
67027,energy,missing_value,
67037,liveness,missing_value,
67044,tempo,missing_value,
67050,valence,missing_value,
67053,valence,missing_value,
67058,acousticness,missing_value,
67059,tempo,missing_value,
67060,instrumentalness,missing_value,
67060,liveness,missing_value,
67063,instrumentalness,missing_value,
67068,danceability,missing_value,
67069,liveness,missing_value,
67074,liveness,missing_value,
67076,liveness,missing_value,
67080,liveness,missing_value,
67081,danceability,missing_value,
67082,liveness,missing_value,
67083,instrumentalness,missing_value,
67087,energy,missing_value,
67087,valence,missing_value,
67090,instrumentalness,missing_value,
67093,tempo,missing_value,
67095,loudness,outlier_high,7.6599
67097,instrumentalness,missing_value,
67100,valence,outlier_high,1.3819
67104,danceability,missing_value,
67106,speechiness,missing_value,
67116,liveness,missing_value,
67118,speechiness,missing_value,
67119,speechiness,missing_value,
67123,loudness,missing_value,
67125,liveness,missing_value,
67127,tempo,missing_value,
67132,instrumentalness,missing_value,
67139,danceability,outlier_low,-0.0938
67146,loudness,missing_value,
67148,tempo,missing_value,
67148,loudness,missing_value,
67152,tempo,outlier_high,402.6023
67157,energy,missing_value,
67161,tempo,missing_value,
67165,loudness,missing_value,
67165,danceability,outlier_low,-0.2213
67169,danceability,missing_value,
67175,acousticness,missing_value,
67175,danceability,missing_value,
67176,loudness,missing_value,
67185,energy,missing_value,
67186,speechiness,missing_value,
67187,energy,missing_value,
67188,loudness,missing_value,
67190,valence,outlier_high,1.3236
67193,energy,missing_value,
67194,energy,missing_value,
67205,liveness,missing_value,
67206,tempo,missing_value,
67211,speechiness,missing_value,
67213,danceability,missing_value,
67214,loudness,missing_value,
67219,acousticness,missing_value,
67220,energy,outlier_high,1.1854
67224,danceability,missing_value,
67225,loudness,missing_value,
67228,valence,missing_value,
67229,tempo,outlier_low,7.9623
67234,danceability,outlier_high,1.3365
67236,tempo,missing_value,
67241,liveness,missing_value,
67248,valence,missing_value,
67252,danceability,missing_value,
67252,speechiness,missing_value,
67256,tempo,missing_value,
67257,danceability,outlier_low,-0.1276
67259,tempo,missing_value,
67259,speechiness,missing_value,
67264,acousticness,missing_value,
67272,speechiness,missing_value,
67274,acousticness,missing_value,
67274,speechiness,missing_value,
67277,loudness,missing_value,
67288,liveness,missing_value,
67289,tempo,missing_value,
67298,danceability,missing_value,
67298,valence,missing_value,
67305,tempo,missing_value,
67309,danceability,missing_value,
67311,instrumentalness,missing_value,
67312,instrumentalness,missing_value,
67322,tempo,missing_value,
67325,tempo,missing_value,
67332,tempo,missing_value,
67333,danceability,outlier_high,1.2268
67333,instrumentalness,missing_value,
67335,valence,missing_value,
67340,danceability,outlier_low,-0.1067
67351,liveness,missing_value,
67352,speechiness,missing_value,
67352,loudness,missing_value,
67355,loudness,missing_value,
67356,loudness,missing_value,
67357,loudness,missing_value,
67357,energy,outlier_low,-0.1004
67357,tempo,missing_value,
67364,energy,missing_value,
67365,acousticness,missing_value,
67371,valence,missing_value,
67371,tempo,missing_value,
67378,tempo,missing_value,
67379,tempo,missing_value,
67380,valence,missing_value,
67383,loudness,missing_value,
67383,instrumentalness,missing_value,
67388,instrumentalness,missing_value,
67390,speechiness,missing_value,
67393,acousticness,missing_value,
67399,tempo,missing_value,
67403,acousticness,missing_value,
67405,liveness,missing_value,
67416,danceability,missing_value,
67419,liveness,missing_value,
67421,valence,missing_value,
67421,danceability,missing_value,
67422,tempo,outlier_low,9.6477
67431,instrumentalness,missing_value,
67434,instrumentalness,missing_value,
67456,danceability,missing_value,
67463,liveness,missing_value,
67464,speechiness,missing_value,
67465,danceability,outlier_high,1.3260
67466,danceability,outlier_low,-0.0918
67473,tempo,outlier_high,343.3566
67475,valence,missing_value,
67476,speechiness,missing_value,
67478,energy,missing_value,
67479,danceability,missing_value,
67481,liveness,missing_value,
67482,acousticness,missing_value,
67483,tempo,missing_value,
67484,acousticness,missing_value,
67488,energy,missing_value,
67494,danceability,missing_value,
67495,tempo,missing_value,
67498,acousticness,missing_value,
67498,energy,missing_value,
67501,danceability,missing_value,
67503,acousticness,missing_value,
67503,valence,missing_value,
67504,tempo,missing_value,
67508,instrumentalness,missing_value,
67509,loudness,missing_value,
67510,loudness,missing_value,
67513,acousticness,missing_value,
67515,energy,outlier_low,-0.0218
67527,speechiness,missing_value,
67532,energy,missing_value,
67533,speechiness,missing_value,
67535,loudness,missing_value,
67542,instrumentalness,missing_value,
67543,instrumentalness,missing_value,
67545,danceability,missing_value,
67545,liveness,missing_value,
67548,loudness,missing_value,
67549,tempo,outlier_high,355.8827
67556,liveness,missing_value,
67558,instrumentalness,missing_value,
67559,instrumentalness,missing_value,
67563,instrumentalness,missing_value,
67571,energy,missing_value,
67574,acousticness,missing_value,
67579,instrumentalness,missing_value,
67580,instrumentalness,missing_value,
67587,instrumentalness,missing_value,
67588,speechiness,missing_value,
67597,energy,missing_value,
67598,loudness,outlier_high,9.7185
67609,valence,missing_value,
67610,speechiness,missing_value,
67613,danceability,outlier_high,1.3890
67614,tempo,outlier_high,410.9882
67615,loudness,missing_value,
67616,valence,missing_value,
67619,loudness,missing_value,
67623,valence,missing_value,
67639,loudness,missing_value,
67640,loudness,missing_value,
67642,loudness,missing_value,
67643,loudness,outlier_high,7.6787
67644,loudness,outlier_high,3.3990
67649,loudness,outlier_high,6.9741
67651,speechiness,missing_value,
67658,liveness,missing_value,
67661,liveness,missing_value,
67670,valence,missing_value,
67671,loudness,missing_value,
67675,danceability,missing_value,
67678,danceability,outlier_low,-0.2043
67680,valence,missing_value,
67683,acousticness,missing_value,
67689,loudness,missing_value,
67691,speechiness,missing_value,
67691,acousticness,missing_value,
67692,danceability,outlier_high,1.1905
67693,loudness,missing_value,
67701,tempo,missing_value,
67701,instrumentalness,missing_value,
67704,energy,missing_value,
67710,tempo,missing_value,
67712,tempo,missing_value,
67712,liveness,missing_value,
67717,liveness,missing_value,
67722,valence,missing_value,
67723,liveness,missing_value,
67726,liveness,missing_value,
67727,valence,outlier_high,1.2983
67728,acousticness,missing_value,
67732,acousticness,missing_value,
67733,speechiness,missing_value,
67733,energy,missing_value,
67737,acousticness,missing_value,
67744,loudness,missing_value,
67752,valence,outlier_low,-0.2023
67755,liveness,missing_value,
67755,tempo,missing_value,
67755,instrumentalness,missing_value,
67756,danceability,missing_value,
67757,acousticness,missing_value,
67766,acousticness,missing_value,
67775,acousticness,missing_value,
67781,instrumentalness,missing_value,
67782,instrumentalness,missing_value,
67791,danceability,missing_value,
67791,instrumentalness,missing_value,
67796,liveness,missing_value,
67799,liveness,missing_value,
67802,liveness,missing_value,
67805,acousticness,missing_value,
67806,valence,missing_value,
67807,loudness,outlier_high,3.1256
67808,tempo,missing_value,
67819,energy,missing_value,
67822,energy,missing_value,
67829,instrumentalness,missing_value,
67836,speechiness,missing_value,
67837,instrumentalness,missing_value,
67837,loudness,missing_value,
67837,energy,missing_value,
67838,liveness,missing_value,
67839,acousticness,missing_value,
67841,danceability,missing_value,
67842,speechiness,missing_value,
67842,valence,missing_value,
67843,instrumentalness,missing_value,
67851,loudness,outlier_high,5.6343
67852,loudness,outlier_low,-75.4833
67853,energy,missing_value,
67857,energy,missing_value,
67858,danceability,missing_value,
67858,loudness,missing_value,
67866,acousticness,missing_value,
67867,tempo,missing_value,
67867,danceability,missing_value,
67870,loudness,missing_value,
67871,instrumentalness,missing_value,
67874,loudness,missing_value,
67876,energy,missing_value,
67879,energy,outlier_high,1.4718
67881,tempo,missing_value,
67884,energy,missing_value,
67889,liveness,missing_value,
67890,speechiness,missing_value,
67891,instrumentalness,missing_value,
67898,loudness,missing_value,
67903,acousticness,missing_value,
67907,danceability,missing_value,
67913,speechiness,missing_value,
67915,valence,missing_value,
67918,danceability,missing_value,
67919,loudness,missing_value,
67921,speechiness,missing_value,
67922,valence,missing_value,
67929,energy,missing_value,
67929,instrumentalness,missing_value,
67935,liveness,missing_value,
67938,acousticness,missing_value,
67944,liveness,missing_value,
67945,energy,missing_value,
67953,valence,missing_value,
67953,instrumentalness,missing_value,
67954,valence,missing_value,
67956,acousticness,missing_value,
67956,liveness,missing_value,
67957,danceability,outlier_low,-0.0762
67961,liveness,missing_value,
67963,valence,missing_value,
67964,liveness,missing_value,
67966,danceability,missing_value,
67969,valence,missing_value,
67969,acousticness,missing_value,
67972,valence,missing_value,
67974,acousticness,missing_value,
67980,speechiness,missing_value,
67987,energy,missing_value,
67987,tempo,outlier_low,14.2307
67989,instrumentalness,missing_value,
67996,loudness,missing_value,
67996,instrumentalness,missing_value,
67997,loudness,missing_value,
67998,acousticness,missing_value,
68006,liveness,missing_value,
68008,loudness,missing_value,
68012,instrumentalness,missing_value,
68019,energy,missing_value,
68020,danceability,outlier_low,-0.1961
68025,danceability,missing_value,
68032,danceability,missing_value,
68036,loudness,missing_value,
68040,instrumentalness,missing_value,
68044,danceability,missing_value,
68044,speechiness,missing_value,
68052,loudness,outlier_low,-76.7139
68055,energy,missing_value,
68056,speechiness,missing_value,
68059,danceability,outlier_low,-0.0618
68063,acousticness,missing_value,
68064,danceability,outlier_low,-0.2048
68082,loudness,outlier_low,-78.6167
68084,valence,missing_value,
68086,tempo,missing_value,
68089,acousticness,missing_value,
68089,speechiness,missing_value,
68093,loudness,missing_value,
68097,tempo,missing_value,
68098,valence,missing_value,
68099,energy,missing_value,
68100,danceability,missing_value,
68101,instrumentalness,missing_value,
68112,valence,missing_value,
68115,tempo,missing_value,
68118,valence,missing_value,
68119,instrumentalness,missing_value,
68124,energy,missing_value,
68125,tempo,missing_value,
68126,energy,missing_value,
68126,valence,missing_value,
68127,danceability,missing_value,
68127,loudness,missing_value,
68128,danceability,missing_value,
68132,danceability,missing_value,
68134,loudness,missing_value,
68139,speechiness,missing_value,
68140,speechiness,missing_value,
68144,acousticness,missing_value,
68151,loudness,outlier_low,-88.0127
68157,valence,missing_value,
68158,instrumentalness,missing_value,
68161,valence,outlier_low,-0.1108
68162,energy,missing_value,
68167,energy,missing_value,
68170,liveness,missing_value,
68170,instrumentalness,missing_value,
68173,instrumentalness,missing_value,
68174,valence,missing_value,
68177,danceability,missing_value,
68184,danceability,missing_value,
68184,tempo,missing_value,
68187,liveness,missing_value,
68190,energy,outlier_low,-0.2487
68191,loudness,missing_value,
68192,energy,missing_value,
68196,liveness,missing_value,
68199,acousticness,missing_value,
68202,liveness,missing_value,
68204,liveness,missing_value,
68212,loudness,outlier_high,9.9663
68213,energy,missing_value,
68218,tempo,missing_value,
68220,tempo,missing_value,
68221,instrumentalness,missing_value,
68221,energy,outlier_low,-0.2906
68224,tempo,missing_value,
68226,energy,missing_value,
68240,energy,missing_value,
68245,valence,missing_value,
68251,speechiness,missing_value,
68251,tempo,missing_value,
68252,instrumentalness,missing_value,
68252,valence,missing_value,
68254,danceability,missing_value,
68259,energy,missing_value,
68260,tempo,missing_value,
68261,danceability,missing_value,
68264,loudness,missing_value,
68268,danceability,outlier_high,1.3797
68271,danceability,missing_value,
68272,liveness,missing_value,
68279,loudness,missing_value,
68281,energy,missing_value,
68285,instrumentalness,missing_value,
68291,loudness,missing_value,
68291,danceability,missing_value,
68293,loudness,outlier_high,4.3807
68294,tempo,missing_value,
68296,instrumentalness,missing_value,
68298,energy,outlier_low,-0.1447
68300,danceability,missing_value,
68303,tempo,missing_value,
68306,energy,outlier_high,1.2664
68311,liveness,missing_value,
68311,speechiness,missing_value,
68313,acousticness,missing_value,
68316,acousticness,missing_value,
68318,tempo,missing_value,
68321,energy,missing_value,
68342,speechiness,missing_value,
68347,loudness,outlier_low,-89.7634
68347,energy,missing_value,
68350,liveness,missing_value,
68355,loudness,missing_value,
68357,instrumentalness,missing_value,
68357,acousticness,missing_value,
68359,loudness,missing_value,
68362,danceability,missing_value,
68363,liveness,missing_value,
68363,loudness,missing_value,
68364,acousticness,missing_value,
68366,valence,missing_value,
68368,danceability,missing_value,
68369,speechiness,missing_value,
68369,liveness,missing_value,
68374,valence,missing_value,
68380,instrumentalness,missing_value,
68386,acousticness,missing_value,
68391,speechiness,missing_value,
68391,valence,outlier_high,1.4134
68393,tempo,missing_value,
68394,tempo,missing_value,
68395,tempo,missing_value,
68399,danceability,missing_value,
68399,loudness,missing_value,
68401,tempo,missing_value,
68402,tempo,missing_value,
68402,speechiness,missing_value,
68403,acousticness,missing_value,
68404,valence,missing_value,
68407,loudness,outlier_low,-88.9305
68412,valence,outlier_low,-0.1368
68416,instrumentalness,missing_value,
68417,speechiness,missing_value,
68427,liveness,missing_value,
68430,liveness,missing_value,
68432,danceability,missing_value,
68437,tempo,outlier_high,341.5790
68439,tempo,outlier_high,377.0179
68441,valence,missing_value,
68444,energy,missing_value,
68448,danceability,missing_value,
68449,instrumentalness,missing_value,
68453,liveness,missing_value,
68460,danceability,missing_value,
68464,energy,missing_value,
68466,speechiness,missing_value,
68474,valence,missing_value,
68478,energy,missing_value,
68482,valence,missing_value,
68482,loudness,outlier_high,2.9704
68484,danceability,missing_value,
68490,danceability,missing_value,
68493,loudness,missing_value,
68493,liveness,missing_value,
68493,energy,missing_value,
68496,speechiness,missing_value,
68497,loudness,outlier_low,-83.9023
68498,tempo,missing_value,
68500,acousticness,missing_value,
68500,liveness,missing_value,
68505,liveness,missing_value,
68506,acousticness,missing_value,
68506,danceability,missing_value,
68509,energy,outlier_low,-0.0418
68515,loudness,missing_value,
68519,danceability,missing_value,
68520,danceability,missing_value,
68523,valence,outlier_low,-0.2931
68526,acousticness,missing_value,
68533,loudness,missing_value,
68534,tempo,missing_value,
68536,loudness,missing_value,
68538,loudness,missing_value,
68538,instrumentalness,missing_value,
68539,energy,missing_value,
68548,energy,missing_value,
68549,loudness,missing_value,
68560,acousticness,missing_value,
68561,speechiness,missing_value,
68562,liveness,missing_value,
68569,acousticness,missing_value,
68575,speechiness,missing_value,
68575,loudness,missing_value,
68577,speechiness,missing_value,
68579,speechiness,missing_value,
68579,liveness,missing_value,
68582,energy,missing_value,
68593,speechiness,missing_value,
68600,loudness,missing_value,
68603,liveness,missing_value,
68607,liveness,missing_value,
68610,speechiness,missing_value,
68611,valence,missing_value,
68617,instrumentalness,missing_value,
68621,speechiness,missing_value,
68622,tempo,outlier_high,307.1345
68632,loudness,missing_value,
68637,valence,outlier_high,1.1824
68643,acousticness,missing_value,
68643,valence,missing_value,
68645,valence,outlier_high,1.0684
68659,acousticness,missing_value,
68659,instrumentalness,missing_value,
68662,acousticness,missing_value,
68665,speechiness,missing_value,
68670,speechiness,missing_value,
68673,acousticness,missing_value,
68674,valence,missing_value,
68679,danceability,outlier_low,-0.0148
68681,loudness,missing_value,
68687,valence,outlier_low,-0.2585
68690,energy,missing_value,
68699,energy,missing_value,
68702,danceability,outlier_low,-0.2602
68704,loudness,missing_value,
68704,energy,missing_value,
68707,loudness,missing_value,
68711,instrumentalness,missing_value,
68711,energy,outlier_high,1.0983
68711,acousticness,missing_value,
68715,energy,outlier_low,-0.1359
68721,instrumentalness,missing_value,
68724,danceability,missing_value,
68726,loudness,missing_value,
68730,liveness,missing_value,
68734,energy,missing_value,
68734,speechiness,missing_value,
68737,acousticness,missing_value,
68749,acousticness,missing_value,
68757,valence,missing_value,
68757,tempo,outlier_high,366.0470
68760,tempo,missing_value,
68762,liveness,missing_value,
68762,danceability,missing_value,
68763,loudness,missing_value,
68768,loudness,outlier_high,5.8202
68769,liveness,missing_value,
68772,speechiness,missing_value,
68778,energy,missing_value,
68780,energy,missing_value,
68792,instrumentalness,missing_value,
68794,speechiness,missing_value,
68801,energy,missing_value,
68810,danceability,missing_value,
68814,acousticness,missing_value,
68816,acousticness,missing_value,
68818,liveness,missing_value,
68819,instrumentalness,missing_value,
68825,valence,missing_value,
68829,liveness,missing_value,
68832,valence,missing_value,
68840,danceability,outlier_low,-0.2245
68843,tempo,outlier_low,13.8139
68846,liveness,missing_value,
68849,danceability,missing_value,
68851,tempo,missing_value,
68855,loudness,missing_value,
68861,speechiness,missing_value,
68862,acousticness,missing_value,
68874,energy,missing_value,
68876,tempo,missing_value,
68876,liveness,missing_value,
68882,loudness,missing_value,
68884,valence,missing_value,
68886,liveness,missing_value,
68889,instrumentalness,missing_value,
68889,speechiness,missing_value,
68890,danceability,missing_value,
68891,liveness,missing_value,
68897,energy,missing_value,
68903,liveness,missing_value,
68905,danceability,missing_value,
68908,tempo,missing_value,
68910,tempo,missing_value,
68915,energy,missing_value,
68915,liveness,missing_value,
68919,loudness,missing_value,
68927,liveness,missing_value,
68929,danceability,outlier_high,1.1951
68935,loudness,missing_value,
68935,instrumentalness,missing_value,
68937,instrumentalness,missing_value,
68939,acousticness,missing_value,
68941,loudness,missing_value,
68943,valence,missing_value,
68948,danceability,missing_value,
68954,energy,missing_value,
68954,valence,outlier_low,-0.2322
68954,tempo,missing_value,
68955,loudness,missing_value,
68955,instrumentalness,missing_value,
68955,valence,outlier_low,-0.2984
68961,danceability,outlier_low,-0.0770
68965,instrumentalness,missing_value,
68966,valence,outlier_high,1.2386
68969,liveness,missing_value,
68969,acousticness,missing_value,
68973,liveness,missing_value,
68975,loudness,missing_value,
68977,valence,missing_value,
68978,tempo,outlier_high,381.3530
68983,speechiness,missing_value,
68986,danceability,missing_value,
68990,loudness,missing_value,
68996,energy,missing_value,
69002,speechiness,missing_value,
69011,energy,missing_value,
69011,instrumentalness,missing_value,
69020,danceability,missing_value,
69021,speechiness,missing_value,
69022,acousticness,missing_value,
69023,energy,missing_value,
69023,acousticness,missing_value,
69023,liveness,missing_value,
69026,valence,missing_value,
69030,danceability,missing_value,
69032,instrumentalness,missing_value,
69033,tempo,missing_value,
69035,valence,missing_value,
69036,danceability,missing_value,
69037,energy,missing_value,
69037,valence,missing_value,
69038,tempo,missing_value,
69040,tempo,missing_value,
69045,tempo,missing_value,
69049,speechiness,missing_value,
69052,loudness,outlier_high,4.9021
69054,danceability,missing_value,
69057,loudness,missing_value,
69062,liveness,missing_value,
69062,loudness,missing_value,
69064,danceability,missing_value,
69065,energy,missing_value,
69068,energy,missing_value,
69070,valence,missing_value,
69070,instrumentalness,missing_value,
69075,instrumentalness,missing_value,
69076,valence,outlier_low,-0.1672
69079,speechiness,missing_value,
69080,liveness,missing_value,
69082,loudness,missing_value,
69086,loudness,missing_value,
69090,danceability,missing_value,
69092,acousticness,missing_value,
69095,energy,missing_value,
69099,loudness,missing_value,
69101,loudness,missing_value,
69103,tempo,missing_value,
69121,valence,outlier_high,1.4935
69129,loudness,missing_value,
69132,acousticness,missing_value,
69133,danceability,missing_value,
69137,liveness,missing_value,
69138,energy,missing_value,
69144,energy,missing_value,
69151,loudness,outlier_low,-85.9064
69153,instrumentalness,missing_value,
69156,energy,missing_value,
69157,valence,missing_value,
69157,energy,outlier_high,1.1376
69158,tempo,missing_value,
69159,acousticness,missing_value,
69160,loudness,missing_value,
69166,instrumentalness,missing_value,
69167,energy,missing_value,
69168,instrumentalness,missing_value,
69170,energy,outlier_low,-0.1649
69170,speechiness,missing_value,
69177,instrumentalness,missing_value,
69178,speechiness,missing_value,
69182,valence,missing_value,
69184,danceability,missing_value,
69185,acousticness,missing_value,
69189,energy,missing_value,
69190,valence,outlier_high,1.3805
69198,liveness,missing_value,
69201,liveness,missing_value,
69212,loudness,missing_value,
69214,liveness,missing_value,
69217,valence,missing_value,
69223,energy,missing_value,
69227,loudness,missing_value,
69229,tempo,missing_value,
69229,acousticness,missing_value,
69234,acousticness,missing_value,
69252,instrumentalness,missing_value,
69255,loudness,outlier_high,3.8861
69266,energy,outlier_high,1.2165
69268,instrumentalness,missing_value,
69273,acousticness,missing_value,
69275,tempo,missing_value,
69278,loudness,missing_value,
69281,valence,missing_value,
69285,instrumentalness,missing_value,
69288,instrumentalness,missing_value,
69308,speechiness,missing_value,
69312,acousticness,missing_value,
69314,danceability,missing_value,
69315,tempo,missing_value,
69320,tempo,missing_value,
69323,liveness,missing_value,
69327,loudness,outlier_low,-84.6681
69334,liveness,missing_value,
69335,tempo,missing_value,
69337,acousticness,missing_value,
69344,instrumentalness,missing_value,
69346,loudness,missing_value,
69347,valence,missing_value,
69348,danceability,missing_value,
69354,loudness,outlier_high,3.5209
69355,valence,missing_value,
69357,speechiness,missing_value,
69362,acousticness,missing_value,
69363,tempo,missing_value,
69369,liveness,missing_value,
69373,speechiness,missing_value,
69374,valence,outlier_low,-0.0747
69377,energy,missing_value,
69383,valence,missing_value,
69388,valence,missing_value,
69390,loudness,missing_value,
69392,speechiness,missing_value,
69392,tempo,missing_value,
69398,valence,missing_value,
69404,tempo,missing_value,
69404,danceability,missing_value,
69407,danceability,missing_value,
69410,tempo,missing_value,
69410,energy,missing_value,
69411,danceability,missing_value,
69411,energy,missing_value,
69414,acousticness,missing_value,
69415,liveness,missing_value,
69424,liveness,missing_value,
69428,danceability,missing_value,
69429,valence,missing_value,
69438,danceability,missing_value,
69438,instrumentalness,missing_value,
69438,acousticness,missing_value,
69441,valence,missing_value,
69443,energy,outlier_high,1.4136
69443,tempo,missing_value,
69456,energy,missing_value,
69457,tempo,missing_value,
69459,tempo,missing_value,
69469,loudness,missing_value,
69472,liveness,missing_value,
69480,loudness,missing_value,
69484,acousticness,missing_value,
69488,energy,missing_value,
69490,danceability,outlier_high,1.4693
69495,tempo,missing_value,
69495,liveness,missing_value,
69504,tempo,missing_value,
69506,danceability,missing_value,
69511,energy,missing_value,
69516,loudness,missing_value,
69517,instrumentalness,missing_value,
69518,acousticness,missing_value,
69519,acousticness,missing_value,
69523,liveness,missing_value,
69526,liveness,missing_value,
69527,valence,missing_value,
69534,instrumentalness,missing_value,
69535,instrumentalness,missing_value,
69537,loudness,outlier_high,2.0585
69537,energy,outlier_low,-0.2461
69538,acousticness,missing_value,
69549,tempo,missing_value,
69549,energy,outlier_low,-0.0352
69550,valence,missing_value,
69555,loudness,missing_value,
69557,acousticness,missing_value,
69559,liveness,missing_value,
69567,instrumentalness,missing_value,
69570,danceability,outlier_high,1.2801
69574,liveness,missing_value,
69588,loudness,outlier_high,9.3452
69589,loudness,missing_value,
69589,acousticness,missing_value,
69589,energy,missing_value,
69598,acousticness,missing_value,
69599,instrumentalness,missing_value,
69599,loudness,missing_value,
69607,energy,missing_value,
69613,tempo,missing_value,
69616,tempo,missing_value,
69616,speechiness,missing_value,
69617,danceability,missing_value,
69617,loudness,missing_value,
69622,energy,missing_value,
69624,liveness,missing_value,
69630,loudness,outlier_high,9.8317
69630,instrumentalness,missing_value,
69634,acousticness,missing_value,
69645,speechiness,missing_value,
69648,valence,missing_value,
69649,loudness,missing_value,
69649,speechiness,missing_value,
69653,tempo,missing_value,
69659,loudness,missing_value,
69661,tempo,missing_value,
69668,instrumentalness,missing_value,
69669,energy,missing_value,
69671,energy,missing_value,
69676,danceability,outlier_low,-0.2892
69676,speechiness,missing_value,
69678,liveness,missing_value,
69680,speechiness,missing_value,
69685,liveness,missing_value,
69686,speechiness,missing_value,
69694,speechiness,missing_value,
69695,acousticness,missing_value,
69698,loudness,outlier_high,7.2904
69708,acousticness,missing_value,
69710,acousticness,missing_value,
69710,danceability,missing_value,
69710,instrumentalness,missing_value,
69721,danceability,missing_value,
69721,liveness,missing_value,
69721,tempo,missing_value,
69722,instrumentalness,missing_value,
69724,speechiness,missing_value,
69725,energy,missing_value,
69726,instrumentalness,missing_value,
69730,acousticness,missing_value,
69731,danceability,missing_value,
69734,speechiness,missing_value,
69738,speechiness,missing_value,
69741,loudness,missing_value,
69757,energy,missing_value,
69759,loudness,missing_value,
69760,danceability,outlier_high,1.3451
69761,danceability,missing_value,
69765,speechiness,missing_value,
69767,liveness,missing_value,
69769,energy,missing_value,
69776,energy,missing_value,
69777,valence,missing_value,
69780,danceability,missing_value,
69782,loudness,missing_value,
69792,speechiness,missing_value,
69795,tempo,outlier_high,350.9632
69796,danceability,missing_value,
69802,valence,missing_value,
69804,danceability,missing_value,
69807,instrumentalness,missing_value,
69812,tempo,missing_value,
69815,energy,missing_value,
69821,speechiness,missing_value,
69824,energy,missing_value,
69824,liveness,missing_value,
69825,liveness,missing_value,
69826,liveness,missing_value,
69831,danceability,missing_value,
69832,danceability,missing_value,
69840,loudness,missing_value,
69841,tempo,missing_value,
69844,acousticness,missing_value,
69844,energy,missing_value,
69845,instrumentalness,missing_value,
69849,danceability,outlier_high,1.0798
69850,loudness,missing_value,
69851,danceability,missing_value,
69860,loudness,missing_value,
69869,loudness,missing_value,
69871,instrumentalness,missing_value,
69872,energy,missing_value,
69873,danceability,missing_value,
69874,energy,missing_value,
69884,valence,missing_value,
69885,instrumentalness,missing_value,
69890,loudness,outlier_low,-71.0700
69896,loudness,missing_value,
69899,danceability,missing_value,
69900,acousticness,missing_value,
69904,acousticness,missing_value,
69905,energy,missing_value,
69906,loudness,outlier_low,-89.5930
69908,instrumentalness,missing_value,
69912,danceability,missing_value,
69915,loudness,missing_value,
69919,acousticness,missing_value,
69919,instrumentalness,missing_value,
69922,energy,missing_value,
69930,acousticness,missing_value,
69935,loudness,outlier_high,9.5230
69939,tempo,missing_value,
69940,acousticness,missing_value,
69940,energy,missing_value,
69941,danceability,missing_value,
69943,valence,missing_value,
69947,speechiness,missing_value,
69948,speechiness,missing_value,
69951,valence,missing_value,
69953,danceability,missing_value,
69954,loudness,missing_value,
69956,liveness,missing_value,
69962,valence,outlier_low,-0.1318
69969,instrumentalness,missing_value,
69972,tempo,missing_value,
69978,valence,missing_value,
69980,valence,outlier_high,1.4659
69980,speechiness,missing_value,
69994,energy,missing_value,
69996,valence,missing_value,
69998,instrumentalness,missing_value,
70009,loudness,outlier_low,-79.0637
70011,acousticness,missing_value,
70011,valence,missing_value,
70012,speechiness,missing_value,
70018,instrumentalness,missing_value,
70018,liveness,missing_value,
70019,loudness,outlier_low,-75.4111
70026,loudness,missing_value,
70027,acousticness,missing_value,
70031,loudness,missing_value,
70040,instrumentalness,missing_value,
70044,speechiness,missing_value,
70045,tempo,missing_value,
70048,loudness,missing_value,
70050,acousticness,missing_value,
70050,liveness,missing_value,
70056,loudness,outlier_low,-77.6249
70058,energy,missing_value,
70066,instrumentalness,missing_value,
70068,energy,outlier_low,-0.2230
70069,valence,outlier_high,1.1581
70072,energy,missing_value,
70075,instrumentalness,missing_value,
70081,loudness,missing_value,
70085,energy,missing_value,
70086,energy,missing_value,
70092,instrumentalness,missing_value,
70092,valence,missing_value,
70099,loudness,missing_value,
70110,liveness,missing_value,
70112,energy,missing_value,
70115,danceability,outlier_low,-0.1498
70116,instrumentalness,missing_value,
70116,loudness,missing_value,
70118,instrumentalness,missing_value,
70119,instrumentalness,missing_value,
70122,acousticness,missing_value,
70123,valence,missing_value,
70129,loudness,missing_value,
70131,danceability,missing_value,
70134,danceability,missing_value,
70137,energy,missing_value,
70141,instrumentalness,missing_value,
70144,instrumentalness,missing_value,
70144,acousticness,missing_value,
70145,tempo,outlier_low,2.5690
70152,valence,missing_value,
70157,loudness,missing_value,
70157,instrumentalness,missing_value,
70158,speechiness,missing_value,
70159,tempo,missing_value,
70162,valence,outlier_low,-0.0864
70174,tempo,outlier_high,390.8698
70177,loudness,missing_value,
70187,loudness,missing_value,
70191,energy,outlier_high,1.1899
70192,valence,missing_value,
70194,tempo,missing_value,
70201,loudness,missing_value,
70201,tempo,missing_value,
70206,acousticness,missing_value,
70209,energy,missing_value,
70215,acousticness,missing_value,
70216,loudness,missing_value,
70217,energy,missing_value,
70217,acousticness,missing_value,
70223,tempo,missing_value,
70224,speechiness,missing_value,
70226,acousticness,missing_value,
70228,danceability,missing_value,
70232,speechiness,missing_value,
70240,loudness,missing_value,
70241,loudness,missing_value,
70244,tempo,missing_value,
70246,acousticness,missing_value,
70246,tempo,missing_value,
70247,danceability,missing_value,
70248,speechiness,missing_value,
70248,valence,missing_value,
70250,speechiness,missing_value,
70253,speechiness,missing_value,
70256,speechiness,missing_value,
70263,speechiness,missing_value,
70264,energy,missing_value,
70266,tempo,missing_value,
70271,energy,outlier_high,1.0618
70273,acousticness,missing_value,
70275,tempo,outlier_high,337.4117
70277,liveness,missing_value,
70283,speechiness,missing_value,
70284,energy,missing_value,
70287,tempo,missing_value,
70290,tempo,outlier_high,329.2646
70292,speechiness,missing_value,
70292,liveness,missing_value,
70296,instrumentalness,missing_value,
70303,instrumentalness,missing_value,
70310,speechiness,missing_value,
70311,loudness,outlier_low,-82.1673
70312,energy,missing_value,
70314,acousticness,missing_value,
70329,instrumentalness,missing_value,
70329,liveness,missing_value,
70331,valence,outlier_high,1.4245
70333,tempo,missing_value,
70333,valence,missing_value,
70337,tempo,missing_value,
70338,energy,missing_value,
70352,instrumentalness,missing_value,
70354,instrumentalness,missing_value,
70356,valence,missing_value,
70359,danceability,missing_value,
70359,valence,missing_value,
70377,energy,missing_value,
70384,instrumentalness,missing_value,
70389,danceability,missing_value,
70389,instrumentalness,missing_value,
70399,danceability,missing_value,
70402,loudness,outlier_high,7.6406
70405,liveness,missing_value,
70405,danceability,missing_value,
70407,instrumentalness,missing_value,
70412,loudness,outlier_low,-82.6850
70423,loudness,missing_value,
70425,loudness,missing_value,
70436,energy,missing_value,
70438,valence,missing_value,
70443,energy,outlier_low,-0.2815
70447,tempo,missing_value,
70462,valence,missing_value,
70463,acousticness,missing_value,
70471,instrumentalness,missing_value,
70471,tempo,missing_value,
70476,speechiness,missing_value,
70479,energy,missing_value,
70482,danceability,missing_value,
70484,liveness,missing_value,
70491,danceability,missing_value,
70492,speechiness,missing_value,
70498,energy,missing_value,
70500,acousticness,missing_value,
70505,tempo,missing_value,
70508,loudness,missing_value,
70513,valence,missing_value,
70524,acousticness,missing_value,
70526,liveness,missing_value,
70529,instrumentalness,missing_value,
70529,energy,missing_value,
70530,loudness,missing_value,
70532,danceability,missing_value,
70538,danceability,missing_value,
70538,liveness,missing_value,
70539,instrumentalness,missing_value,
70542,acousticness,missing_value,
70543,valence,outlier_high,1.4697
70547,valence,missing_value,
70548,danceability,outlier_low,-0.1361
70549,energy,missing_value,
70549,acousticness,missing_value,
70553,energy,missing_value,
70554,speechiness,missing_value,
70556,instrumentalness,missing_value,
70558,danceability,missing_value,
70569,valence,outlier_high,1.2764
70578,tempo,missing_value,
70578,danceability,missing_value,
70581,acousticness,missing_value,
70583,danceability,missing_value,
70584,liveness,missing_value,
70591,tempo,missing_value,
70598,loudness,missing_value,
70601,loudness,missing_value,
70602,loudness,missing_value,
70606,tempo,missing_value,
70606,danceability,missing_value,
70607,tempo,missing_value,
70608,tempo,outlier_high,332.0679
70610,danceability,missing_value,
70611,valence,missing_value,
70613,energy,missing_value,
70617,danceability,missing_value,
70618,energy,missing_value,
70618,liveness,missing_value,
70621,valence,missing_value,
70624,instrumentalness,missing_value,
70628,loudness,missing_value,
70629,danceability,missing_value,
70629,liveness,missing_value,
70629,valence,missing_value,
70634,danceability,missing_value,
70644,acousticness,missing_value,
70649,valence,missing_value,
70651,speechiness,missing_value,
70657,liveness,missing_value,
70663,valence,missing_value,
70668,danceability,missing_value,
70668,acousticness,missing_value,
70668,speechiness,missing_value,
70672,danceability,missing_value,
70675,speechiness,missing_value,
70677,danceability,missing_value,
70678,energy,missing_value,
70679,acousticness,missing_value,
70683,acousticness,missing_value,
70684,valence,missing_value,
70684,acousticness,missing_value,
70688,valence,missing_value,
70689,tempo,missing_value,
70697,valence,missing_value,
70701,energy,missing_value,
70702,danceability,missing_value,
70709,valence,missing_value,
70712,valence,missing_value,
70713,speechiness,missing_value,
70721,danceability,missing_value,
70722,danceability,missing_value,
70727,energy,missing_value,
70731,tempo,missing_value,
70733,danceability,missing_value,
70739,danceability,missing_value,
70740,danceability,missing_value,
70747,tempo,missing_value,
70751,valence,missing_value,
70752,instrumentalness,missing_value,
70755,speechiness,missing_value,
70755,energy,missing_value,
70757,energy,missing_value,
70763,danceability,missing_value,
70765,tempo,missing_value,
70766,loudness,missing_value,
70769,loudness,missing_value,
70777,valence,missing_value,
70780,valence,missing_value,
70784,instrumentalness,missing_value,
70784,danceability,missing_value,
70786,tempo,missing_value,
70788,acousticness,missing_value,
70790,valence,missing_value,
70798,danceability,missing_value,
70801,tempo,missing_value,
70809,tempo,missing_value,
70812,energy,missing_value,
70817,liveness,missing_value,
70819,energy,missing_value,
70822,loudness,outlier_low,-75.3030
70827,acousticness,missing_value,
70837,liveness,missing_value,
70838,tempo,missing_value,
70841,liveness,missing_value,
70842,danceability,missing_value,
70843,valence,missing_value,
70845,instrumentalness,missing_value,
70847,instrumentalness,missing_value,
70855,danceability,missing_value,
70856,acousticness,missing_value,
70859,speechiness,missing_value,
70861,tempo,missing_value,
70862,liveness,missing_value,
70864,danceability,missing_value,
70864,liveness,missing_value,
70868,loudness,missing_value,
70870,energy,missing_value,
70873,danceability,missing_value,
70877,valence,missing_value,
70880,tempo,outlier_low,4.8930
70885,valence,outlier_high,1.0550
70888,tempo,missing_value,
70888,loudness,missing_value,
70899,danceability,outlier_high,1.1350
70904,danceability,missing_value,
70905,tempo,missing_value,
70908,valence,missing_value,
70908,tempo,missing_value,
70909,loudness,missing_value,
70911,loudness,missing_value,
70915,tempo,outlier_high,329.5427
70916,valence,outlier_low,-0.2830
70924,speechiness,missing_value,
70935,loudness,missing_value,
70939,liveness,missing_value,
70940,valence,missing_value,
70947,speechiness,missing_value,
70949,loudness,missing_value,
70949,tempo,missing_value,
70950,liveness,missing_value,
70951,tempo,missing_value,
70953,instrumentalness,missing_value,
70953,danceability,outlier_high,1.2381
70954,acousticness,missing_value,
70955,valence,missing_value,
70955,acousticness,missing_value,
70957,tempo,missing_value,
70964,acousticness,missing_value,
70972,valence,missing_value,
70974,instrumentalness,missing_value,
70978,speechiness,missing_value,
70984,acousticness,missing_value,
70985,acousticness,missing_value,
70993,valence,missing_value,
70994,danceability,missing_value,
70997,danceability,missing_value,
71011,tempo,missing_value,
71012,tempo,outlier_low,0.9181
71015,loudness,missing_value,
71017,liveness,missing_value,
71022,tempo,outlier_high,402.1214
71025,loudness,outlier_low,-87.3878
71026,valence,outlier_low,-0.0421
71032,loudness,missing_value,
71032,liveness,missing_value,
71036,valence,missing_value,
71043,acousticness,missing_value,
71047,danceability,missing_value,
71051,speechiness,missing_value,
71054,speechiness,missing_value,
71064,valence,missing_value,
71064,energy,missing_value,
71066,instrumentalness,missing_value,
71069,tempo,missing_value,
71070,valence,missing_value,
71070,liveness,missing_value,
71071,loudness,missing_value,
71074,instrumentalness,missing_value,
71077,danceability,missing_value,
71078,liveness,missing_value,
71081,liveness,missing_value,
71081,energy,missing_value,
71088,danceability,outlier_low,-0.0194
71090,loudness,missing_value,
71091,instrumentalness,missing_value,
71091,energy,missing_value,
71093,acousticness,missing_value,
71098,acousticness,missing_value,
71117,loudness,missing_value,
71120,valence,missing_value,
71123,tempo,outlier_low,0.5437
71123,speechiness,missing_value,
71130,loudness,missing_value,
71131,tempo,missing_value,
71132,speechiness,missing_value,
71137,loudness,missing_value,
71142,loudness,outlier_low,-86.9476
71144,danceability,missing_value,
71150,liveness,missing_value,
71153,energy,missing_value,
71155,valence,outlier_high,1.2905
71155,instrumentalness,missing_value,
71166,liveness,missing_value,
71173,speechiness,missing_value,
71178,danceability,missing_value,
71179,tempo,outlier_high,360.8027
71180,instrumentalness,missing_value,
71181,loudness,missing_value,
71185,energy,missing_value,
71188,energy,missing_value,
71189,valence,missing_value,
71190,liveness,missing_value,
71195,loudness,missing_value,
71200,liveness,missing_value,
71208,speechiness,missing_value,
71215,instrumentalness,missing_value,
71218,liveness,missing_value,
71219,instrumentalness,missing_value,
71220,speechiness,missing_value,
71220,valence,missing_value,
71227,tempo,missing_value,
71230,loudness,outlier_low,-78.8637
71230,valence,missing_value,
71233,danceability,missing_value,
71233,acousticness,missing_value,
71236,liveness,missing_value,
71243,instrumentalness,missing_value,
71248,tempo,missing_value,
71250,instrumentalness,missing_value,
71251,loudness,outlier_low,-78.1631
71251,acousticness,missing_value,
71254,instrumentalness,missing_value,
71259,tempo,missing_value,
71262,danceability,missing_value,
71265,liveness,missing_value,
71273,tempo,missing_value,
71282,loudness,outlier_high,1.2843
71283,loudness,missing_value,
71288,acousticness,missing_value,
71299,liveness,missing_value,
71304,valence,missing_value,
71312,liveness,missing_value,
71313,acousticness,missing_value,
71315,instrumentalness,missing_value,
71318,instrumentalness,missing_value,
71321,speechiness,missing_value,
71322,speechiness,missing_value,
71325,liveness,missing_value,
71325,danceability,outlier_low,-0.2038
71331,liveness,missing_value,
71335,loudness,missing_value,
71339,liveness,missing_value,
71351,tempo,outlier_high,335.4857
71353,liveness,missing_value,
71354,danceability,outlier_high,1.0868
71354,valence,missing_value,
71355,liveness,missing_value,
71365,tempo,outlier_low,10.5452
71366,liveness,missing_value,
71371,danceability,missing_value,
71376,loudness,missing_value,
71377,tempo,missing_value,
71381,acousticness,missing_value,
71385,loudness,missing_value,
71386,danceability,missing_value,
71389,tempo,missing_value,
71391,danceability,missing_value,
71395,instrumentalness,missing_value,
71402,liveness,missing_value,
71402,acousticness,missing_value,
71405,energy,missing_value,
71407,loudness,missing_value,
71407,valence,outlier_low,-0.2192
71409,speechiness,missing_value,
71422,danceability,missing_value,
71429,danceability,missing_value,
71431,loudness,missing_value,
71433,energy,missing_value,
71435,energy,missing_value,
71437,liveness,missing_value,
71438,valence,missing_value,
71440,acousticness,missing_value,
71444,instrumentalness,missing_value,
71448,instrumentalness,missing_value,
71452,speechiness,missing_value,
71452,liveness,missing_value,
71456,acousticness,missing_value,
71458,tempo,missing_value,
71459,danceability,missing_value,
71463,danceability,missing_value,
71463,instrumentalness,missing_value,
71466,acousticness,missing_value,
71470,loudness,missing_value,
71472,tempo,missing_value,
71483,instrumentalness,missing_value,
71486,danceability,missing_value,
71487,danceability,outlier_low,-0.0648
71489,liveness,missing_value,
71491,energy,missing_value,
71493,danceability,missing_value,
71497,energy,missing_value,
71508,loudness,outlier_high,9.1909
71509,liveness,missing_value,
71512,speechiness,missing_value,
71512,loudness,missing_value,
71517,danceability,outlier_high,1.4341
71518,energy,missing_value,
71526,danceability,missing_value,
71527,tempo,missing_value,
71530,loudness,missing_value,
71545,energy,outlier_low,-0.1119
71558,speechiness,missing_value,
71561,tempo,outlier_high,300.2065
71563,instrumentalness,missing_value,
71568,energy,missing_value,
71569,liveness,missing_value,
71572,instrumentalness,missing_value,
71573,liveness,missing_value,
71580,danceability,missing_value,
71582,tempo,missing_value,
71586,tempo,missing_value,
71593,loudness,missing_value,
71598,energy,missing_value,
71604,acousticness,missing_value,
71606,loudness,missing_value,
71607,danceability,outlier_low,-0.1735
71607,instrumentalness,missing_value,
71618,instrumentalness,missing_value,
71622,energy,missing_value,
71633,danceability,outlier_high,1.1767
71635,speechiness,missing_value,
71641,acousticness,missing_value,
71646,liveness,missing_value,
71649,tempo,outlier_high,366.1553
71650,liveness,missing_value,
71651,liveness,missing_value,
71654,energy,missing_value,
71657,loudness,missing_value,
71663,acousticness,missing_value,
71664,loudness,missing_value,
71668,energy,missing_value,
71671,energy,missing_value,
71671,instrumentalness,missing_value,
71672,valence,missing_value,
71677,speechiness,missing_value,
71680,loudness,missing_value,
71691,acousticness,missing_value,
71693,instrumentalness,missing_value,
71695,acousticness,missing_value,
71697,energy,missing_value,
71701,danceability,missing_value,
71701,loudness,missing_value,
71704,tempo,missing_value,
71705,loudness,missing_value,
71710,valence,outlier_low,-0.2139
71714,danceability,missing_value,
71716,valence,missing_value,
71719,liveness,missing_value,
71721,speechiness,missing_value,
71724,loudness,outlier_low,-73.8921
71727,liveness,missing_value,
71727,energy,missing_value,
71728,danceability,missing_value,
71731,valence,missing_value,
71732,speechiness,missing_value,
71734,valence,missing_value,
71734,energy,outlier_low,-0.2813
71735,acousticness,missing_value,
71742,instrumentalness,missing_value,
71747,energy,missing_value,
71748,danceability,missing_value,
71750,instrumentalness,missing_value,
71753,loudness,missing_value,
71755,danceability,outlier_low,-0.2124
71756,energy,missing_value,
71757,instrumentalness,missing_value,
71759,danceability,missing_value,
71761,liveness,missing_value,
71761,instrumentalness,missing_value,
71765,valence,outlier_low,-0.2382
71767,danceability,outlier_low,-0.2947
71770,valence,missing_value,
71770,loudness,missing_value,
71772,valence,missing_value,
71773,loudness,missing_value,
71774,danceability,missing_value,
71777,acousticness,missing_value,
71782,speechiness,missing_value,
71786,instrumentalness,missing_value,
71797,speechiness,missing_value,
71799,loudness,missing_value,
71801,tempo,missing_value,
71803,speechiness,missing_value,
71805,valence,missing_value,
71807,tempo,missing_value,
71808,instrumentalness,missing_value,
71813,tempo,missing_value,
71813,valence,missing_value,
71815,tempo,outlier_low,4.6576
71820,liveness,missing_value,
71820,instrumentalness,missing_value,
71821,speechiness,missing_value,
71824,danceability,missing_value,
71826,danceability,missing_value,
71840,energy,outlier_low,-0.0307
71845,danceability,outlier_high,1.1735
71845,valence,missing_value,
71845,tempo,missing_value,
71849,energy,missing_value,
71852,energy,missing_value,
71855,energy,missing_value,
71855,instrumentalness,missing_value,
71858,tempo,missing_value,
71862,instrumentalness,missing_value,
71866,liveness,missing_value,
71866,speechiness,missing_value,
71868,speechiness,missing_value,
71870,loudness,missing_value,
71872,energy,missing_value,
71874,danceability,missing_value,
71877,liveness,missing_value,
71882,energy,missing_value,
71882,speechiness,missing_value,
71884,loudness,missing_value,
71885,tempo,missing_value,
71887,speechiness,missing_value,
71890,loudness,missing_value,
71894,energy,outlier_low,-0.2748
71896,valence,missing_value,
71897,danceability,missing_value,
71898,speechiness,missing_value,
71902,instrumentalness,missing_value,
71910,loudness,missing_value,
71910,liveness,missing_value,
71912,tempo,missing_value,
71913,acousticness,missing_value,
71913,valence,outlier_high,1.3472
71914,tempo,missing_value,
71916,instrumentalness,missing_value,
71917,valence,missing_value,
71918,loudness,missing_value,
71918,acousticness,missing_value,
71920,valence,missing_value,
71922,liveness,missing_value,
71922,energy,missing_value,
71923,instrumentalness,missing_value,
71925,danceability,missing_value,
71935,energy,outlier_low,-0.0660
71938,energy,outlier_high,1.1451
71939,danceability,missing_value,
71940,liveness,missing_value,
71940,instrumentalness,missing_value,
71941,speechiness,missing_value,
71947,valence,missing_value,
71956,danceability,missing_value,
71958,energy,missing_value,
71958,speechiness,missing_value,
71959,instrumentalness,missing_value,
71962,tempo,missing_value,
71965,speechiness,missing_value,
71967,liveness,missing_value,
71967,tempo,missing_value,
71980,loudness,missing_value,
71985,danceability,missing_value,
71986,speechiness,missing_value,
71990,acousticness,missing_value,
71993,valence,outlier_low,-0.1197
71995,tempo,missing_value,
71995,acousticness,missing_value,
71997,liveness,missing_value,
72000,energy,missing_value,
72001,danceability,missing_value,
72004,tempo,missing_value,
72005,speechiness,missing_value,
72014,tempo,missing_value,
72020,loudness,missing_value,
72021,energy,outlier_low,-0.2664
72022,acousticness,missing_value,
72025,loudness,missing_value,
72026,acousticness,missing_value,
72029,tempo,missing_value,
72032,energy,missing_value,
72032,loudness,missing_value,
72032,tempo,missing_value,
72033,danceability,missing_value,
72035,acousticness,missing_value,
72046,instrumentalness,missing_value,
72050,liveness,missing_value,
72051,valence,missing_value,
72052,speechiness,missing_value,
72053,energy,outlier_low,-0.1506
72053,liveness,missing_value,
72054,tempo,outlier_low,7.8085
72060,loudness,missing_value,
72061,loudness,missing_value,
72065,instrumentalness,missing_value,
72067,loudness,missing_value,
72068,loudness,missing_value,
72070,danceability,missing_value,
72070,speechiness,missing_value,
72075,danceability,missing_value,
72081,valence,missing_value,
72087,tempo,missing_value,
72089,instrumentalness,missing_value,
72094,liveness,missing_value,
72095,danceability,missing_value,
72096,acousticness,missing_value,
72097,valence,outlier_low,-0.2047
72098,loudness,missing_value,
72098,speechiness,missing_value,
72100,speechiness,missing_value,
72110,speechiness,missing_value,
72115,danceability,missing_value,
72119,tempo,missing_value,
72136,energy,missing_value,
72136,liveness,missing_value,
72143,acousticness,missing_value,
72143,danceability,missing_value,
72143,liveness,missing_value,
72146,valence,outlier_high,1.2281
72152,energy,missing_value,
72154,danceability,missing_value,
72160,danceability,missing_value,
72162,valence,missing_value,
72166,speechiness,missing_value,
72167,tempo,missing_value,
72172,liveness,missing_value,
72178,tempo,missing_value,
72187,speechiness,missing_value,
72187,loudness,outlier_low,-73.7351
72201,acousticness,missing_value,
72208,liveness,missing_value,
72209,danceability,missing_value,
72210,valence,outlier_high,1.2756
72210,speechiness,missing_value,
72212,danceability,missing_value,
72212,tempo,missing_value,
72213,energy,missing_value,
72217,loudness,missing_value,
72219,loudness,missing_value,
72222,tempo,missing_value,
72223,loudness,outlier_high,8.0226
72225,tempo,missing_value,
72236,instrumentalness,missing_value,
72237,danceability,missing_value,
72239,liveness,missing_value,
72244,acousticness,missing_value,
72252,instrumentalness,missing_value,
72253,energy,missing_value,
72261,valence,outlier_high,1.2126
72261,danceability,missing_value,
72264,loudness,outlier_high,5.2768
72270,acousticness,missing_value,
72274,speechiness,missing_value,
72276,acousticness,missing_value,
72279,tempo,missing_value,
72282,tempo,missing_value,
72283,danceability,missing_value,
72285,energy,missing_value,
72286,energy,missing_value,
72292,liveness,missing_value,
72297,instrumentalness,missing_value,
72301,instrumentalness,missing_value,
72305,acousticness,missing_value,
72306,instrumentalness,missing_value,
72308,energy,outlier_high,1.4611
72312,tempo,missing_value,
72323,valence,missing_value,
72328,danceability,missing_value,
72331,danceability,missing_value,
72336,loudness,missing_value,
72338,danceability,missing_value,
72338,energy,missing_value,
72342,instrumentalness,missing_value,
72343,valence,outlier_low,-0.1038
72346,energy,outlier_high,1.1920
72348,danceability,outlier_high,1.2946
72350,instrumentalness,missing_value,
72362,valence,outlier_high,1.4512
72363,valence,missing_value,
72364,valence,missing_value,
72370,liveness,missing_value,
72373,energy,missing_value,
72375,danceability,missing_value,
72377,energy,missing_value,
72377,liveness,missing_value,
72378,loudness,missing_value,
72383,tempo,outlier_low,14.0290
72384,energy,missing_value,
72392,loudness,missing_value,
72394,speechiness,missing_value,
72402,instrumentalness,missing_value,
72405,energy,outlier_high,1.1465
72405,speechiness,missing_value,
72405,tempo,outlier_high,322.0969
72410,energy,outlier_low,-0.1896
72414,valence,missing_value,
72420,liveness,missing_value,
72421,speechiness,missing_value,
72423,instrumentalness,missing_value,
72425,instrumentalness,missing_value,
72429,tempo,outlier_low,11.6343
72431,acousticness,missing_value,
72433,tempo,missing_value,
72436,liveness,missing_value,
72436,energy,missing_value,
72437,energy,outlier_low,-0.1985
72443,valence,missing_value,
72444,liveness,missing_value,
72445,danceability,missing_value,
72447,energy,missing_value,
72449,tempo,missing_value,
72451,danceability,missing_value,
72452,acousticness,missing_value,
72455,loudness,missing_value,
72460,tempo,missing_value,
72461,tempo,outlier_high,303.4606
72463,instrumentalness,missing_value,
72468,valence,missing_value,
72473,tempo,missing_value,
72479,speechiness,missing_value,
72481,valence,missing_value,
72482,liveness,missing_value,
72485,valence,outlier_high,1.2462
72490,tempo,missing_value,
72491,valence,outlier_low,-0.2426
72495,loudness,missing_value,
72496,danceability,outlier_high,1.4546
72498,danceability,missing_value,
72500,speechiness,missing_value,
72505,instrumentalness,missing_value,
72507,liveness,missing_value,
72510,liveness,missing_value,
72513,danceability,missing_value,
72520,tempo,missing_value,
72522,energy,missing_value,
72523,instrumentalness,missing_value,
72528,valence,missing_value,
72530,valence,missing_value,
72540,speechiness,missing_value,
72543,instrumentalness,missing_value,
72548,loudness,missing_value,
72553,energy,missing_value,
72557,tempo,outlier_low,5.6171
72561,tempo,missing_value,
72562,liveness,missing_value,
72562,energy,missing_value,
72569,tempo,outlier_low,5.8560
72572,acousticness,missing_value,
72575,tempo,missing_value,
72575,energy,missing_value,
72579,energy,outlier_low,-0.1920
72583,danceability,outlier_low,-0.0911
72591,energy,missing_value,
72594,acousticness,missing_value,
72594,instrumentalness,missing_value,
72595,liveness,missing_value,
72597,valence,missing_value,
72597,liveness,missing_value,
72598,loudness,outlier_high,5.1296
72600,speechiness,missing_value,
72605,danceability,missing_value,
72608,energy,missing_value,
72624,instrumentalness,missing_value,
72625,instrumentalness,missing_value,
72625,valence,missing_value,
72631,acousticness,missing_value,
72632,valence,missing_value,
72633,energy,missing_value,
72639,danceability,outlier_low,-0.0653
72639,tempo,missing_value,
72642,liveness,missing_value,
72645,energy,missing_value,
72647,energy,missing_value,
72650,tempo,missing_value,
72667,tempo,missing_value,
72668,valence,outlier_high,1.4971
72669,danceability,missing_value,
72670,valence,missing_value,
72672,loudness,missing_value,
72675,speechiness,missing_value,
72676,acousticness,missing_value,
72679,speechiness,missing_value,
72680,tempo,missing_value,
72685,liveness,missing_value,
72687,instrumentalness,missing_value,
72689,danceability,missing_value,
72692,liveness,missing_value,
72696,speechiness,missing_value,
72698,tempo,missing_value,
72698,danceability,missing_value,
72700,instrumentalness,missing_value,
72701,acousticness,missing_value,
72704,loudness,outlier_high,1.8253
72721,liveness,missing_value,
72723,energy,outlier_low,-0.2047
72735,speechiness,missing_value,
72735,energy,missing_value,
72735,instrumentalness,missing_value,
72737,liveness,missing_value,
72737,instrumentalness,missing_value,
72738,speechiness,missing_value,
72762,loudness,missing_value,
72766,valence,missing_value,
72775,valence,missing_value,
72783,danceability,missing_value,
72783,tempo,missing_value,
72783,speechiness,missing_value,
72784,valence,outlier_low,-0.0712
72788,loudness,missing_value,
72790,instrumentalness,missing_value,
72790,danceability,missing_value,
72794,acousticness,missing_value,
72796,tempo,missing_value,
72796,instrumentalness,missing_value,
72798,tempo,missing_value,
72800,instrumentalness,missing_value,
72804,valence,missing_value,
72810,loudness,outlier_high,3.3851
72812,valence,outlier_high,1.1989
72812,tempo,missing_value,
72816,acousticness,missing_value,
72817,liveness,missing_value,
72817,danceability,missing_value,
72821,speechiness,missing_value,
72824,danceability,outlier_low,-0.1938
72826,liveness,missing_value,
72827,loudness,missing_value,
72830,loudness,missing_value,
72835,tempo,missing_value,
72837,speechiness,missing_value,
72838,speechiness,missing_value,
72842,loudness,missing_value,
72843,valence,missing_value,
72847,energy,missing_value,
72847,loudness,missing_value,
72848,tempo,outlier_low,13.7581
72850,acousticness,missing_value,
72855,loudness,missing_value,
72857,speechiness,missing_value,
72858,danceability,outlier_high,1.2354
72859,acousticness,missing_value,
72859,tempo,missing_value,
72859,danceability,missing_value,
72860,tempo,missing_value,
72869,energy,missing_value,
72873,loudness,missing_value,
72874,danceability,missing_value,
72874,valence,missing_value,
72879,speechiness,missing_value,
72883,speechiness,missing_value,
72885,acousticness,missing_value,
72886,loudness,missing_value,
72888,speechiness,missing_value,
72891,energy,missing_value,
72898,loudness,missing_value,
72903,valence,missing_value,
72904,liveness,missing_value,
72905,energy,missing_value,
72906,valence,missing_value,
72907,acousticness,missing_value,
72909,valence,missing_value,
72911,danceability,missing_value,
72911,instrumentalness,missing_value,
72911,valence,missing_value,
72913,danceability,outlier_high,1.1022
72915,liveness,missing_value,
72917,acousticness,missing_value,
72918,valence,missing_value,
72920,loudness,missing_value,
72920,danceability,missing_value,
72921,speechiness,missing_value,
72924,liveness,missing_value,
72928,loudness,missing_value,
72936,valence,missing_value,
72939,tempo,missing_value,
72944,danceability,outlier_high,1.2327
72945,danceability,missing_value,
72949,energy,missing_value,
72952,loudness,missing_value,
72952,tempo,missing_value,
72956,energy,missing_value,
72962,tempo,missing_value,
72962,instrumentalness,missing_value,
72963,tempo,missing_value,
72966,tempo,missing_value,
72966,danceability,missing_value,
72967,tempo,missing_value,
72976,energy,missing_value,
72986,speechiness,missing_value,
72988,loudness,missing_value,
72993,acousticness,missing_value,
72996,speechiness,missing_value,
73000,speechiness,missing_value,
73007,speechiness,missing_value,
73011,valence,missing_value,
73015,tempo,missing_value,
73016,speechiness,missing_value,
73028,tempo,missing_value,
73033,valence,missing_value,
73033,loudness,missing_value,
73033,instrumentalness,missing_value,
73035,energy,missing_value,
73043,acousticness,missing_value,
73044,tempo,outlier_high,320.6474
73048,energy,missing_value,
73051,tempo,missing_value,
73053,valence,outlier_low,-0.2256
73053,instrumentalness,missing_value,
73065,energy,missing_value,
73071,liveness,missing_value,
73072,valence,missing_value,
73075,energy,missing_value,
73078,loudness,missing_value,
73080,instrumentalness,missing_value,
73082,valence,outlier_high,1.3549
73085,energy,outlier_low,-0.2394
73087,danceability,missing_value,
73087,instrumentalness,missing_value,
73088,loudness,missing_value,
73093,valence,missing_value,
73099,liveness,missing_value,
73101,valence,outlier_low,-0.0242
73106,speechiness,missing_value,
73107,speechiness,missing_value,
73113,valence,missing_value,
73114,liveness,missing_value,
73121,valence,outlier_low,-0.0543
73126,energy,missing_value,
73131,speechiness,missing_value,
73141,valence,missing_value,
73143,instrumentalness,missing_value,
73144,tempo,outlier_high,418.6084
73155,tempo,missing_value,
73155,danceability,missing_value,
73156,danceability,outlier_low,-0.1729
73157,acousticness,missing_value,
73158,loudness,missing_value,
73158,tempo,missing_value,
73170,liveness,missing_value,
73174,liveness,missing_value,
73176,energy,missing_value,
73182,energy,missing_value,
73182,loudness,missing_value,
73189,loudness,missing_value,
73189,speechiness,missing_value,
73200,valence,missing_value,
73203,tempo,missing_value,
73208,speechiness,missing_value,
73213,valence,missing_value,
73215,loudness,missing_value,
73224,loudness,outlier_low,-78.4590
73232,acousticness,missing_value,
73235,valence,missing_value,
73240,speechiness,missing_value,
73245,loudness,outlier_low,-73.9716
73245,tempo,missing_value,
73246,liveness,missing_value,
73247,instrumentalness,missing_value,
73247,danceability,missing_value,
73250,tempo,outlier_high,384.5106
73252,instrumentalness,missing_value,
73253,speechiness,missing_value,
73255,instrumentalness,missing_value,
73260,energy,missing_value,
73265,acousticness,missing_value,
73272,speechiness,missing_value,
73274,tempo,missing_value,
73284,loudness,missing_value,
73285,energy,missing_value,
73285,valence,outlier_high,1.3245
73287,tempo,missing_value,
73292,instrumentalness,missing_value,
73294,loudness,missing_value,
73294,tempo,outlier_high,308.4126
73296,instrumentalness,missing_value,
73297,speechiness,missing_value,
73299,loudness,missing_value,
73302,valence,missing_value,
73303,valence,missing_value,
73306,instrumentalness,missing_value,
73308,instrumentalness,missing_value,
73313,acousticness,missing_value,
73321,liveness,missing_value,
73333,loudness,outlier_high,8.8741
73342,instrumentalness,missing_value,
73343,tempo,missing_value,
73345,loudness,missing_value,
73349,acousticness,missing_value,
73356,instrumentalness,missing_value,
73359,danceability,missing_value,
73363,liveness,missing_value,
73366,speechiness,missing_value,
73369,tempo,missing_value,
73371,tempo,missing_value,
73376,instrumentalness,missing_value,
73377,energy,missing_value,
73380,instrumentalness,missing_value,
73382,instrumentalness,missing_value,
73389,speechiness,missing_value,
73390,danceability,missing_value,
73394,tempo,outlier_low,10.0415
73397,danceability,outlier_low,-0.2606
73404,loudness,missing_value,
73404,acousticness,missing_value,
73406,danceability,missing_value,
73409,tempo,missing_value,
73410,instrumentalness,missing_value,
73413,danceability,missing_value,
73414,instrumentalness,missing_value,
73422,danceability,missing_value,
73423,liveness,missing_value,
73424,speechiness,missing_value,
73425,loudness,missing_value,
73439,speechiness,missing_value,
73439,danceability,missing_value,
73450,instrumentalness,missing_value,
73450,speechiness,missing_value,
73462,danceability,outlier_low,-0.2538
73465,loudness,missing_value,
73472,tempo,missing_value,
73475,liveness,missing_value,
73476,instrumentalness,missing_value,
73477,valence,missing_value,
73483,valence,missing_value,
73483,liveness,missing_value,
73490,energy,missing_value,
73497,instrumentalness,missing_value,
73498,valence,missing_value,
73501,energy,missing_value,
73509,valence,missing_value,
73515,energy,missing_value,
73517,acousticness,missing_value,
73519,danceability,outlier_low,-0.0801
73528,tempo,outlier_low,8.0745
73530,valence,outlier_low,-0.2665
73535,valence,outlier_high,1.1552
73541,energy,missing_value,
73543,speechiness,missing_value,
73552,liveness,missing_value,
73552,acousticness,missing_value,
73553,acousticness,missing_value,
73558,acousticness,missing_value,
73558,instrumentalness,missing_value,
73562,valence,missing_value,
73567,valence,outlier_low,-0.2249
73572,danceability,missing_value,
73575,instrumentalness,missing_value,
73579,liveness,missing_value,
73580,loudness,missing_value,
73584,energy,outlier_high,1.1920
73594,liveness,missing_value,
73603,loudness,missing_value,
73605,valence,outlier_high,1.4787
73608,danceability,missing_value,
73610,energy,outlier_low,-0.2901
73611,speechiness,missing_value,
73616,danceability,outlier_low,-0.2560
73617,instrumentalness,missing_value,
73622,instrumentalness,missing_value,
73627,danceability,missing_value,
73631,valence,missing_value,
73633,loudness,missing_value,
73637,loudness,missing_value,
73638,danceability,missing_value,
73649,instrumentalness,missing_value,
73650,instrumentalness,missing_value,
73651,danceability,missing_value,
73657,valence,missing_value,
73662,loudness,missing_value,
73663,acousticness,missing_value,
73665,tempo,missing_value,
73670,danceability,missing_value,
73673,danceability,missing_value,
73675,acousticness,missing_value,
73681,tempo,missing_value,
73685,tempo,missing_value,
73685,liveness,missing_value,
73686,tempo,outlier_low,10.6303
73687,liveness,missing_value,
73689,energy,missing_value,
73691,danceability,missing_value,
73691,loudness,missing_value,
73691,instrumentalness,missing_value,
73695,energy,outlier_low,-0.1815
73696,loudness,outlier_low,-82.4750
73698,tempo,missing_value,
73700,danceability,missing_value,
73708,tempo,outlier_low,12.7838
73709,loudness,outlier_high,5.6826
73710,acousticness,missing_value,
73716,energy,missing_value,
73717,loudness,missing_value,
73718,liveness,missing_value,
73719,energy,missing_value,
73719,acousticness,missing_value,
73724,speechiness,missing_value,
73730,instrumentalness,missing_value,
73732,tempo,missing_value,
73734,valence,missing_value,
73735,acousticness,missing_value,
73736,acousticness,missing_value,
73741,tempo,missing_value,
73743,energy,missing_value,
73751,tempo,missing_value,
73753,danceability,missing_value,
73755,acousticness,missing_value,
73757,valence,missing_value,
73759,speechiness,missing_value,
73759,tempo,missing_value,
73766,acousticness,missing_value,
73766,energy,outlier_high,1.1732
73774,instrumentalness,missing_value,
73777,loudness,missing_value,
73779,instrumentalness,missing_value,
73784,tempo,missing_value,
73799,valence,outlier_low,-0.1092
73801,energy,outlier_high,1.0535
73803,speechiness,missing_value,
73805,valence,missing_value,
73813,tempo,outlier_high,335.7841
73818,tempo,missing_value,
73819,danceability,missing_value,
73820,loudness,missing_value,
73823,energy,outlier_high,1.4091
73836,energy,outlier_low,-0.0461
73844,tempo,missing_value,
73844,valence,missing_value,
73846,speechiness,missing_value,
73846,energy,outlier_high,1.1900
73847,speechiness,missing_value,
73850,energy,missing_value,
73850,valence,missing_value,
73851,loudness,missing_value,
73856,speechiness,missing_value,
73858,speechiness,missing_value,
73863,danceability,missing_value,
73866,tempo,missing_value,
73868,danceability,missing_value,
73868,liveness,missing_value,
73871,energy,missing_value,
73873,valence,outlier_low,-0.0916
73875,speechiness,missing_value,
73880,energy,missing_value,
73881,energy,missing_value,
73881,speechiness,missing_value,
73885,danceability,missing_value,
73887,loudness,missing_value,
73897,liveness,missing_value,
73902,liveness,missing_value,
73902,loudness,missing_value,
73905,acousticness,missing_value,
73906,energy,missing_value,
73907,loudness,missing_value,
73910,speechiness,missing_value,
73911,tempo,missing_value,
73912,danceability,missing_value,
73918,energy,outlier_low,-0.1425
73926,danceability,missing_value,
73931,danceability,missing_value,
73932,speechiness,missing_value,
73932,tempo,missing_value,
73932,instrumentalness,missing_value,
73933,danceability,missing_value,
73949,energy,missing_value,
73953,valence,outlier_high,1.4711
73954,energy,outlier_low,-0.1812
73955,instrumentalness,missing_value,
73957,valence,missing_value,
73958,valence,missing_value,
73961,speechiness,missing_value,
73961,valence,outlier_low,-0.0473
73963,loudness,missing_value,
73968,energy,missing_value,
73971,valence,missing_value,
73975,tempo,missing_value,
73984,liveness,missing_value,
73987,speechiness,missing_value,
73993,tempo,missing_value,
73993,speechiness,missing_value,
73997,energy,missing_value,
73998,valence,missing_value,
74000,valence,missing_value,
74002,liveness,missing_value,
74005,loudness,missing_value,
74011,valence,missing_value,
74017,danceability,missing_value,
74018,tempo,missing_value,
74018,loudness,missing_value,
74019,acousticness,missing_value,
74019,valence,outlier_high,1.4144
74020,liveness,missing_value,
74021,valence,missing_value,
74026,loudness,missing_value,
74027,energy,missing_value,
74031,energy,missing_value,
74032,tempo,missing_value,
74032,danceability,missing_value,
74041,instrumentalness,missing_value,
74042,acousticness,missing_value,
74045,acousticness,missing_value,
74051,liveness,missing_value,
74051,energy,missing_value,
74057,speechiness,missing_value,
74058,valence,missing_value,
74059,energy,missing_value,
74065,tempo,missing_value,
74068,energy,missing_value,
74072,danceability,missing_value,
74073,tempo,missing_value,
74075,speechiness,missing_value,
74084,acousticness,missing_value,
74089,liveness,missing_value,
74091,loudness,missing_value,
74091,danceability,outlier_low,-0.2843
74094,speechiness,missing_value,
74095,tempo,missing_value,
74100,valence,missing_value,
74101,valence,missing_value,
74120,energy,missing_value,
74123,liveness,missing_value,
74125,tempo,missing_value,
74128,instrumentalness,missing_value,
74129,liveness,missing_value,
74133,speechiness,missing_value,
74139,loudness,missing_value,
74141,tempo,missing_value,
74148,valence,missing_value,
74149,loudness,missing_value,
74151,acousticness,missing_value,
74155,energy,missing_value,
74156,tempo,missing_value,
74156,speechiness,missing_value,
74161,valence,missing_value,
74163,loudness,missing_value,
74164,tempo,missing_value,
74164,energy,missing_value,
74164,speechiness,missing_value,
74169,instrumentalness,missing_value,
74170,tempo,missing_value,
74174,valence,missing_value,
74176,valence,missing_value,
74177,valence,missing_value,
74182,liveness,missing_value,
74183,instrumentalness,missing_value,
74189,loudness,missing_value,
74195,liveness,missing_value,
74199,energy,missing_value,
74200,loudness,missing_value,
74201,tempo,missing_value,
74208,speechiness,missing_value,
74212,energy,missing_value,
74217,danceability,outlier_low,-0.1229
74228,danceability,missing_value,
74235,energy,missing_value,
74239,instrumentalness,missing_value,
74240,acousticness,missing_value,
74242,speechiness,missing_value,
74246,acousticness,missing_value,
74248,loudness,missing_value,
74260,speechiness,missing_value,
74275,acousticness,missing_value,
74278,danceability,missing_value,
74281,loudness,missing_value,
74283,loudness,outlier_low,-73.2993
74287,tempo,missing_value,
74291,acousticness,missing_value,
74295,danceability,missing_value,
74297,acousticness,missing_value,
74300,danceability,missing_value,
74304,liveness,missing_value,
74309,speechiness,missing_value,
74335,valence,missing_value,
74338,speechiness,missing_value,
74339,tempo,outlier_high,376.4012
74354,acousticness,missing_value,
74364,danceability,missing_value,
74364,valence,missing_value,
74367,energy,missing_value,
74368,energy,missing_value,
74369,danceability,missing_value,
74372,tempo,missing_value,
74376,energy,missing_value,
74378,tempo,missing_value,
74382,loudness,missing_value,
74386,tempo,missing_value,
74394,loudness,missing_value,
74395,liveness,missing_value,
74399,liveness,missing_value,
74400,acousticness,missing_value,
74402,instrumentalness,missing_value,
74402,liveness,missing_value,
74406,speechiness,missing_value,
74408,liveness,missing_value,
74413,acousticness,missing_value,
74414,instrumentalness,missing_value,
74414,loudness,missing_value,
74416,speechiness,missing_value,
74417,danceability,outlier_low,-0.2946
74424,energy,missing_value,
74428,valence,missing_value,
74429,liveness,missing_value,
74431,speechiness,missing_value,
74435,valence,outlier_high,1.4601
74436,instrumentalness,missing_value,
74437,tempo,missing_value,
74439,tempo,missing_value,
74448,valence,missing_value,
74449,speechiness,missing_value,
74449,energy,missing_value,
74452,acousticness,missing_value,
74458,valence,missing_value,
74459,danceability,missing_value,
74459,valence,missing_value,
74463,tempo,missing_value,
74466,danceability,missing_value,
74467,energy,missing_value,
74474,tempo,missing_value,
74477,acousticness,missing_value,
74482,danceability,missing_value,
74488,speechiness,missing_value,
74489,energy,missing_value,
74491,valence,missing_value,
74495,loudness,missing_value,
74496,instrumentalness,missing_value,
74502,valence,missing_value,
74505,acousticness,missing_value,
74506,valence,missing_value,
74509,energy,missing_value,
74509,danceability,missing_value,
74512,instrumentalness,missing_value,
74514,loudness,missing_value,
74519,instrumentalness,missing_value,
74525,loudness,missing_value,
74527,energy,missing_value,
74540,speechiness,missing_value,
74542,valence,outlier_high,1.4329
74550,valence,missing_value,
74551,acousticness,missing_value,
74555,acousticness,missing_value,
74561,instrumentalness,missing_value,
74566,tempo,missing_value,
74569,speechiness,missing_value,
74572,danceability,missing_value,
74575,liveness,missing_value,
74578,valence,missing_value,
74580,energy,missing_value,
74583,loudness,missing_value,
74583,danceability,missing_value,
74585,energy,missing_value,
74586,liveness,missing_value,
74586,danceability,missing_value,
74590,danceability,missing_value,
74592,danceability,missing_value,
74597,loudness,missing_value,
74599,energy,missing_value,
74599,instrumentalness,missing_value,
74599,speechiness,missing_value,
74604,speechiness,missing_value,
74604,energy,missing_value,
74610,tempo,missing_value,
74611,tempo,missing_value,
74612,tempo,missing_value,
74615,speechiness,missing_value,
74616,instrumentalness,missing_value,
74618,energy,missing_value,
74620,valence,missing_value,
74628,loudness,missing_value,
74629,valence,outlier_low,-0.1324
74630,loudness,missing_value,
74641,energy,missing_value,
74642,acousticness,missing_value,
74642,loudness,missing_value,
74644,loudness,missing_value,
74644,instrumentalness,missing_value,
74647,loudness,missing_value,
74651,danceability,missing_value,
74652,instrumentalness,missing_value,
74653,tempo,missing_value,
74657,acousticness,missing_value,
74658,energy,missing_value,
74660,acousticness,missing_value,
74665,tempo,missing_value,
74665,energy,outlier_high,1.3509
74670,tempo,missing_value,
74671,speechiness,missing_value,
74673,speechiness,missing_value,
74676,acousticness,missing_value,
74676,energy,missing_value,
74680,valence,missing_value,
74682,acousticness,missing_value,
74700,speechiness,missing_value,
74716,danceability,missing_value,
74716,instrumentalness,missing_value,
74720,instrumentalness,missing_value,
74725,instrumentalness,missing_value,
74726,tempo,outlier_low,1.5871
74731,tempo,outlier_high,401.7421
74738,valence,missing_value,
74741,valence,missing_value,
74742,valence,missing_value,
74746,danceability,missing_value,
74747,tempo,missing_value,
74751,danceability,missing_value,
74754,instrumentalness,missing_value,
74765,tempo,outlier_high,372.6980
74768,tempo,missing_value,
74768,instrumentalness,missing_value,
74779,valence,missing_value,
74787,liveness,missing_value,
74787,acousticness,missing_value,
74788,speechiness,missing_value,
74802,loudness,missing_value,
74807,valence,missing_value,
74809,valence,missing_value,
74810,danceability,outlier_high,1.4360
74811,loudness,missing_value,
74813,instrumentalness,missing_value,
74820,tempo,missing_value,
74825,tempo,outlier_low,2.0856
74828,loudness,outlier_low,-75.3735
74830,acousticness,missing_value,
74835,valence,missing_value,
74841,valence,missing_value,
74843,energy,missing_value,
74849,speechiness,missing_value,
74849,energy,missing_value,
74851,tempo,outlier_high,327.4296
74853,liveness,missing_value,
74858,liveness,missing_value,
74864,tempo,missing_value,
74866,acousticness,missing_value,
74868,energy,missing_value,
74879,loudness,missing_value,
74879,acousticness,missing_value,
74881,energy,missing_value,
74884,valence,missing_value,
74885,valence,missing_value,
74887,danceability,outlier_low,-0.1311
74888,acousticness,missing_value,
74888,liveness,missing_value,
74889,valence,missing_value,
74893,energy,missing_value,
74893,liveness,missing_value,
74894,energy,missing_value,
74894,valence,missing_value,
74899,instrumentalness,missing_value,
74900,loudness,missing_value,
74904,acousticness,missing_value,
74906,tempo,missing_value,
74907,danceability,missing_value,
74908,tempo,missing_value,
74914,energy,missing_value,
74915,danceability,missing_value,
74918,instrumentalness,missing_value,
74919,loudness,missing_value,
74920,danceability,missing_value,
74923,valence,missing_value,
74924,acousticness,missing_value,
74925,speechiness,missing_value,
74929,energy,missing_value,
74930,speechiness,missing_value,
74935,danceability,missing_value,
74936,danceability,outlier_high,1.3008
74936,speechiness,missing_value,
74938,speechiness,missing_value,
74938,tempo,missing_value,
74938,instrumentalness,missing_value,
74942,danceability,missing_value,
74955,tempo,missing_value,
74955,speechiness,missing_value,
74955,energy,missing_value,
74957,liveness,missing_value,
74971,tempo,outlier_high,326.3471
74971,speechiness,missing_value,
74975,speechiness,missing_value,
74976,liveness,missing_value,
74982,loudness,missing_value,
74985,energy,missing_value,
74986,acousticness,missing_value,
74988,speechiness,missing_value,
74988,loudness,missing_value,
74993,instrumentalness,missing_value,
74997,instrumentalness,missing_value,
75000,danceability,outlier_high,1.4849
75006,danceability,missing_value,
75012,acousticness,missing_value,
75023,valence,missing_value,
75024,energy,missing_value,
75029,loudness,missing_value,
75034,tempo,outlier_high,419.4810
75036,tempo,missing_value,
75043,valence,outlier_high,1.1459
75044,valence,missing_value,
75047,energy,missing_value,
75047,speechiness,missing_value,
75052,tempo,outlier_high,376.3450
75053,acousticness,missing_value,
75057,energy,missing_value,
75067,acousticness,missing_value,
75075,loudness,missing_value,
75075,danceability,missing_value,
75078,energy,missing_value,
75080,energy,missing_value,
75083,loudness,missing_value,
75084,instrumentalness,missing_value,
75089,loudness,missing_value,
75092,speechiness,missing_value,
75097,tempo,outlier_high,350.5511
75098,loudness,missing_value,
75100,energy,missing_value,
75104,loudness,missing_value,
75106,liveness,missing_value,
75107,tempo,missing_value,
75115,acousticness,missing_value,
75117,loudness,outlier_high,7.4702
75123,danceability,missing_value,
75128,valence,missing_value,
75133,instrumentalness,missing_value,
75136,energy,missing_value,
75137,tempo,missing_value,
75138,danceability,missing_value,
75142,danceability,missing_value,
75143,tempo,missing_value,
75147,tempo,outlier_low,2.6749
75150,speechiness,missing_value,
75153,instrumentalness,missing_value,
75156,instrumentalness,missing_value,
75159,loudness,outlier_low,-89.2196
75160,loudness,outlier_low,-77.8574
75161,danceability,missing_value,
75161,acousticness,missing_value,
75166,liveness,missing_value,
75166,acousticness,missing_value,
75169,danceability,missing_value,
75171,danceability,missing_value,
75173,instrumentalness,missing_value,
75174,danceability,missing_value,
75175,acousticness,missing_value,
75176,liveness,missing_value,
75182,energy,missing_value,
75186,loudness,missing_value,
75190,danceability,missing_value,
75193,valence,missing_value,
75193,speechiness,missing_value,
75195,danceability,outlier_low,-0.1104
75199,acousticness,missing_value,
75199,valence,missing_value,
75199,tempo,missing_value,
75202,danceability,missing_value,
75202,loudness,outlier_low,-73.2395
75202,energy,outlier_low,-0.2955
75210,danceability,missing_value,
75215,valence,missing_value,
75215,liveness,missing_value,
75224,loudness,missing_value,
75225,valence,missing_value,
75230,danceability,missing_value,
75230,valence,missing_value,
75231,energy,missing_value,
75232,energy,missing_value,
75234,acousticness,missing_value,
75235,loudness,missing_value,
75241,energy,missing_value,
75247,speechiness,missing_value,
75248,acousticness,missing_value,
75249,speechiness,missing_value,
75254,tempo,missing_value,
75255,danceability,missing_value,
75261,danceability,missing_value,
75271,instrumentalness,missing_value,
75275,valence,missing_value,
75286,acousticness,missing_value,
75287,valence,missing_value,
75295,loudness,outlier_high,4.9140
75295,valence,outlier_high,1.0674
75296,acousticness,missing_value,
75319,energy,outlier_low,-0.1316
75321,danceability,outlier_low,-0.1343
75322,loudness,missing_value,
75324,liveness,missing_value,
75328,danceability,outlier_low,-0.1247
75333,liveness,missing_value,
75334,instrumentalness,missing_value,
75336,instrumentalness,missing_value,
75339,tempo,missing_value,
75340,loudness,missing_value,
75342,energy,missing_value,
75344,loudness,missing_value,
75345,danceability,missing_value,
75349,energy,missing_value,
75358,liveness,missing_value,
75359,valence,missing_value,
75362,speechiness,missing_value,
75364,instrumentalness,missing_value,
75368,valence,missing_value,
75369,danceability,missing_value,
75370,liveness,missing_value,
75372,tempo,missing_value,
75372,liveness,missing_value,
75375,danceability,missing_value,
75376,liveness,missing_value,
75378,speechiness,missing_value,
75385,tempo,outlier_high,316.8571
75387,danceability,missing_value,
75387,valence,outlier_low,-0.1459
75388,loudness,missing_value,
75399,speechiness,missing_value,
75401,speechiness,missing_value,
75417,speechiness,missing_value,
75418,liveness,missing_value,
75422,liveness,missing_value,
75426,instrumentalness,missing_value,
75427,energy,missing_value,
75428,instrumentalness,missing_value,
75432,tempo,missing_value,
75435,danceability,outlier_low,-0.1874
75435,instrumentalness,missing_value,
75440,valence,missing_value,
75444,acousticness,missing_value,
75445,liveness,missing_value,
75445,valence,outlier_low,-0.2078
75458,acousticness,missing_value,
75459,tempo,missing_value,
75461,valence,missing_value,
75462,tempo,missing_value,
75464,loudness,missing_value,
75466,danceability,missing_value,
75470,danceability,missing_value,
75476,energy,missing_value,
75483,energy,outlier_high,1.0950
75487,energy,missing_value,
75487,instrumentalness,missing_value,
75494,danceability,missing_value,
75500,loudness,missing_value,
75504,loudness,missing_value,
75506,liveness,missing_value,
75513,speechiness,missing_value,
75514,energy,missing_value,
75514,loudness,missing_value,
75515,acousticness,missing_value,
75516,liveness,missing_value,
75518,speechiness,missing_value,
75519,loudness,missing_value,
75520,instrumentalness,missing_value,
75523,valence,missing_value,
75525,energy,outlier_low,-0.1021
75530,valence,outlier_high,1.0739
75532,valence,missing_value,
75533,danceability,missing_value,
75536,speechiness,missing_value,
75536,valence,missing_value,
75538,liveness,missing_value,
75541,tempo,missing_value,
75552,danceability,missing_value,
75555,speechiness,missing_value,
75557,speechiness,missing_value,
75565,energy,missing_value,
75574,loudness,missing_value,
75575,loudness,missing_value,
75575,danceability,missing_value,
75576,energy,missing_value,
75577,tempo,missing_value,
75577,acousticness,missing_value,
75579,energy,missing_value,
75585,valence,missing_value,
75590,instrumentalness,missing_value,
75591,danceability,missing_value,
75592,acousticness,missing_value,
75594,liveness,missing_value,
75603,loudness,missing_value,
75604,instrumentalness,missing_value,
75609,acousticness,missing_value,
75612,valence,missing_value,
75616,tempo,missing_value,
75626,acousticness,missing_value,
75627,acousticness,missing_value,
75641,tempo,missing_value,
75643,danceability,missing_value,
75649,speechiness,missing_value,
75649,instrumentalness,missing_value,
75654,liveness,missing_value,
75667,loudness,missing_value,
75667,tempo,missing_value,
75672,valence,missing_value,
75675,speechiness,missing_value,
75677,energy,missing_value,
75678,speechiness,missing_value,
75680,loudness,missing_value,
75685,loudness,missing_value,
75688,loudness,missing_value,
75697,energy,missing_value,
75704,valence,missing_value,
75711,instrumentalness,missing_value,
75714,loudness,missing_value,
75715,danceability,missing_value,
75719,danceability,outlier_high,1.4310
75725,speechiness,missing_value,
75731,valence,outlier_high,1.2237
75732,energy,missing_value,
75733,danceability,missing_value,
75735,acousticness,missing_value,
75736,valence,missing_value,
75746,speechiness,missing_value,
75748,tempo,outlier_high,408.3505
75750,danceability,missing_value,
75752,loudness,missing_value,
75756,acousticness,missing_value,
75758,energy,missing_value,
75759,valence,outlier_high,1.4867
75760,speechiness,missing_value,
75762,instrumentalness,missing_value,
75763,danceability,missing_value,
75767,valence,outlier_high,1.3347
75767,speechiness,missing_value,
75770,energy,missing_value,
75772,liveness,missing_value,
75774,tempo,missing_value,
75782,tempo,missing_value,
75783,loudness,missing_value,
75784,valence,missing_value,
75784,liveness,missing_value,
75784,danceability,missing_value,
75791,acousticness,missing_value,
75791,valence,missing_value,
75794,energy,outlier_low,-0.0663
75794,valence,missing_value,
75795,valence,missing_value,
75800,danceability,missing_value,
75800,energy,missing_value,
75804,speechiness,missing_value,
75805,acousticness,missing_value,
75805,danceability,outlier_low,-0.2086
75808,energy,missing_value,
75808,valence,missing_value,
75814,loudness,outlier_high,8.9295
75822,speechiness,missing_value,
75823,danceability,outlier_low,-0.0899
75831,acousticness,missing_value,
75832,acousticness,missing_value,
75835,tempo,outlier_high,419.9462
75836,liveness,missing_value,
75839,loudness,missing_value,
75842,instrumentalness,missing_value,
75843,danceability,missing_value,
75847,valence,outlier_high,1.3304
75849,tempo,missing_value,
75850,valence,missing_value,
75852,acousticness,missing_value,
75854,liveness,missing_value,
75860,liveness,missing_value,
75864,danceability,missing_value,
75870,loudness,missing_value,
75871,valence,missing_value,
75871,instrumentalness,missing_value,
75873,danceability,missing_value,
75882,tempo,missing_value,
75886,liveness,missing_value,
75886,valence,missing_value,
75887,danceability,missing_value,
75888,energy,missing_value,
75889,loudness,missing_value,
75892,valence,missing_value,
75895,danceability,missing_value,
75899,loudness,missing_value,
75904,acousticness,missing_value,
75909,danceability,missing_value,
75918,acousticness,missing_value,
75918,valence,missing_value,
75922,liveness,missing_value,
75928,tempo,missing_value,
75929,danceability,missing_value,
75929,speechiness,missing_value,
75931,loudness,missing_value,
75933,energy,missing_value,
75937,tempo,missing_value,
75938,loudness,missing_value,
75938,instrumentalness,missing_value,
75939,valence,outlier_low,-0.1275
75940,tempo,missing_value,
75944,acousticness,missing_value,
75948,instrumentalness,missing_value,
75950,acousticness,missing_value,
75951,speechiness,missing_value,
75951,danceability,missing_value,
75958,energy,missing_value,
75959,instrumentalness,missing_value,
75961,tempo,missing_value,
75964,loudness,missing_value,
75970,instrumentalness,missing_value,
75972,tempo,missing_value,
75972,valence,missing_value,
75973,valence,missing_value,
75981,speechiness,missing_value,
75982,danceability,missing_value,
75984,loudness,missing_value,
75988,instrumentalness,missing_value,
76001,tempo,missing_value,
76003,tempo,missing_value,
76005,loudness,missing_value,
76011,acousticness,missing_value,
76014,instrumentalness,missing_value,
76020,danceability,missing_value,
76021,liveness,missing_value,
76024,liveness,missing_value,
76025,speechiness,missing_value,
76026,loudness,missing_value,
76030,danceability,outlier_low,-0.2148
76033,tempo,outlier_low,0.8728
76034,instrumentalness,missing_value,
76034,loudness,outlier_low,-87.3455
76039,valence,missing_value,
76040,loudness,outlier_low,-76.0514
76047,speechiness,missing_value,
76050,energy,missing_value,
76052,energy,missing_value,
76056,tempo,outlier_low,12.6759
76063,energy,missing_value,
76064,valence,missing_value,
76078,valence,missing_value,
76082,speechiness,missing_value,
76086,energy,missing_value,
76087,energy,missing_value,
76088,tempo,missing_value,
76090,loudness,missing_value,
76091,energy,missing_value,
76096,liveness,missing_value,
76103,energy,missing_value,
76104,danceability,missing_value,
76116,liveness,missing_value,
76120,tempo,outlier_high,310.7346
76122,valence,missing_value,
76129,tempo,missing_value,
76129,acousticness,missing_value,
76133,tempo,missing_value,
76134,tempo,missing_value,
76134,acousticness,missing_value,
76140,loudness,missing_value,
76141,liveness,missing_value,
76144,liveness,missing_value,
76146,instrumentalness,missing_value,
76149,danceability,missing_value,
76154,acousticness,missing_value,
76160,tempo,outlier_low,12.9451
76165,danceability,missing_value,
76167,speechiness,missing_value,
76169,danceability,missing_value,
76176,instrumentalness,missing_value,
76177,loudness,missing_value,
76182,tempo,missing_value,
76185,valence,missing_value,
76194,speechiness,missing_value,
76197,liveness,missing_value,
76197,speechiness,missing_value,
76202,danceability,missing_value,
76206,acousticness,missing_value,
76206,instrumentalness,missing_value,
76212,loudness,missing_value,
76214,speechiness,missing_value,
76216,liveness,missing_value,
76218,energy,missing_value,
76222,valence,outlier_low,-0.0752
76224,acousticness,missing_value,
76224,danceability,missing_value,
76226,valence,outlier_low,-0.2380
76226,energy,missing_value,
76227,valence,missing_value,
76228,liveness,missing_value,
76228,danceability,missing_value,
76230,speechiness,missing_value,
76231,loudness,missing_value,
76233,tempo,missing_value,
76236,valence,missing_value,
76239,danceability,outlier_high,1.2812
76240,speechiness,missing_value,
76248,tempo,missing_value,
76249,valence,missing_value,
76254,acousticness,missing_value,
76261,tempo,missing_value,
76263,speechiness,missing_value,
76265,tempo,missing_value,
76271,acousticness,missing_value,
76276,loudness,missing_value,
76281,loudness,missing_value,
76286,loudness,missing_value,
76287,tempo,missing_value,
76293,acousticness,missing_value,
76294,speechiness,missing_value,
76295,tempo,missing_value,
76296,speechiness,missing_value,
76302,liveness,missing_value,
76304,instrumentalness,missing_value,
76305,speechiness,missing_value,
76307,instrumentalness,missing_value,
76308,tempo,outlier_high,366.6641
76320,danceability,missing_value,
76324,speechiness,missing_value,
76325,valence,missing_value,
76327,instrumentalness,missing_value,
76329,tempo,missing_value,
76330,danceability,missing_value,
76331,tempo,missing_value,
76333,loudness,missing_value,
76336,danceability,missing_value,
76345,danceability,missing_value,
76347,tempo,outlier_low,4.3485
76347,loudness,outlier_low,-85.3876
76358,liveness,missing_value,
76360,liveness,missing_value,
76371,loudness,missing_value,
76378,speechiness,missing_value,
76379,valence,missing_value,
76379,loudness,missing_value,
76384,energy,missing_value,
76386,tempo,missing_value,
76392,acousticness,missing_value,
76395,acousticness,missing_value,
76396,energy,outlier_high,1.3156
76396,liveness,missing_value,
76398,danceability,missing_value,
76398,loudness,missing_value,
76402,danceability,missing_value,
76420,danceability,outlier_low,-0.2447
76431,tempo,outlier_high,415.7782
76431,loudness,missing_value,
76435,liveness,missing_value,
76435,acousticness,missing_value,
76437,speechiness,missing_value,
76440,acousticness,missing_value,
76441,loudness,missing_value,
76443,instrumentalness,missing_value,
76443,energy,missing_value,
76445,instrumentalness,missing_value,
76448,instrumentalness,missing_value,
76452,tempo,missing_value,
76453,tempo,missing_value,
76455,energy,missing_value,
76461,valence,missing_value,
76466,tempo,missing_value,
76473,valence,missing_value,
76473,tempo,missing_value,
76481,energy,missing_value,
76486,instrumentalness,missing_value,
76490,acousticness,missing_value,
76492,acousticness,missing_value,
76494,acousticness,missing_value,
76494,instrumentalness,missing_value,
76495,energy,missing_value,
76501,speechiness,missing_value,
76502,loudness,outlier_low,-72.1791
76504,tempo,missing_value,
76506,valence,missing_value,
76508,loudness,missing_value,
76508,speechiness,missing_value,
76513,instrumentalness,missing_value,
76515,acousticness,missing_value,
76520,energy,missing_value,
76524,instrumentalness,missing_value,
76530,acousticness,missing_value,
76535,speechiness,missing_value,
76541,speechiness,missing_value,
76545,tempo,missing_value,
76546,loudness,outlier_low,-73.1831
76548,valence,missing_value,
76551,liveness,missing_value,
76552,liveness,missing_value,
76554,liveness,missing_value,
76557,valence,missing_value,
76557,liveness,missing_value,
76560,valence,missing_value,
76561,acousticness,missing_value,
76562,danceability,missing_value,
76562,tempo,outlier_low,3.3556
76562,valence,missing_value,
76564,energy,missing_value,
76568,liveness,missing_value,
76573,danceability,missing_value,
76586,acousticness,missing_value,
76588,tempo,missing_value,
76594,valence,missing_value,
76598,speechiness,missing_value,
76603,liveness,missing_value,
76604,tempo,outlier_low,5.9061
76608,energy,missing_value,
76608,valence,missing_value,
76613,acousticness,missing_value,
76613,loudness,missing_value,
76620,danceability,missing_value,
76621,acousticness,missing_value,
76623,loudness,outlier_low,-76.0856
76624,valence,missing_value,
76631,tempo,outlier_high,379.2244
76631,valence,missing_value,
76633,loudness,missing_value,
76634,energy,missing_value,
76642,energy,outlier_high,1.1212
76644,instrumentalness,missing_value,
76644,valence,missing_value,
76650,energy,missing_value,
76652,danceability,outlier_high,1.1910
76654,valence,missing_value,
76655,acousticness,missing_value,
76656,acousticness,missing_value,
76662,valence,outlier_high,1.2644
76665,valence,outlier_high,1.4412
76668,acousticness,missing_value,
76669,liveness,missing_value,
76673,valence,outlier_high,1.2175
76676,loudness,missing_value,
76679,loudness,missing_value,
76680,instrumentalness,missing_value,
76689,danceability,missing_value,
76690,speechiness,missing_value,
76690,danceability,missing_value,
76691,speechiness,missing_value,
76694,valence,outlier_high,1.1820
76697,energy,missing_value,
76698,tempo,outlier_low,14.6153
76701,acousticness,missing_value,
76702,instrumentalness,missing_value,
76705,instrumentalness,missing_value,
76706,speechiness,missing_value,
76711,energy,outlier_low,-0.1164
76713,speechiness,missing_value,
76715,speechiness,missing_value,
76720,valence,outlier_low,-0.1301
76722,valence,missing_value,
76723,danceability,missing_value,
76727,acousticness,missing_value,
76731,tempo,missing_value,
76736,instrumentalness,missing_value,
76737,liveness,missing_value,
76738,loudness,missing_value,
76747,valence,missing_value,
76750,energy,missing_value,
76751,valence,missing_value,
76755,energy,missing_value,
76756,danceability,outlier_low,-0.0632
76760,danceability,missing_value,
76762,tempo,missing_value,
76768,instrumentalness,missing_value,
76768,liveness,missing_value,
76770,acousticness,missing_value,
76771,liveness,missing_value,
76778,danceability,missing_value,
76779,tempo,missing_value,
76786,acousticness,missing_value,
76786,tempo,missing_value,
76789,speechiness,missing_value,
76795,energy,missing_value,
76795,loudness,missing_value,
76799,loudness,missing_value,
76801,energy,missing_value,
76802,danceability,missing_value,
76803,instrumentalness,missing_value,
76811,loudness,missing_value,
76815,loudness,missing_value,
76818,valence,missing_value,
76818,tempo,missing_value,
76826,instrumentalness,missing_value,
76828,valence,missing_value,
76829,valence,missing_value,
76832,liveness,missing_value,
76832,loudness,outlier_high,6.0246
76838,valence,missing_value,
76842,acousticness,missing_value,
76844,danceability,missing_value,
76844,valence,outlier_low,-0.0167
76846,tempo,missing_value,
76849,danceability,missing_value,
76852,acousticness,missing_value,
76858,acousticness,missing_value,
76860,instrumentalness,missing_value,
76865,danceability,missing_value,
76865,energy,missing_value,
76868,liveness,missing_value,
76868,speechiness,missing_value,
76876,speechiness,missing_value,
76878,speechiness,missing_value,
76879,energy,missing_value,
76881,valence,missing_value,
76884,tempo,outlier_low,9.7177
76887,danceability,missing_value,
76890,valence,missing_value,
76891,speechiness,missing_value,
76894,acousticness,missing_value,
76900,danceability,missing_value,
76912,danceability,missing_value,
76913,energy,missing_value,
76917,energy,outlier_high,1.3076
76919,loudness,missing_value,
76921,loudness,outlier_high,4.6042
76923,liveness,missing_value,
76924,loudness,missing_value,
76924,danceability,missing_value,
76929,acousticness,missing_value,
76948,loudness,missing_value,
76948,danceability,missing_value,
76951,liveness,missing_value,
76952,instrumentalness,missing_value,
76953,tempo,missing_value,
76953,speechiness,missing_value,
76955,danceability,missing_value,
76957,danceability,outlier_low,-0.1320
76958,danceability,missing_value,
76960,loudness,missing_value,
76961,tempo,outlier_high,405.3660
76961,acousticness,missing_value,
76968,danceability,missing_value,
76969,tempo,missing_value,
76971,instrumentalness,missing_value,
76973,speechiness,missing_value,
76975,danceability,missing_value,
76978,instrumentalness,missing_value,
76988,liveness,missing_value,
76991,tempo,outlier_high,416.4613
76995,loudness,missing_value,
76995,instrumentalness,missing_value,
76996,instrumentalness,missing_value,
76998,valence,missing_value,
76998,energy,missing_value,
77002,tempo,missing_value,
77010,energy,missing_value,
77012,danceability,missing_value,
77013,loudness,missing_value,
77020,liveness,missing_value,
77021,liveness,missing_value,
77027,acousticness,missing_value,
77028,valence,missing_value,
77031,valence,missing_value,
77032,energy,missing_value,
77039,liveness,missing_value,
77041,instrumentalness,missing_value,
77049,instrumentalness,missing_value,
77050,tempo,missing_value,
77050,instrumentalness,missing_value,
77051,danceability,missing_value,
77052,danceability,missing_value,
77055,speechiness,missing_value,
77064,acousticness,missing_value,
77064,loudness,missing_value,
77068,instrumentalness,missing_value,
77068,acousticness,missing_value,
77070,tempo,missing_value,
77070,loudness,missing_value,
77070,instrumentalness,missing_value,
77071,speechiness,missing_value,
77073,instrumentalness,missing_value,
77076,energy,missing_value,
77077,energy,missing_value,
77081,tempo,missing_value,
77082,danceability,missing_value,
77086,danceability,missing_value,
77089,valence,missing_value,
77094,speechiness,missing_value,
77096,danceability,missing_value,
77097,energy,missing_value,
77099,tempo,missing_value,
77099,loudness,outlier_high,7.3271
77108,tempo,missing_value,
77110,valence,missing_value,
77111,speechiness,missing_value,
77114,loudness,missing_value,
77116,valence,missing_value,
77123,instrumentalness,missing_value,
77130,liveness,missing_value,
77133,valence,missing_value,
77133,energy,missing_value,
77137,energy,missing_value,
77138,danceability,missing_value,
77139,liveness,missing_value,
77139,loudness,missing_value,
77143,acousticness,missing_value,
77152,acousticness,missing_value,
77161,valence,outlier_low,-0.1900
77167,loudness,missing_value,
77167,acousticness,missing_value,
77174,speechiness,missing_value,
77174,loudness,outlier_low,-89.1772
77176,speechiness,missing_value,
77179,liveness,missing_value,
77187,speechiness,missing_value,
77188,loudness,outlier_high,9.4013
77191,liveness,missing_value,
77192,speechiness,missing_value,
77194,instrumentalness,missing_value,
77197,tempo,outlier_high,360.6028
77201,loudness,missing_value,
77204,valence,missing_value,
77209,loudness,missing_value,
77210,danceability,missing_value,
77214,tempo,missing_value,
77222,tempo,outlier_low,5.2112
77237,danceability,outlier_high,1.1703
77240,energy,missing_value,
77247,tempo,missing_value,
77247,acousticness,missing_value,
77248,valence,missing_value,
77251,acousticness,missing_value,
77252,speechiness,missing_value,
77254,energy,missing_value,
77260,instrumentalness,missing_value,
77263,danceability,missing_value,
77264,danceability,missing_value,
77271,tempo,missing_value,
77272,energy,missing_value,
77274,loudness,missing_value,
77275,speechiness,missing_value,
77287,speechiness,missing_value,
77294,tempo,missing_value,
77297,loudness,outlier_high,6.2156
77301,speechiness,missing_value,
77301,danceability,missing_value,
77307,acousticness,missing_value,
77307,energy,missing_value,
77311,danceability,missing_value,
77312,energy,missing_value,
77313,liveness,missing_value,
77316,tempo,missing_value,
77319,instrumentalness,missing_value,
77320,danceability,missing_value,
77322,valence,missing_value,
77324,tempo,missing_value,
77325,speechiness,missing_value,
77326,danceability,outlier_high,1.4393
77330,acousticness,missing_value,
77331,liveness,missing_value,
77333,acousticness,missing_value,
77335,danceability,missing_value,
77338,loudness,outlier_high,2.4545
77340,danceability,outlier_low,-0.1585
77348,tempo,missing_value,
77349,danceability,missing_value,
77350,loudness,missing_value,
77354,danceability,missing_value,
77359,valence,missing_value,
77362,acousticness,missing_value,
77366,speechiness,missing_value,
77372,danceability,outlier_low,-0.0164
77374,energy,missing_value,
77376,energy,outlier_low,-0.1223
77377,danceability,missing_value,
77385,danceability,missing_value,
77387,tempo,missing_value,
77389,valence,missing_value,
77389,acousticness,missing_value,
77394,instrumentalness,missing_value,
77394,valence,missing_value,
77398,tempo,missing_value,
77400,tempo,missing_value,
77403,valence,outlier_low,-0.1331
77409,valence,missing_value,
77412,danceability,missing_value,
77413,danceability,missing_value,
77413,instrumentalness,missing_value,
77415,speechiness,missing_value,
77415,energy,outlier_high,1.4213
77416,loudness,missing_value,
77421,speechiness,missing_value,
77428,acousticness,missing_value,
77428,energy,missing_value,
77428,liveness,missing_value,
77430,loudness,missing_value,
77433,valence,outlier_low,-0.1002
77434,loudness,missing_value,
77436,danceability,missing_value,
77437,energy,missing_value,
77441,instrumentalness,missing_value,
77443,danceability,missing_value,
77452,speechiness,missing_value,
77456,valence,missing_value,
77465,liveness,missing_value,
77466,danceability,missing_value,
77469,tempo,missing_value,
77472,instrumentalness,missing_value,
77480,speechiness,missing_value,
77481,tempo,missing_value,
77484,energy,missing_value,
77485,loudness,outlier_low,-86.9974
77487,speechiness,missing_value,
77488,loudness,missing_value,
77488,liveness,missing_value,
77492,danceability,missing_value,
77501,instrumentalness,missing_value,
77508,valence,missing_value,
77512,loudness,outlier_high,7.4607
77513,danceability,missing_value,
77516,acousticness,missing_value,
77520,speechiness,missing_value,
77520,loudness,missing_value,
77532,energy,missing_value,
77540,tempo,missing_value,
77543,liveness,missing_value,
77547,danceability,missing_value,
77554,acousticness,missing_value,
77561,instrumentalness,missing_value,
77563,loudness,missing_value,
77569,liveness,missing_value,
77577,liveness,missing_value,
77580,liveness,missing_value,
77581,tempo,missing_value,
77587,valence,missing_value,
77594,acousticness,missing_value,
77596,energy,outlier_high,1.3290
77597,danceability,missing_value,
77599,danceability,missing_value,
77600,speechiness,missing_value,
77602,valence,missing_value,
77603,tempo,missing_value,
77606,valence,outlier_high,1.0820
77606,tempo,missing_value,
77607,danceability,missing_value,
77609,tempo,outlier_low,7.0357
77609,danceability,missing_value,
77610,liveness,missing_value,
77611,instrumentalness,missing_value,
77611,acousticness,missing_value,
77618,liveness,missing_value,
77618,speechiness,missing_value,
77619,danceability,missing_value,
77624,tempo,missing_value,
77626,valence,missing_value,
77630,instrumentalness,missing_value,
77639,valence,missing_value,
77653,speechiness,missing_value,
77656,tempo,outlier_high,386.4714
77657,energy,missing_value,
77664,tempo,missing_value,
77666,danceability,missing_value,
77670,danceability,outlier_low,-0.2932
77670,loudness,outlier_high,9.5149
77679,speechiness,missing_value,
77680,acousticness,missing_value,
77681,instrumentalness,missing_value,
77683,valence,missing_value,
77689,valence,outlier_low,-0.1477
77689,danceability,missing_value,
77691,acousticness,missing_value,
77692,tempo,outlier_low,7.6336
77693,acousticness,missing_value,
77695,instrumentalness,missing_value,
77695,loudness,outlier_low,-83.1785
77697,tempo,missing_value,
77702,danceability,missing_value,
77705,danceability,missing_value,
77713,liveness,missing_value,
77717,speechiness,missing_value,
77719,energy,outlier_high,1.2322
77720,danceability,missing_value,
77721,energy,missing_value,
77725,danceability,missing_value,
77726,valence,missing_value,
77729,energy,missing_value,
77737,danceability,missing_value,
77740,liveness,missing_value,
77746,valence,missing_value,
77750,acousticness,missing_value,
77754,speechiness,missing_value,
77759,loudness,missing_value,
77764,liveness,missing_value,
77765,loudness,outlier_low,-72.2170
77765,tempo,missing_value,
77770,energy,missing_value,
77773,loudness,missing_value,
77776,loudness,outlier_high,5.9862
77780,valence,missing_value,
77782,danceability,missing_value,
77782,instrumentalness,missing_value,
77787,liveness,missing_value,
77797,instrumentalness,missing_value,
77798,speechiness,missing_value,
77801,loudness,missing_value,
77805,tempo,outlier_high,369.5992
77810,valence,outlier_high,1.2632
77812,danceability,missing_value,
77814,valence,outlier_low,-0.1197
77827,tempo,missing_value,
77831,instrumentalness,missing_value,
77834,valence,missing_value,
77839,liveness,missing_value,
77842,acousticness,missing_value,
77856,liveness,missing_value,
77859,energy,outlier_high,1.2263
77868,loudness,missing_value,
77870,danceability,missing_value,
77881,valence,missing_value,
77884,energy,outlier_low,-0.1284
77887,valence,outlier_high,1.1440
77889,valence,outlier_high,1.1256
77893,loudness,missing_value,
77896,danceability,outlier_high,1.3443
77897,instrumentalness,missing_value,
77901,tempo,missing_value,
77904,acousticness,missing_value,
77905,liveness,missing_value,
77905,loudness,missing_value,
77908,danceability,missing_value,
77910,energy,missing_value,
77916,loudness,missing_value,
77922,tempo,missing_value,
77923,tempo,outlier_high,398.1011
77925,liveness,missing_value,
77929,loudness,missing_value,
77932,speechiness,missing_value,
77932,valence,outlier_low,-0.2786
77935,energy,missing_value,
77936,instrumentalness,missing_value,
77936,speechiness,missing_value,
77938,acousticness,missing_value,
77942,speechiness,missing_value,
77942,liveness,missing_value,
77948,instrumentalness,missing_value,
77956,valence,missing_value,
77958,energy,missing_value,
77958,danceability,outlier_high,1.2053
77965,speechiness,missing_value,
77975,valence,missing_value,
77981,tempo,missing_value,
77986,acousticness,missing_value,
77993,tempo,outlier_low,0.5823
77997,loudness,missing_value,
77998,loudness,missing_value,
78000,valence,missing_value,
78005,danceability,missing_value,
78008,instrumentalness,missing_value,
78015,acousticness,missing_value,
78016,valence,missing_value,
78018,danceability,missing_value,
78018,instrumentalness,missing_value,
78021,instrumentalness,missing_value,
78026,liveness,missing_value,
78031,instrumentalness,missing_value,
78035,energy,missing_value,
78040,loudness,missing_value,
78040,energy,missing_value,
78043,instrumentalness,missing_value,
78044,tempo,missing_value,
78045,danceability,missing_value,
78056,energy,missing_value,
78059,acousticness,missing_value,
78063,tempo,outlier_low,5.1644
78073,valence,outlier_high,1.1095
78074,speechiness,missing_value,
78084,energy,missing_value,
78088,valence,missing_value,
78090,danceability,missing_value,
78095,energy,missing_value,
78098,loudness,missing_value,
78099,loudness,missing_value,
78107,loudness,outlier_low,-72.7886
78108,instrumentalness,missing_value,
78109,danceability,missing_value,
78117,loudness,missing_value,
78129,valence,missing_value,
78129,danceability,missing_value,
78138,speechiness,missing_value,
78140,energy,missing_value,
78141,danceability,outlier_high,1.4622
78141,valence,missing_value,
78144,tempo,missing_value,
78147,speechiness,missing_value,
78148,valence,missing_value,
78149,loudness,missing_value,
78150,speechiness,missing_value,
78151,danceability,missing_value,
78158,speechiness,missing_value,
78158,acousticness,missing_value,
78171,instrumentalness,missing_value,
78180,valence,missing_value,
78181,energy,missing_value,
78186,danceability,outlier_low,-0.2192
78186,valence,outlier_low,-0.1671
78186,tempo,missing_value,
78188,valence,outlier_high,1.3255
78189,tempo,missing_value,
78190,loudness,missing_value,
78193,loudness,missing_value,
78195,loudness,missing_value,
78200,energy,missing_value,
78203,acousticness,missing_value,
78206,instrumentalness,missing_value,
78214,instrumentalness,missing_value,
78214,valence,outlier_high,1.2954
78216,speechiness,missing_value,
78219,valence,missing_value,
78219,danceability,missing_value,
78224,energy,missing_value,
78228,valence,missing_value,
78230,acousticness,missing_value,
78235,danceability,outlier_high,1.1049
78239,loudness,missing_value,
78239,acousticness,missing_value,
78245,liveness,missing_value,
78245,danceability,outlier_low,-0.2491
78248,tempo,missing_value,
78250,tempo,missing_value,
78253,energy,missing_value,
78254,tempo,missing_value,
78255,danceability,missing_value,
78262,energy,missing_value,
78264,acousticness,missing_value,
78266,instrumentalness,missing_value,
78267,liveness,missing_value,
78270,energy,missing_value,
78271,valence,missing_value,
78271,liveness,missing_value,
78279,tempo,missing_value,
78284,instrumentalness,missing_value,
78285,danceability,missing_value,
78303,liveness,missing_value,
78311,valence,outlier_low,-0.1660
78316,valence,missing_value,
78319,instrumentalness,missing_value,
78319,speechiness,missing_value,
78321,speechiness,missing_value,
78321,acousticness,missing_value,
78323,energy,missing_value,
78325,instrumentalness,missing_value,
78325,tempo,missing_value,
78326,instrumentalness,missing_value,
78329,danceability,missing_value,
78329,valence,missing_value,
78333,tempo,missing_value,
78334,acousticness,missing_value,
78342,speechiness,missing_value,
78343,energy,missing_value,
78344,instrumentalness,missing_value,
78347,loudness,missing_value,
78351,tempo,missing_value,
78356,valence,missing_value,
78360,liveness,missing_value,
78367,danceability,missing_value,
78368,valence,missing_value,
78369,valence,outlier_low,-0.0426
78371,liveness,missing_value,
78376,danceability,missing_value,
78388,loudness,missing_value,
78393,valence,missing_value,
78394,loudness,outlier_high,3.5695
78398,valence,missing_value,
78399,valence,outlier_high,1.1343
78402,tempo,missing_value,
78404,danceability,missing_value,
78404,energy,missing_value,
78410,tempo,missing_value,
78419,acousticness,missing_value,
78423,valence,missing_value,
78432,acousticness,missing_value,
78435,danceability,missing_value,
78436,speechiness,missing_value,
78439,valence,missing_value,
78446,liveness,missing_value,
78449,tempo,outlier_high,365.6325
78452,loudness,missing_value,
78453,energy,missing_value,
78454,energy,missing_value,
78456,liveness,missing_value,
78459,acousticness,missing_value,
78462,acousticness,missing_value,
78464,energy,missing_value,
78476,danceability,missing_value,
78477,acousticness,missing_value,
78478,instrumentalness,missing_value,
78478,liveness,missing_value,
78486,speechiness,missing_value,
78488,loudness,missing_value,
78491,acousticness,missing_value,
78494,acousticness,missing_value,
78495,danceability,missing_value,
78502,valence,missing_value,
78504,acousticness,missing_value,
78505,valence,missing_value,
78505,speechiness,missing_value,
78509,instrumentalness,missing_value,
78517,energy,outlier_high,1.4200
78518,energy,missing_value,
78536,energy,missing_value,
78546,tempo,missing_value,
78547,instrumentalness,missing_value,
78549,acousticness,missing_value,
78564,speechiness,missing_value,
78565,danceability,outlier_high,1.4341
78568,energy,outlier_low,-0.1245
78576,tempo,missing_value,
78576,instrumentalness,missing_value,
78577,valence,outlier_low,-0.1517
78578,energy,missing_value,
78581,liveness,missing_value,
78584,loudness,missing_value,
78587,tempo,missing_value,
78588,tempo,outlier_low,9.9984
78588,danceability,missing_value,
78596,speechiness,missing_value,
78608,danceability,outlier_low,-0.1404
78617,instrumentalness,missing_value,
78625,energy,missing_value,
78628,liveness,missing_value,
78632,valence,missing_value,
78634,loudness,outlier_low,-74.8821
78636,acousticness,missing_value,
78637,valence,missing_value,
78641,valence,missing_value,
78649,loudness,missing_value,
78649,energy,outlier_low,-0.1102
78654,energy,missing_value,
78657,energy,missing_value,
78660,liveness,missing_value,
78662,loudness,missing_value,
78663,energy,missing_value,
78668,danceability,missing_value,
78673,speechiness,missing_value,
78677,liveness,missing_value,
78686,speechiness,missing_value,
78686,valence,missing_value,
78692,acousticness,missing_value,
78693,loudness,missing_value,
78695,energy,outlier_low,-0.1811
78699,speechiness,missing_value,
78701,energy,missing_value,
78712,valence,missing_value,
78720,liveness,missing_value,
78721,danceability,missing_value,
78722,speechiness,missing_value,
78723,acousticness,missing_value,
78725,speechiness,missing_value,
78727,danceability,missing_value,
78728,acousticness,missing_value,
78729,danceability,missing_value,
78731,danceability,missing_value,
78733,liveness,missing_value,
78736,acousticness,missing_value,
78740,liveness,missing_value,
78744,loudness,missing_value,
78749,liveness,missing_value,
78749,acousticness,missing_value,
78750,loudness,missing_value,
78752,acousticness,missing_value,
78755,valence,missing_value,
78756,energy,outlier_high,1.1363
78757,acousticness,missing_value,
78760,loudness,missing_value,
78764,danceability,outlier_high,1.4199
78766,loudness,missing_value,
78766,speechiness,missing_value,
78779,tempo,missing_value,
78790,danceability,missing_value,
78791,energy,missing_value,
78794,loudness,outlier_high,9.0316
78797,instrumentalness,missing_value,
78799,instrumentalness,missing_value,
78801,tempo,missing_value,
78801,loudness,missing_value,
78802,speechiness,missing_value,
78803,danceability,missing_value,
78805,loudness,missing_value,
78807,valence,missing_value,
78810,speechiness,missing_value,
78822,instrumentalness,missing_value,
78822,danceability,missing_value,
78823,energy,outlier_low,-0.0881
78827,danceability,missing_value,
78828,speechiness,missing_value,
78833,tempo,missing_value,
78835,instrumentalness,missing_value,
78839,tempo,outlier_low,4.8210
78844,danceability,missing_value,
78845,liveness,missing_value,
78853,liveness,missing_value,
78856,loudness,outlier_low,-81.9211
78859,tempo,missing_value,
78859,valence,missing_value,
78861,instrumentalness,missing_value,
78861,liveness,missing_value,
78863,liveness,missing_value,
78872,tempo,missing_value,
78872,energy,missing_value,
78875,speechiness,missing_value,
78877,loudness,missing_value,
78880,energy,missing_value,
78885,energy,missing_value,
78890,loudness,missing_value,
78893,speechiness,missing_value,
78894,liveness,missing_value,
78907,valence,outlier_high,1.3239
78911,acousticness,missing_value,
78912,tempo,missing_value,
78913,instrumentalness,missing_value,
78918,speechiness,missing_value,
78918,acousticness,missing_value,
78919,acousticness,missing_value,
78920,tempo,missing_value,
78921,danceability,outlier_low,-0.1863
78928,valence,missing_value,
78939,liveness,missing_value,
78940,energy,missing_value,
78942,liveness,missing_value,
78942,valence,missing_value,
78943,energy,missing_value,
78946,instrumentalness,missing_value,
78951,liveness,missing_value,
78952,danceability,missing_value,
78957,loudness,outlier_low,-85.9044
78958,valence,missing_value,
78959,loudness,missing_value,
78960,energy,missing_value,
78961,danceability,outlier_low,-0.2823
78962,valence,missing_value,
78962,instrumentalness,missing_value,
78963,instrumentalness,missing_value,
78966,tempo,missing_value,
78966,liveness,missing_value,
78966,acousticness,missing_value,
78968,valence,missing_value,
78968,speechiness,missing_value,
78970,valence,missing_value,
78971,loudness,missing_value,
78973,energy,missing_value,
78973,loudness,missing_value,
78974,liveness,missing_value,
78975,valence,outlier_low,-0.1433
78976,energy,outlier_low,-0.0571
78977,speechiness,missing_value,
78977,danceability,missing_value,
78980,energy,missing_value,
78983,danceability,missing_value,
78983,instrumentalness,missing_value,
78986,acousticness,missing_value,
78988,speechiness,missing_value,
78992,valence,missing_value,
78993,acousticness,missing_value,
78994,acousticness,missing_value,
78997,instrumentalness,missing_value,
78998,liveness,missing_value,
79006,speechiness,missing_value,
79012,valence,missing_value,
79015,danceability,missing_value,
79016,acousticness,missing_value,
79016,liveness,missing_value,
79018,liveness,missing_value,
79019,energy,missing_value,
79019,loudness,missing_value,
79020,instrumentalness,missing_value,
79035,liveness,missing_value,
79036,energy,outlier_high,1.4055
79038,danceability,outlier_high,1.0649
79039,tempo,outlier_low,14.6250
79047,liveness,missing_value,
79047,danceability,missing_value,
79048,acousticness,missing_value,
79050,instrumentalness,missing_value,
79056,tempo,missing_value,
79056,liveness,missing_value,
79057,energy,missing_value,
79058,acousticness,missing_value,
79059,valence,missing_value,
79061,loudness,missing_value,
79068,instrumentalness,missing_value,
79068,valence,missing_value,
79072,loudness,missing_value,
79079,acousticness,missing_value,
79080,liveness,missing_value,
79081,instrumentalness,missing_value,
79082,instrumentalness,missing_value,
79084,liveness,missing_value,
79092,tempo,missing_value,
79094,energy,missing_value,
79095,tempo,missing_value,
79100,acousticness,missing_value,
79104,acousticness,missing_value,
79106,loudness,missing_value,
79107,acousticness,missing_value,
79107,tempo,missing_value,
79108,energy,outlier_low,-0.0250
79118,instrumentalness,missing_value,
79127,loudness,missing_value,
79130,speechiness,missing_value,
79130,energy,missing_value,
79131,loudness,missing_value,
79133,acousticness,missing_value,
79134,speechiness,missing_value,
79135,energy,missing_value,
79135,acousticness,missing_value,
79141,speechiness,missing_value,
79152,loudness,missing_value,
79153,valence,missing_value,
79155,valence,missing_value,
79158,loudness,missing_value,
79164,tempo,missing_value,
79165,instrumentalness,missing_value,
79166,energy,missing_value,
79169,speechiness,missing_value,
79170,tempo,missing_value,
79175,loudness,missing_value,
79177,energy,outlier_low,-0.2249
79178,valence,outlier_high,1.2807
79182,valence,missing_value,
79184,tempo,missing_value,
79185,loudness,missing_value,
79190,danceability,missing_value,
79190,liveness,missing_value,
79196,energy,missing_value,
79206,loudness,missing_value,
79210,danceability,missing_value,
79211,valence,missing_value,
79215,loudness,outlier_low,-87.9719
79220,energy,missing_value,
79220,danceability,missing_value,
79220,acousticness,missing_value,
79221,acousticness,missing_value,
79223,speechiness,missing_value,
79229,instrumentalness,missing_value,
79231,liveness,missing_value,
79235,energy,outlier_low,-0.0781
79245,valence,missing_value,
79246,tempo,missing_value,
79247,loudness,missing_value,
79248,loudness,missing_value,
79250,danceability,missing_value,
79250,valence,missing_value,
79253,energy,missing_value,
79255,acousticness,missing_value,
79257,danceability,missing_value,
79277,acousticness,missing_value,
79282,speechiness,missing_value,
79283,energy,missing_value,
79283,speechiness,missing_value,
79291,acousticness,missing_value,
79292,danceability,outlier_high,1.3953
79293,speechiness,missing_value,
79299,acousticness,missing_value,
79304,energy,missing_value,
79318,acousticness,missing_value,
79322,instrumentalness,missing_value,
79323,valence,outlier_low,-0.1025
79338,tempo,missing_value,
79345,loudness,missing_value,
79349,speechiness,missing_value,
79356,valence,missing_value,
79362,tempo,missing_value,
79371,liveness,missing_value,
79374,tempo,missing_value,
79386,valence,missing_value,
79388,danceability,outlier_low,-0.0260
79397,energy,missing_value,
79404,energy,outlier_low,-0.0828
79407,speechiness,missing_value,
79411,liveness,missing_value,
79416,tempo,missing_value,
79417,liveness,missing_value,
79418,acousticness,missing_value,
79418,loudness,missing_value,
79436,energy,missing_value,
79437,acousticness,missing_value,
79438,acousticness,missing_value,
79444,acousticness,missing_value,
79449,acousticness,missing_value,
79450,energy,missing_value,
79452,speechiness,missing_value,
79452,acousticness,missing_value,
79453,instrumentalness,missing_value,
79453,acousticness,missing_value,
79455,tempo,outlier_low,6.0618
79475,loudness,outlier_low,-88.8142
79476,liveness,missing_value,
79477,speechiness,missing_value,
79477,energy,missing_value,
79477,liveness,missing_value,
79486,tempo,missing_value,
79490,speechiness,missing_value,
79494,tempo,missing_value,
79496,loudness,missing_value,
79497,energy,missing_value,
79497,speechiness,missing_value,
79500,tempo,missing_value,
79506,danceability,missing_value,
79508,acousticness,missing_value,
79509,acousticness,missing_value,
79510,liveness,missing_value,
79510,danceability,outlier_low,-0.1444
79511,acousticness,missing_value,
79527,energy,outlier_low,-0.1290
79527,speechiness,missing_value,
79533,danceability,missing_value,
79537,energy,missing_value,
79541,danceability,outlier_high,1.3272
79547,loudness,missing_value,
79550,danceability,missing_value,
79553,acousticness,missing_value,
79554,energy,outlier_low,-0.0421
79567,energy,missing_value,
79568,valence,missing_value,
79573,loudness,missing_value,
79573,danceability,outlier_high,1.4973
79574,valence,outlier_high,1.4405
79583,acousticness,missing_value,
79584,energy,outlier_high,1.2248
79590,acousticness,missing_value,
79591,energy,outlier_low,-0.2583
79593,valence,missing_value,
79608,loudness,missing_value,
79613,valence,missing_value,
79618,danceability,missing_value,
79620,danceability,missing_value,
79620,valence,outlier_low,-0.0729
79630,energy,outlier_high,1.2982
79638,loudness,missing_value,
79652,instrumentalness,missing_value,
79663,valence,missing_value,
79667,instrumentalness,missing_value,
79668,instrumentalness,missing_value,
79670,loudness,outlier_low,-77.4801
79674,valence,missing_value,
79685,valence,outlier_low,-0.2978
79710,tempo,missing_value,
79713,tempo,missing_value,
79714,instrumentalness,missing_value,
79716,instrumentalness,missing_value,
79725,instrumentalness,missing_value,
79725,speechiness,missing_value,
79727,liveness,missing_value,
79728,loudness,missing_value,
79737,tempo,outlier_low,11.2189
79743,speechiness,missing_value,
79744,instrumentalness,missing_value,
79751,loudness,missing_value,
79754,acousticness,missing_value,
79758,danceability,outlier_high,1.2033
79772,loudness,missing_value,
79778,tempo,missing_value,
79782,loudness,missing_value,
79786,instrumentalness,missing_value,
79791,instrumentalness,missing_value,
79792,valence,missing_value,
79798,liveness,missing_value,
79799,instrumentalness,missing_value,
79802,acousticness,missing_value,
79802,loudness,missing_value,
79803,valence,missing_value,
79804,valence,missing_value,
79809,liveness,missing_value,
79811,speechiness,missing_value,
79815,instrumentalness,missing_value,
79816,danceability,outlier_low,-0.2797
79818,danceability,missing_value,
79825,speechiness,missing_value,
79826,danceability,missing_value,
79829,energy,missing_value,
79830,danceability,missing_value,
79830,tempo,missing_value,
79831,instrumentalness,missing_value,
79833,danceability,missing_value,
79834,instrumentalness,missing_value,
79835,danceability,outlier_low,-0.1836
79837,danceability,missing_value,
79837,speechiness,missing_value,
79839,loudness,outlier_high,6.8969
79841,tempo,missing_value,
79845,energy,missing_value,
79848,loudness,missing_value,
79865,energy,missing_value,
79866,liveness,missing_value,
79869,tempo,missing_value,
79870,tempo,missing_value,
79870,speechiness,missing_value,
79872,instrumentalness,missing_value,
79872,energy,missing_value,
79873,liveness,missing_value,
79874,tempo,missing_value,
79878,tempo,outlier_high,414.3996
79883,energy,missing_value,
79888,instrumentalness,missing_value,
79888,valence,missing_value,
79889,loudness,missing_value,
79890,speechiness,missing_value,
79893,loudness,missing_value,
79893,instrumentalness,missing_value,
79898,valence,missing_value,
79905,valence,missing_value,
79908,energy,missing_value,
79909,loudness,missing_value,
79912,energy,missing_value,
79917,instrumentalness,missing_value,
79921,acousticness,missing_value,
79921,speechiness,missing_value,
79924,valence,missing_value,
79927,energy,missing_value,
79928,loudness,missing_value,
79929,energy,missing_value,
79931,danceability,outlier_high,1.3081
79932,acousticness,missing_value,
79937,acousticness,missing_value,
79939,loudness,outlier_low,-87.8038
79943,danceability,missing_value,
79944,loudness,outlier_low,-81.9069
79944,liveness,missing_value,
79948,energy,missing_value,
79953,instrumentalness,missing_value,
79962,speechiness,missing_value,
79963,valence,missing_value,
79966,acousticness,missing_value,
79971,instrumentalness,missing_value,
79976,energy,missing_value,
79977,valence,missing_value,
79984,danceability,missing_value,
79986,energy,missing_value,
79989,liveness,missing_value,
79991,tempo,missing_value,
79992,tempo,missing_value,
79994,energy,missing_value,
79994,liveness,missing_value,
79995,instrumentalness,missing_value,
79999,danceability,missing_value,
80001,loudness,missing_value,
80002,tempo,outlier_low,2.1313
80003,energy,missing_value,
80006,danceability,missing_value,
80007,tempo,outlier_low,1.9429
80008,acousticness,missing_value,
80008,instrumentalness,missing_value,
80009,tempo,missing_value,
80015,danceability,outlier_high,1.3691
80017,liveness,missing_value,
80018,speechiness,missing_value,
80022,instrumentalness,missing_value,
80025,valence,outlier_low,-0.2399
80028,instrumentalness,missing_value,
80028,acousticness,missing_value,
80034,acousticness,missing_value,
80036,energy,missing_value,
80039,speechiness,missing_value,
80042,acousticness,missing_value,
80045,valence,missing_value,
80050,valence,outlier_high,1.4190
80056,danceability,missing_value,
80058,tempo,outlier_high,401.3394
80065,instrumentalness,missing_value,
80067,energy,missing_value,
80069,tempo,missing_value,
80071,danceability,missing_value,
80080,valence,missing_value,
80081,acousticness,missing_value,
80085,speechiness,missing_value,
80089,loudness,missing_value,
80090,energy,outlier_high,1.4344
80093,valence,outlier_low,-0.2720
80094,tempo,missing_value,
80097,loudness,missing_value,
80102,valence,missing_value,
80102,loudness,missing_value,
80104,tempo,missing_value,
80108,liveness,missing_value,
80109,energy,missing_value,
80109,danceability,missing_value,
80109,liveness,missing_value,
80113,danceability,missing_value,
80121,acousticness,missing_value,
80124,valence,missing_value,
80133,acousticness,missing_value,
80142,energy,missing_value,
80147,loudness,missing_value,
80152,danceability,missing_value,
80153,valence,missing_value,
80157,loudness,missing_value,
80159,tempo,missing_value,
80162,instrumentalness,missing_value,
80163,tempo,missing_value,
80175,liveness,missing_value,
80175,energy,outlier_high,1.4984
80175,speechiness,missing_value,
80179,loudness,missing_value,
80182,valence,missing_value,
80189,liveness,missing_value,
80191,liveness,missing_value,
80194,speechiness,missing_value,
80197,loudness,outlier_low,-85.5680
80199,loudness,outlier_low,-78.1574
80202,speechiness,missing_value,
80203,tempo,missing_value,
80213,danceability,missing_value,
80215,liveness,missing_value,
80216,danceability,missing_value,
80217,tempo,missing_value,
80218,speechiness,missing_value,
80222,energy,outlier_high,1.1648
80224,tempo,missing_value,
80227,danceability,outlier_high,1.3291
80227,tempo,missing_value,
80228,danceability,missing_value,
80230,energy,outlier_high,1.2367
80232,loudness,missing_value,
80233,tempo,missing_value,
80236,acousticness,missing_value,
80240,acousticness,missing_value,
80240,danceability,missing_value,
80241,liveness,missing_value,
80242,instrumentalness,missing_value,
80243,energy,outlier_low,-0.1624
80245,valence,missing_value,
80254,energy,missing_value,
80255,tempo,missing_value,
80263,valence,missing_value,
80265,loudness,missing_value,
80265,speechiness,missing_value,
80270,loudness,missing_value,
80275,instrumentalness,missing_value,
80277,tempo,missing_value,
80284,liveness,missing_value,
80287,acousticness,missing_value,
80289,energy,outlier_high,1.1410
80290,instrumentalness,missing_value,
80291,energy,missing_value,
80292,instrumentalness,missing_value,
80294,liveness,missing_value,
80298,energy,missing_value,
80307,energy,missing_value,
80309,danceability,outlier_high,1.0961
80310,acousticness,missing_value,
80313,liveness,missing_value,
80317,tempo,missing_value,
80318,loudness,missing_value,
80322,acousticness,missing_value,
80323,speechiness,missing_value,
80324,valence,missing_value,
80330,valence,outlier_high,1.1050
80333,energy,missing_value,
80335,tempo,missing_value,
80340,tempo,missing_value,
80340,danceability,missing_value,
80342,loudness,outlier_low,-74.6743
80342,liveness,missing_value,
80342,tempo,missing_value,
80350,tempo,missing_value,
80354,tempo,missing_value,
80354,loudness,missing_value,
80362,instrumentalness,missing_value,
80362,liveness,missing_value,
80366,loudness,outlier_high,7.5552
80370,liveness,missing_value,
80372,speechiness,missing_value,
80376,tempo,missing_value,
80377,speechiness,missing_value,
80389,speechiness,missing_value,
80391,liveness,missing_value,
80391,loudness,missing_value,
80391,instrumentalness,missing_value,
80394,energy,missing_value,
80399,tempo,missing_value,
80399,energy,missing_value,
80400,energy,missing_value,
80401,liveness,missing_value,
80410,tempo,missing_value,
80413,acousticness,missing_value,
80419,valence,missing_value,
80419,tempo,missing_value,
80422,valence,missing_value,
80423,energy,missing_value,
80427,loudness,outlier_low,-88.5853
80428,valence,missing_value,
80433,speechiness,missing_value,
80434,valence,outlier_high,1.2908
80435,loudness,missing_value,
80437,valence,missing_value,
80437,energy,missing_value,
80438,energy,missing_value,
80440,tempo,missing_value,
80444,liveness,missing_value,
80447,tempo,missing_value,
80448,danceability,missing_value,
80450,instrumentalness,missing_value,
80456,instrumentalness,missing_value,
80458,speechiness,missing_value,
80464,danceability,missing_value,
80464,speechiness,missing_value,
80469,valence,missing_value,
80469,acousticness,missing_value,
80474,loudness,missing_value,
80480,tempo,missing_value,
80484,energy,outlier_low,-0.1027
80484,speechiness,missing_value,
80486,tempo,missing_value,
80491,tempo,missing_value,
80501,loudness,missing_value,
80504,liveness,missing_value,
80505,instrumentalness,missing_value,
80507,valence,missing_value,
80510,acousticness,missing_value,
80510,loudness,outlier_high,1.6575
80510,danceability,outlier_low,-0.1544
80522,tempo,missing_value,
80522,instrumentalness,missing_value,
80527,valence,missing_value,
80528,danceability,missing_value,
80530,speechiness,missing_value,
80534,speechiness,missing_value,
80535,energy,missing_value,
80536,danceability,outlier_high,1.2081
80548,energy,missing_value,
80550,instrumentalness,missing_value,
80552,instrumentalness,missing_value,
80557,loudness,missing_value,
80561,acousticness,missing_value,
80562,liveness,missing_value,
80565,acousticness,missing_value,
80567,acousticness,missing_value,
80568,liveness,missing_value,
80573,energy,outlier_high,1.2579
80573,liveness,missing_value,
80575,speechiness,missing_value,
80576,danceability,missing_value,
80578,loudness,missing_value,
80587,loudness,missing_value,
80589,valence,outlier_high,1.3099
80590,loudness,outlier_high,3.4160
80594,instrumentalness,missing_value,
80601,energy,outlier_low,-0.2274
80603,valence,missing_value,
80608,energy,missing_value,
80612,loudness,missing_value,
80618,instrumentalness,missing_value,
80621,valence,missing_value,
80626,tempo,missing_value,
80629,energy,missing_value,
80630,valence,missing_value,
80637,danceability,missing_value,
80638,valence,outlier_high,1.2174
80639,loudness,missing_value,
80642,energy,outlier_high,1.4080
80670,speechiness,missing_value,
80673,instrumentalness,missing_value,
80677,liveness,missing_value,
80679,acousticness,missing_value,
80684,tempo,missing_value,
80689,valence,missing_value,
80691,energy,missing_value,
80692,energy,missing_value,
80692,speechiness,missing_value,
80693,danceability,missing_value,
80698,danceability,missing_value,
80703,tempo,missing_value,
80707,tempo,missing_value,
80713,energy,missing_value,
80714,instrumentalness,missing_value,
80714,danceability,missing_value,
80717,speechiness,missing_value,
80729,liveness,missing_value,
80732,speechiness,missing_value,
80738,liveness,missing_value,
80740,valence,missing_value,
80741,energy,missing_value,
80745,danceability,missing_value,
80747,valence,missing_value,
80755,liveness,missing_value,
80760,speechiness,missing_value,
80765,instrumentalness,missing_value,
80767,valence,missing_value,
80769,tempo,missing_value,
80772,speechiness,missing_value,
80776,loudness,outlier_low,-81.0465
80777,loudness,missing_value,
80778,danceability,missing_value,
80780,loudness,missing_value,
80782,energy,missing_value,
80799,energy,missing_value,
80799,liveness,missing_value,
80801,speechiness,missing_value,
80809,energy,missing_value,
80809,loudness,missing_value,
80810,tempo,outlier_high,378.1220
80816,energy,missing_value,
80817,tempo,missing_value,
80821,danceability,outlier_low,-0.1361
80826,danceability,missing_value,
80831,danceability,outlier_high,1.1554
80832,loudness,missing_value,
80833,loudness,missing_value,
80835,loudness,missing_value,
80841,loudness,missing_value,
80841,valence,missing_value,
80843,danceability,outlier_low,-0.1986
80847,instrumentalness,missing_value,
80850,instrumentalness,missing_value,
80851,tempo,missing_value,
80853,loudness,missing_value,
80856,danceability,outlier_low,-0.0186
80864,valence,missing_value,
80865,danceability,missing_value,
80868,loudness,missing_value,
80870,loudness,missing_value,
80871,energy,missing_value,
80875,liveness,missing_value,
80878,instrumentalness,missing_value,
80880,tempo,missing_value,
80882,valence,missing_value,
80886,loudness,missing_value,
80888,tempo,outlier_low,9.1071
80891,instrumentalness,missing_value,
80892,energy,missing_value,
80897,tempo,missing_value,
80900,speechiness,missing_value,
80901,energy,missing_value,
80907,instrumentalness,missing_value,
80912,loudness,missing_value,
80913,energy,missing_value,
80914,tempo,missing_value,
80917,tempo,missing_value,
80928,loudness,missing_value,
80938,liveness,missing_value,
80938,danceability,missing_value,
80939,loudness,missing_value,
80947,energy,missing_value,
80949,energy,missing_value,
80950,danceability,missing_value,
80965,energy,missing_value,
80968,speechiness,missing_value,
80968,valence,missing_value,
80969,danceability,missing_value,
80977,loudness,missing_value,
80980,danceability,missing_value,
80981,speechiness,missing_value,
80984,energy,missing_value,
80990,speechiness,missing_value,
80993,danceability,missing_value,
80997,danceability,outlier_high,1.3533
80997,acousticness,missing_value,
80998,tempo,missing_value,
81002,energy,outlier_low,-0.2275
81003,danceability,missing_value,
81014,valence,outlier_low,-0.0576
81020,liveness,missing_value,
81020,speechiness,missing_value,
81020,tempo,missing_value,
81026,energy,outlier_low,-0.2210
81026,acousticness,missing_value,
81026,speechiness,missing_value,
81029,instrumentalness,missing_value,
81035,danceability,missing_value,
81036,tempo,missing_value,
81037,tempo,missing_value,
81039,speechiness,missing_value,
81041,loudness,missing_value,
81041,liveness,missing_value,
81044,speechiness,missing_value,
81052,liveness,missing_value,
81053,valence,missing_value,
81055,liveness,missing_value,
81062,liveness,missing_value,
81065,danceability,missing_value,
81067,danceability,missing_value,
81068,liveness,missing_value,
81069,speechiness,missing_value,
81069,instrumentalness,missing_value,
81071,loudness,missing_value,
81072,energy,missing_value,
81076,instrumentalness,missing_value,
81077,valence,missing_value,
81081,danceability,missing_value,
81087,loudness,missing_value,
81088,acousticness,missing_value,
81090,energy,missing_value,
81094,loudness,missing_value,
81099,energy,missing_value,
81100,acousticness,missing_value,
81103,liveness,missing_value,
81109,instrumentalness,missing_value,
81114,danceability,missing_value,
81117,tempo,missing_value,
81124,acousticness,missing_value,
81126,tempo,missing_value,
81128,loudness,missing_value,
81128,danceability,missing_value,
81131,danceability,missing_value,
81133,energy,missing_value,
81133,liveness,missing_value,
81135,acousticness,missing_value,
81136,liveness,missing_value,
81140,speechiness,missing_value,
81143,tempo,missing_value,
81153,speechiness,missing_value,
81166,valence,outlier_high,1.3760
81169,speechiness,missing_value,
81171,liveness,missing_value,
81174,liveness,missing_value,
81176,loudness,missing_value,
81177,valence,missing_value,
81177,danceability,missing_value,
81181,tempo,missing_value,
81185,instrumentalness,missing_value,
81185,valence,missing_value,
81190,acousticness,missing_value,
81194,speechiness,missing_value,
81195,acousticness,missing_value,
81208,energy,missing_value,
81211,speechiness,missing_value,
81214,tempo,missing_value,
81219,loudness,missing_value,
81221,instrumentalness,missing_value,
81226,loudness,missing_value,
81228,energy,outlier_high,1.0716
81230,danceability,missing_value,
81230,liveness,missing_value,
81238,speechiness,missing_value,
81238,acousticness,missing_value,
81242,liveness,missing_value,
81246,loudness,missing_value,
81257,speechiness,missing_value,
81257,loudness,missing_value,
81262,instrumentalness,missing_value,
81263,tempo,missing_value,
81271,instrumentalness,missing_value,
81272,instrumentalness,missing_value,
81272,energy,missing_value,
81279,acousticness,missing_value,
81282,energy,missing_value,
81283,liveness,missing_value,
81289,acousticness,missing_value,
81290,danceability,missing_value,
81291,speechiness,missing_value,
81292,tempo,missing_value,
81296,valence,outlier_high,1.0565
81305,valence,missing_value,
81308,valence,missing_value,
81315,acousticness,missing_value,
81316,instrumentalness,missing_value,
81324,energy,missing_value,
81328,liveness,missing_value,
81328,energy,missing_value,
81331,energy,outlier_low,-0.2068
81337,speechiness,missing_value,
81339,speechiness,missing_value,
81340,energy,missing_value,
81347,acousticness,missing_value,
81354,liveness,missing_value,
81355,instrumentalness,missing_value,
81359,speechiness,missing_value,
81362,liveness,missing_value,
81364,liveness,missing_value,
81365,danceability,missing_value,
81367,valence,missing_value,
81368,tempo,missing_value,
81377,loudness,missing_value,
81388,valence,missing_value,
81395,instrumentalness,missing_value,
81397,acousticness,missing_value,
81397,loudness,missing_value,
81400,danceability,outlier_low,-0.2329
81404,danceability,missing_value,
81406,energy,missing_value,
81410,danceability,missing_value,
81412,energy,missing_value,
81413,tempo,missing_value,
81415,liveness,missing_value,
81415,energy,missing_value,
81415,tempo,outlier_low,7.0906
81422,speechiness,missing_value,
81423,instrumentalness,missing_value,
81437,liveness,missing_value,
81439,loudness,missing_value,
81450,instrumentalness,missing_value,
81451,instrumentalness,missing_value,
81451,tempo,missing_value,
81463,instrumentalness,missing_value,
81468,loudness,missing_value,
81473,speechiness,missing_value,
81474,acousticness,missing_value,
81476,valence,missing_value,
81486,tempo,missing_value,
81490,loudness,outlier_low,-74.1280
81491,acousticness,missing_value,
81492,energy,outlier_low,-0.0259
81494,acousticness,missing_value,
81497,tempo,outlier_high,380.1604
81502,loudness,missing_value,
81503,liveness,missing_value,
81506,tempo,missing_value,
81511,loudness,missing_value,
81517,danceability,missing_value,
81526,danceability,missing_value,
81532,valence,missing_value,
81535,acousticness,missing_value,
81542,acousticness,missing_value,
81548,liveness,missing_value,
81552,acousticness,missing_value,
81554,tempo,missing_value,
81555,instrumentalness,missing_value,
81556,tempo,missing_value,
81557,energy,missing_value,
81563,tempo,outlier_low,2.1757
81565,loudness,missing_value,
81566,acousticness,missing_value,
81569,valence,missing_value,
81570,acousticness,missing_value,
81570,tempo,missing_value,
81572,liveness,missing_value,
81572,speechiness,missing_value,
81573,valence,missing_value,
81576,energy,outlier_high,1.3555
81579,instrumentalness,missing_value,
81580,speechiness,missing_value,
81583,energy,missing_value,
81585,instrumentalness,missing_value,
81595,valence,outlier_low,-0.0982
81600,acousticness,missing_value,
81605,energy,missing_value,
81606,loudness,missing_value,
81606,acousticness,missing_value,
81615,acousticness,missing_value,
81623,valence,missing_value,
81624,acousticness,missing_value,
81626,danceability,missing_value,
81627,liveness,missing_value,
81632,loudness,missing_value,
81638,tempo,missing_value,
81643,liveness,missing_value,
81646,danceability,missing_value,
81651,energy,missing_value,
81658,energy,missing_value,
81662,speechiness,missing_value,
81664,loudness,missing_value,
81666,danceability,missing_value,
81679,acousticness,missing_value,
81681,loudness,missing_value,
81685,speechiness,missing_value,
81687,instrumentalness,missing_value,
81692,energy,missing_value,
81695,tempo,missing_value,
81702,valence,missing_value,
81703,danceability,missing_value,
81705,valence,missing_value,
81707,loudness,missing_value,
81709,energy,missing_value,
81715,liveness,missing_value,
81735,danceability,missing_value,
81739,loudness,missing_value,
81742,instrumentalness,missing_value,
81745,danceability,missing_value,
81749,valence,outlier_high,1.1195
81751,loudness,missing_value,
81759,valence,outlier_low,-0.0746
81768,energy,missing_value,
81771,loudness,outlier_high,4.5561
81778,danceability,missing_value,
81782,liveness,missing_value,
81784,valence,missing_value,
81791,tempo,outlier_low,6.6986
81794,acousticness,missing_value,
81800,danceability,missing_value,
81803,liveness,missing_value,
81805,danceability,missing_value,
81805,liveness,missing_value,
81816,liveness,missing_value,
81817,loudness,missing_value,
81821,valence,missing_value,
81823,acousticness,missing_value,
81832,danceability,outlier_low,-0.1622
81832,valence,missing_value,
81835,danceability,missing_value,
81836,valence,outlier_low,-0.2145
81836,acousticness,missing_value,
81843,liveness,missing_value,
81845,speechiness,missing_value,
81846,valence,missing_value,
81852,danceability,outlier_low,-0.1660
81854,speechiness,missing_value,
81858,energy,missing_value,
81859,valence,missing_value,
81862,loudness,missing_value,
81866,loudness,missing_value,
81870,energy,missing_value,
81873,tempo,outlier_high,387.2985
81875,loudness,outlier_high,3.2758
81878,acousticness,missing_value,
81879,loudness,missing_value,
81888,danceability,missing_value,
81890,acousticness,missing_value,
81894,acousticness,missing_value,
81894,speechiness,missing_value,
81895,instrumentalness,missing_value,
81899,acousticness,missing_value,
81918,loudness,missing_value,
81919,acousticness,missing_value,
81919,liveness,missing_value,
81930,tempo,missing_value,
81932,energy,missing_value,
81932,speechiness,missing_value,
81938,loudness,missing_value,
81939,speechiness,missing_value,
81942,loudness,missing_value,
81942,liveness,missing_value,
81943,tempo,outlier_high,401.4990
81948,danceability,missing_value,
81948,valence,missing_value,
81955,loudness,missing_value,
81955,energy,missing_value,
81957,energy,missing_value,
81959,valence,missing_value,
81962,danceability,missing_value,
81963,loudness,missing_value,
81964,valence,missing_value,
81970,loudness,missing_value,
81972,energy,missing_value,
81974,speechiness,missing_value,
81982,tempo,missing_value,
81983,danceability,missing_value,
81990,energy,missing_value,
81995,danceability,outlier_low,-0.1073
81998,tempo,outlier_low,1.7748
81999,instrumentalness,missing_value,
82009,instrumentalness,missing_value,
82010,liveness,missing_value,
82014,acousticness,missing_value,
82016,danceability,outlier_low,-0.0589
82019,energy,missing_value,
82019,loudness,outlier_high,3.3111
82021,instrumentalness,missing_value,
82022,tempo,missing_value,
82024,loudness,missing_value,
82031,liveness,missing_value,
82031,danceability,missing_value,
82037,tempo,missing_value,
82038,valence,outlier_high,1.1096
82039,valence,missing_value,
82050,loudness,missing_value,
82050,tempo,outlier_low,10.6064
82051,acousticness,missing_value,
82054,loudness,missing_value,
82055,acousticness,missing_value,
82064,energy,outlier_low,-0.0325
82064,speechiness,missing_value,
82065,liveness,missing_value,
82065,loudness,outlier_high,9.0320
82065,tempo,outlier_low,10.6406
82069,tempo,missing_value,
82069,energy,missing_value,
82071,liveness,missing_value,
82076,loudness,missing_value,
82077,liveness,missing_value,
82079,instrumentalness,missing_value,
82082,liveness,missing_value,
82084,valence,missing_value,
82085,valence,missing_value,
82092,acousticness,missing_value,
82095,tempo,outlier_low,14.2204
82102,valence,missing_value,
82106,valence,outlier_low,-0.0839
82115,instrumentalness,missing_value,
82118,tempo,missing_value,
82119,danceability,outlier_low,-0.2267
82121,liveness,missing_value,
82122,liveness,missing_value,
82125,loudness,missing_value,
82125,tempo,missing_value,
82128,energy,outlier_low,-0.2165
82130,valence,missing_value,
82131,loudness,missing_value,
82133,speechiness,missing_value,
82135,valence,missing_value,
82140,energy,missing_value,
82153,instrumentalness,missing_value,
82154,danceability,outlier_low,-0.1026
82155,valence,outlier_high,1.2815
82160,valence,missing_value,
82165,tempo,missing_value,
82168,valence,missing_value,
82171,tempo,missing_value,
82177,liveness,missing_value,
82179,instrumentalness,missing_value,
82187,loudness,missing_value,
82191,acousticness,missing_value,
82191,danceability,missing_value,
82196,speechiness,missing_value,
82196,acousticness,missing_value,
82200,acousticness,missing_value,
82201,liveness,missing_value,
82202,acousticness,missing_value,
82214,instrumentalness,missing_value,
82214,energy,outlier_high,1.2376
82215,energy,missing_value,
82216,acousticness,missing_value,
82217,tempo,outlier_high,349.6974
82226,acousticness,missing_value,
82241,instrumentalness,missing_value,
82245,loudness,missing_value,
82251,valence,missing_value,
82254,tempo,missing_value,
82255,liveness,missing_value,
82255,danceability,missing_value,
82258,tempo,missing_value,
82262,valence,missing_value,
82262,danceability,missing_value,
82264,tempo,outlier_high,418.0101
82266,tempo,missing_value,
82269,acousticness,missing_value,
82273,acousticness,missing_value,
82276,speechiness,missing_value,
82282,speechiness,missing_value,
82286,loudness,missing_value,
82289,tempo,missing_value,
82295,acousticness,missing_value,
82296,loudness,missing_value,
82300,tempo,missing_value,
82303,speechiness,missing_value,
82309,tempo,missing_value,
82310,tempo,outlier_high,304.3409
82312,valence,outlier_low,-0.0791
82313,valence,outlier_low,-0.1045
82314,loudness,missing_value,
82316,energy,missing_value,
82317,loudness,missing_value,
82319,tempo,missing_value,
82326,danceability,missing_value,
82327,speechiness,missing_value,
82329,acousticness,missing_value,
82331,valence,outlier_low,-0.2408
82332,instrumentalness,missing_value,
82334,tempo,missing_value,
82336,acousticness,missing_value,
82337,tempo,missing_value,
82339,valence,missing_value,
82340,loudness,missing_value,
82341,tempo,missing_value,
82341,acousticness,missing_value,
82343,valence,missing_value,
82351,valence,missing_value,
82353,instrumentalness,missing_value,
82355,speechiness,missing_value,
82355,tempo,missing_value,
82356,liveness,missing_value,
82358,tempo,missing_value,
82359,loudness,missing_value,
82361,acousticness,missing_value,
82362,valence,missing_value,
82362,acousticness,missing_value,
82365,instrumentalness,missing_value,
82365,tempo,missing_value,
82366,loudness,missing_value,
82372,tempo,missing_value,
82375,liveness,missing_value,
82376,speechiness,missing_value,
82381,valence,missing_value,
82385,danceability,missing_value,
82386,danceability,missing_value,
82386,instrumentalness,missing_value,
82391,loudness,missing_value,
82392,acousticness,missing_value,
82397,energy,outlier_high,1.4945
82404,energy,missing_value,
82404,tempo,outlier_low,7.1082
82407,tempo,missing_value,
82415,tempo,missing_value,
82418,acousticness,missing_value,
82423,valence,missing_value,
82424,loudness,outlier_low,-74.4881
82425,energy,missing_value,
82428,loudness,missing_value,
82430,acousticness,missing_value,
82434,loudness,missing_value,
82436,liveness,missing_value,
82437,loudness,missing_value,
82439,liveness,missing_value,
82441,speechiness,missing_value,
82446,loudness,missing_value,
82453,speechiness,missing_value,
82456,energy,missing_value,
82458,energy,missing_value,
82461,liveness,missing_value,
82464,valence,missing_value,
82476,valence,missing_value,
82477,instrumentalness,missing_value,
82480,valence,missing_value,
82481,speechiness,missing_value,
82482,liveness,missing_value,
82497,acousticness,missing_value,
82498,speechiness,missing_value,
82499,instrumentalness,missing_value,
82500,instrumentalness,missing_value,
82502,tempo,missing_value,
82503,loudness,outlier_low,-73.6537
82505,liveness,missing_value,
82510,tempo,missing_value,
82510,danceability,missing_value,
82514,liveness,missing_value,
82514,acousticness,missing_value,
82523,danceability,missing_value,
82527,loudness,outlier_high,6.0385
82529,instrumentalness,missing_value,
82529,liveness,missing_value,
82531,speechiness,missing_value,
82538,valence,missing_value,
82542,loudness,missing_value,
82549,energy,missing_value,
82551,valence,missing_value,
82558,valence,missing_value,
82559,tempo,outlier_high,381.8058
82561,danceability,missing_value,
82562,liveness,missing_value,
82565,danceability,missing_value,
82568,liveness,missing_value,
82571,liveness,missing_value,
82577,danceability,missing_value,
82580,danceability,missing_value,
82581,tempo,missing_value,
82582,valence,missing_value,
82595,valence,missing_value,
82599,loudness,outlier_high,8.5316
82599,liveness,missing_value,
82600,liveness,missing_value,
82602,tempo,missing_value,
82611,instrumentalness,missing_value,
82612,loudness,outlier_low,-81.4896
82614,energy,outlier_low,-0.0697
82615,loudness,missing_value,
82616,energy,missing_value,
82617,valence,outlier_low,-0.1681
82618,energy,missing_value,
82622,danceability,missing_value,
82624,speechiness,missing_value,
82625,instrumentalness,missing_value,
82626,danceability,missing_value,
82627,loudness,missing_value,
82629,danceability,missing_value,
82630,energy,missing_value,
82632,speechiness,missing_value,
82633,instrumentalness,missing_value,
82636,loudness,missing_value,
82638,instrumentalness,missing_value,
82643,instrumentalness,missing_value,
82649,valence,missing_value,
82654,energy,missing_value,
82657,danceability,missing_value,
82658,speechiness,missing_value,
82659,tempo,missing_value,
82665,energy,missing_value,
82666,speechiness,missing_value,
82668,tempo,missing_value,
82669,loudness,outlier_high,1.3045
82678,valence,missing_value,
82679,acousticness,missing_value,
82684,danceability,outlier_low,-0.1656
82685,loudness,missing_value,
82687,tempo,missing_value,
82688,loudness,missing_value,
82690,acousticness,missing_value,
82692,speechiness,missing_value,
82695,loudness,missing_value,
82695,energy,missing_value,
82696,loudness,missing_value,
82697,acousticness,missing_value,
82701,tempo,outlier_high,333.4676
82709,loudness,missing_value,
82715,danceability,missing_value,
82716,instrumentalness,missing_value,
82717,valence,missing_value,
82720,tempo,missing_value,
82722,valence,outlier_high,1.3362
82722,energy,outlier_high,1.2818
82726,acousticness,missing_value,
82726,energy,outlier_low,-0.2376
82732,liveness,missing_value,
82732,acousticness,missing_value,
82738,instrumentalness,missing_value,
82740,acousticness,missing_value,
82745,liveness,missing_value,
82749,acousticness,missing_value,
82751,energy,missing_value,
82752,speechiness,missing_value,
82752,acousticness,missing_value,
82756,liveness,missing_value,
82758,acousticness,missing_value,
82769,energy,missing_value,
82775,loudness,missing_value,
82775,speechiness,missing_value,
82777,speechiness,missing_value,
82783,acousticness,missing_value,
82790,instrumentalness,missing_value,
82791,energy,missing_value,
82795,acousticness,missing_value,
82796,tempo,missing_value,
82797,energy,outlier_high,1.1793
82799,instrumentalness,missing_value,
82799,tempo,missing_value,
82813,valence,missing_value,
82830,loudness,missing_value,
82840,speechiness,missing_value,
82845,tempo,missing_value,
82846,valence,missing_value,
82850,energy,outlier_low,-0.2329
82851,instrumentalness,missing_value,
82854,loudness,missing_value,
82857,speechiness,missing_value,
82862,energy,missing_value,
82863,loudness,missing_value,
82864,energy,outlier_low,-0.2776
82869,speechiness,missing_value,
82870,acousticness,missing_value,
82872,energy,outlier_high,1.1565
82872,speechiness,missing_value,
82873,speechiness,missing_value,
82874,loudness,missing_value,
82874,valence,missing_value,
82875,tempo,missing_value,
82875,acousticness,missing_value,
82878,valence,missing_value,
82881,tempo,outlier_high,320.7071
82883,valence,missing_value,
82884,danceability,missing_value,
82885,valence,missing_value,
82889,speechiness,missing_value,
82893,tempo,outlier_high,386.2974
82894,tempo,outlier_high,365.7370
82895,energy,missing_value,
82895,tempo,missing_value,
82896,valence,missing_value,
82897,energy,outlier_high,1.1753
82900,speechiness,missing_value,
82901,valence,missing_value,
82903,tempo,missing_value,
82904,loudness,missing_value,
82914,loudness,missing_value,
82915,danceability,missing_value,
82918,energy,missing_value,
82919,loudness,missing_value,
82921,danceability,missing_value,
82923,danceability,missing_value,
82925,tempo,missing_value,
82927,loudness,missing_value,
82927,instrumentalness,missing_value,
82931,acousticness,missing_value,
82935,liveness,missing_value,
82938,valence,missing_value,
82938,loudness,missing_value,
82939,instrumentalness,missing_value,
82944,valence,missing_value,
82946,tempo,missing_value,
82952,instrumentalness,missing_value,
82953,speechiness,missing_value,
82956,valence,missing_value,
82959,instrumentalness,missing_value,
82965,tempo,missing_value,
82966,tempo,missing_value,
82973,loudness,missing_value,
82976,speechiness,missing_value,
82978,liveness,missing_value,
82979,loudness,missing_value,
82985,energy,missing_value,
82986,danceability,missing_value,
82993,speechiness,missing_value,
82997,acousticness,missing_value,
83002,instrumentalness,missing_value,
83002,speechiness,missing_value,
83004,speechiness,missing_value,
83011,tempo,outlier_high,403.3470
83013,danceability,missing_value,
83014,speechiness,missing_value,
83019,danceability,missing_value,
83024,speechiness,missing_value,
83024,tempo,missing_value,
83033,valence,missing_value,
83041,danceability,missing_value,
83042,loudness,missing_value,
83051,tempo,missing_value,
83059,speechiness,missing_value,
83060,speechiness,missing_value,
83062,danceability,missing_value,
83064,instrumentalness,missing_value,
83069,energy,missing_value,
83071,valence,missing_value,
83075,acousticness,missing_value,
83090,tempo,outlier_low,1.1070
83091,loudness,missing_value,
83095,danceability,missing_value,
83096,energy,missing_value,
83099,energy,outlier_low,-0.1510
83102,tempo,missing_value,
83103,instrumentalness,missing_value,
83105,loudness,missing_value,
83110,valence,outlier_high,1.1490
83116,speechiness,missing_value,
83129,danceability,missing_value,
83130,tempo,missing_value,
83139,danceability,missing_value,
83141,valence,missing_value,
83146,speechiness,missing_value,
83146,tempo,missing_value,
83154,danceability,missing_value,
83158,valence,missing_value,
83166,energy,missing_value,
83167,valence,missing_value,
83167,liveness,missing_value,
83168,loudness,missing_value,
83171,speechiness,missing_value,
83178,tempo,missing_value,
83179,loudness,missing_value,
83181,danceability,missing_value,
83181,valence,missing_value,
83187,tempo,missing_value,
83187,danceability,missing_value,
83191,instrumentalness,missing_value,
83193,loudness,outlier_high,8.6990
83194,energy,outlier_high,1.2596
83197,tempo,missing_value,
83200,valence,missing_value,
83202,loudness,missing_value,
83204,acousticness,missing_value,
83205,valence,missing_value,
83207,speechiness,missing_value,
83214,liveness,missing_value,
83215,acousticness,missing_value,
83222,energy,missing_value,
83230,valence,missing_value,
83237,tempo,missing_value,
83243,valence,missing_value,
83244,danceability,missing_value,
83245,instrumentalness,missing_value,
83245,tempo,missing_value,
83246,danceability,missing_value,
83247,loudness,missing_value,
83247,instrumentalness,missing_value,
83248,danceability,outlier_high,1.2088
83250,acousticness,missing_value,
83250,energy,missing_value,
83251,liveness,missing_value,
83252,instrumentalness,missing_value,
83252,valence,missing_value,
83255,valence,outlier_low,-0.1082
83257,tempo,missing_value,
83266,acousticness,missing_value,
83269,instrumentalness,missing_value,
83272,tempo,missing_value,
83272,danceability,outlier_high,1.3827
83274,liveness,missing_value,
83278,danceability,missing_value,
83279,acousticness,missing_value,
83286,valence,missing_value,
83287,loudness,missing_value,
83289,tempo,missing_value,
83290,energy,missing_value,
83295,tempo,missing_value,
83298,speechiness,missing_value,
83304,energy,missing_value,
83307,loudness,missing_value,
83307,liveness,missing_value,
83307,danceability,missing_value,
83311,liveness,missing_value,
83312,acousticness,missing_value,
83319,danceability,missing_value,
83321,liveness,missing_value,
83323,loudness,missing_value,
83323,tempo,outlier_high,327.0702
83331,valence,missing_value,
83333,loudness,missing_value,
83335,loudness,missing_value,
83341,liveness,missing_value,
83344,liveness,missing_value,
83344,loudness,missing_value,
83347,tempo,missing_value,
83354,danceability,missing_value,
83358,speechiness,missing_value,
83358,danceability,missing_value,
83363,speechiness,missing_value,
83364,loudness,missing_value,
83369,acousticness,missing_value,
83370,valence,missing_value,
83375,instrumentalness,missing_value,
83380,danceability,missing_value,
83385,loudness,outlier_high,6.7509
83386,valence,missing_value,
83390,instrumentalness,missing_value,
83390,danceability,missing_value,
83393,valence,missing_value,
83400,acousticness,missing_value,
83406,liveness,missing_value,
83406,loudness,missing_value,
83407,liveness,missing_value,
83412,acousticness,missing_value,
83416,speechiness,missing_value,
83416,danceability,missing_value,
83426,tempo,outlier_high,399.9993
83426,speechiness,missing_value,
83431,instrumentalness,missing_value,
83432,acousticness,missing_value,
83432,danceability,missing_value,
83440,danceability,outlier_high,1.2247
83447,acousticness,missing_value,
83447,energy,missing_value,
83449,tempo,missing_value,
83450,acousticness,missing_value,
83453,valence,outlier_high,1.4451
83454,tempo,missing_value,
83458,speechiness,missing_value,
83459,tempo,missing_value,
83463,instrumentalness,missing_value,
83470,tempo,missing_value,
83473,energy,missing_value,
83477,danceability,missing_value,
83479,danceability,missing_value,
83481,loudness,missing_value,
83483,danceability,missing_value,
83492,danceability,missing_value,
83494,tempo,missing_value,
83499,speechiness,missing_value,
83500,liveness,missing_value,
83501,acousticness,missing_value,
83503,valence,outlier_high,1.4893
83513,energy,missing_value,
83513,danceability,outlier_low,-0.1876
83515,speechiness,missing_value,
83518,speechiness,missing_value,
83521,instrumentalness,missing_value,
83526,speechiness,missing_value,
83527,speechiness,missing_value,
83529,valence,missing_value,
83537,speechiness,missing_value,
83542,instrumentalness,missing_value,
83542,valence,missing_value,
83544,loudness,missing_value,
83545,valence,missing_value,
83546,danceability,missing_value,
83551,instrumentalness,missing_value,
83552,instrumentalness,missing_value,
83553,instrumentalness,missing_value,
83554,valence,missing_value,
83558,tempo,missing_value,
83566,loudness,missing_value,
83587,tempo,missing_value,
83597,acousticness,missing_value,
83598,valence,missing_value,
83604,loudness,missing_value,
83606,loudness,missing_value,
83629,acousticness,missing_value,
83631,valence,missing_value,
83633,liveness,missing_value,
83633,valence,missing_value,
83637,speechiness,missing_value,
83642,instrumentalness,missing_value,
83648,valence,missing_value,
83652,instrumentalness,missing_value,
83656,speechiness,missing_value,
83669,danceability,missing_value,
83678,tempo,missing_value,
83679,acousticness,missing_value,
83681,danceability,missing_value,
83690,energy,missing_value,
83694,speechiness,missing_value,
83696,loudness,missing_value,
83696,valence,missing_value,
83697,tempo,missing_value,
83699,liveness,missing_value,
83701,tempo,missing_value,
83704,valence,missing_value,
83708,tempo,missing_value,
83711,loudness,missing_value,
83715,energy,missing_value,
83717,acousticness,missing_value,
83718,energy,missing_value,
83720,valence,missing_value,
83726,energy,missing_value,
83727,liveness,missing_value,
83731,liveness,missing_value,
83737,valence,missing_value,
83737,danceability,missing_value,
83740,speechiness,missing_value,
83742,valence,missing_value,
83746,liveness,missing_value,
83748,liveness,missing_value,
83752,liveness,missing_value,
83754,tempo,missing_value,
83755,danceability,missing_value,
83755,speechiness,missing_value,
83760,acousticness,missing_value,
83761,tempo,missing_value,
83763,valence,missing_value,
83764,energy,missing_value,
83768,energy,missing_value,
83774,liveness,missing_value,
83778,liveness,missing_value,
83778,valence,missing_value,
83786,energy,missing_value,
83786,loudness,missing_value,
83787,acousticness,missing_value,
83793,liveness,missing_value,
83793,acousticness,missing_value,
83795,instrumentalness,missing_value,
83801,tempo,missing_value,
83801,instrumentalness,missing_value,
83804,energy,outlier_low,-0.0851
83813,tempo,missing_value,
83832,valence,missing_value,
83836,tempo,missing_value,
83841,acousticness,missing_value,
83843,liveness,missing_value,
83844,speechiness,missing_value,
83844,liveness,missing_value,
83851,instrumentalness,missing_value,
83852,speechiness,missing_value,
83856,speechiness,missing_value,
83858,danceability,outlier_low,-0.0904
83862,liveness,missing_value,
83879,tempo,missing_value,
83885,speechiness,missing_value,
83885,liveness,missing_value,
83887,liveness,missing_value,
83891,tempo,missing_value,
83897,danceability,missing_value,
83898,energy,missing_value,
83902,liveness,missing_value,
83903,energy,missing_value,
83919,valence,outlier_high,1.2038
83926,speechiness,missing_value,
83929,valence,outlier_high,1.4909
83929,energy,outlier_high,1.3156
83930,liveness,missing_value,
83938,tempo,missing_value,
83941,valence,missing_value,
83946,liveness,missing_value,
83947,danceability,outlier_high,1.3053
83948,instrumentalness,missing_value,
83954,liveness,missing_value,
83954,instrumentalness,missing_value,
83959,instrumentalness,missing_value,
83962,instrumentalness,missing_value,
83963,danceability,missing_value,
83964,speechiness,missing_value,
83967,instrumentalness,missing_value,
83973,acousticness,missing_value,
83985,tempo,missing_value,
83988,energy,outlier_low,-0.1658
83988,tempo,missing_value,
83990,instrumentalness,missing_value,
83993,tempo,outlier_low,0.7028
83995,loudness,outlier_high,8.3088
84000,valence,missing_value,
84001,liveness,missing_value,
84007,instrumentalness,missing_value,
84011,speechiness,missing_value,
84011,energy,missing_value,
84014,tempo,missing_value,
84015,tempo,missing_value,
84016,loudness,missing_value,
84018,valence,missing_value,
84020,tempo,missing_value,
84021,acousticness,missing_value,
84024,tempo,missing_value,
84025,danceability,missing_value,
84029,energy,missing_value,
84030,acousticness,missing_value,
84039,loudness,outlier_high,8.7176
84040,danceability,missing_value,
84044,tempo,missing_value,
84048,danceability,missing_value,
84052,valence,outlier_high,1.3640
84052,acousticness,missing_value,
84057,liveness,missing_value,
84059,energy,missing_value,
84060,speechiness,missing_value,
84067,loudness,missing_value,
84068,liveness,missing_value,
84070,liveness,missing_value,
84078,loudness,outlier_low,-70.2888
84080,energy,missing_value,
84084,danceability,missing_value,
84085,acousticness,missing_value,
84085,liveness,missing_value,
84101,danceability,missing_value,
84116,danceability,missing_value,
84120,danceability,missing_value,
84123,speechiness,missing_value,
84123,instrumentalness,missing_value,
84127,acousticness,missing_value,
84127,speechiness,missing_value,
84131,liveness,missing_value,
84131,tempo,missing_value,
84135,danceability,missing_value,
84142,liveness,missing_value,
84146,energy,outlier_high,1.1915
84147,speechiness,missing_value,
84150,danceability,missing_value,
84156,speechiness,missing_value,
84161,instrumentalness,missing_value,
84162,loudness,missing_value,
84173,loudness,missing_value,
84174,energy,missing_value,
84174,valence,missing_value,
84181,energy,missing_value,
84182,loudness,missing_value,
84186,danceability,missing_value,
84191,speechiness,missing_value,
84195,danceability,outlier_low,-0.1858
84197,danceability,missing_value,
84199,liveness,missing_value,
84203,tempo,outlier_high,377.0209
84206,tempo,missing_value,
84211,tempo,missing_value,
84213,loudness,missing_value,
84223,liveness,missing_value,
84230,loudness,missing_value,
84231,acousticness,missing_value,
84232,danceability,missing_value,
84237,liveness,missing_value,
84238,liveness,missing_value,
84244,instrumentalness,missing_value,
84247,liveness,missing_value,
84251,valence,missing_value,
84252,loudness,outlier_high,6.0893
84254,danceability,missing_value,
84255,valence,missing_value,
84264,speechiness,missing_value,
84269,valence,missing_value,
84270,liveness,missing_value,
84273,tempo,outlier_low,12.2422
84274,energy,missing_value,
84276,valence,missing_value,
84284,energy,missing_value,
84284,loudness,missing_value,
84292,liveness,missing_value,
84294,liveness,missing_value,
84302,acousticness,missing_value,
84303,valence,missing_value,
84309,valence,missing_value,
84310,acousticness,missing_value,
84311,instrumentalness,missing_value,
84313,danceability,missing_value,
84314,energy,missing_value,
84318,loudness,outlier_high,1.3719
84321,acousticness,missing_value,
84327,loudness,missing_value,
84336,energy,outlier_high,1.3116
84337,valence,missing_value,
84342,loudness,missing_value,
84345,loudness,outlier_high,7.6402
84345,liveness,missing_value,
84350,valence,missing_value,
84357,speechiness,missing_value,
84358,acousticness,missing_value,
84360,valence,missing_value,
84361,liveness,missing_value,
84363,liveness,missing_value,
84366,acousticness,missing_value,
84368,acousticness,missing_value,
84377,tempo,missing_value,
84377,danceability,missing_value,
84383,energy,outlier_high,1.1471
84383,liveness,missing_value,
84384,energy,missing_value,
84385,liveness,missing_value,
84385,instrumentalness,missing_value,
84387,valence,missing_value,
84387,danceability,missing_value,
84388,instrumentalness,missing_value,
84390,loudness,outlier_low,-79.6110
84395,acousticness,missing_value,
84398,instrumentalness,missing_value,
84399,liveness,missing_value,
84401,speechiness,missing_value,
84412,valence,missing_value,
84416,energy,outlier_high,1.4549
84418,loudness,missing_value,
84424,speechiness,missing_value,
84426,valence,missing_value,
84433,acousticness,missing_value,
84437,acousticness,missing_value,
84438,acousticness,missing_value,
84439,acousticness,missing_value,
84447,acousticness,missing_value,
84455,instrumentalness,missing_value,
84457,valence,missing_value,
84462,valence,missing_value,
84462,liveness,missing_value,
84469,valence,missing_value,
84469,loudness,outlier_high,3.1953
84481,speechiness,missing_value,
84482,acousticness,missing_value,
84482,speechiness,missing_value,
84487,energy,outlier_high,1.3035
84489,tempo,missing_value,
84491,acousticness,missing_value,
84492,danceability,missing_value,
84496,speechiness,missing_value,
84497,acousticness,missing_value,
84498,instrumentalness,missing_value,
84500,tempo,outlier_low,4.0137
84503,speechiness,missing_value,
84507,valence,outlier_high,1.2155
84510,speechiness,missing_value,
84512,instrumentalness,missing_value,
84514,speechiness,missing_value,
84520,danceability,missing_value,
84521,tempo,missing_value,
84535,instrumentalness,missing_value,
84543,energy,missing_value,
84544,liveness,missing_value,
84544,instrumentalness,missing_value,
84545,danceability,missing_value,
84545,speechiness,missing_value,
84551,speechiness,missing_value,
84552,tempo,outlier_low,5.7539
84554,instrumentalness,missing_value,
84555,danceability,outlier_high,1.2663
84559,tempo,missing_value,
84560,danceability,missing_value,
84562,danceability,missing_value,
84564,energy,outlier_low,-0.0775
84566,liveness,missing_value,
84590,speechiness,missing_value,
84592,speechiness,missing_value,
84593,valence,missing_value,
84593,tempo,outlier_high,379.9138
84594,danceability,missing_value,
84594,energy,missing_value,
84600,instrumentalness,missing_value,
84601,speechiness,missing_value,
84601,valence,missing_value,
84602,danceability,missing_value,
84603,valence,missing_value,
84604,instrumentalness,missing_value,
84606,tempo,missing_value,
84610,acousticness,missing_value,
84614,acousticness,missing_value,
84616,liveness,missing_value,
84620,liveness,missing_value,
84622,energy,missing_value,
84623,danceability,outlier_high,1.2877
84633,acousticness,missing_value,
84635,acousticness,missing_value,
84637,liveness,missing_value,
84641,loudness,missing_value,
84652,valence,missing_value,
84656,danceability,missing_value,
84659,liveness,missing_value,
84661,loudness,missing_value,
84662,valence,missing_value,
84666,danceability,missing_value,
84671,loudness,missing_value,
84672,loudness,missing_value,
84675,liveness,missing_value,
84677,energy,missing_value,
84678,speechiness,missing_value,
84682,speechiness,missing_value,
84687,liveness,missing_value,
84698,liveness,missing_value,
84700,danceability,missing_value,
84701,loudness,outlier_high,7.2726
84703,energy,missing_value,
84706,energy,outlier_high,1.4538
84720,energy,missing_value,
84721,valence,missing_value,
84727,loudness,missing_value,
84733,loudness,missing_value,
84737,liveness,missing_value,
84740,instrumentalness,missing_value,
84740,tempo,outlier_high,312.8228
84744,loudness,missing_value,
84744,valence,missing_value,
84746,danceability,missing_value,
84747,speechiness,missing_value,
84748,acousticness,missing_value,
84755,acousticness,missing_value,
84758,speechiness,missing_value,
84760,instrumentalness,missing_value,
84760,tempo,missing_value,
84760,acousticness,missing_value,
84763,energy,missing_value,
84774,acousticness,missing_value,
84784,instrumentalness,missing_value,
84790,acousticness,missing_value,
84794,danceability,missing_value,
84795,acousticness,missing_value,
84796,energy,missing_value,
84803,energy,missing_value,
84804,danceability,missing_value,
84805,loudness,missing_value,
84805,tempo,missing_value,
84816,instrumentalness,missing_value,
84819,energy,outlier_low,-0.2226
84823,instrumentalness,missing_value,
84824,loudness,missing_value,
84829,danceability,missing_value,
84836,loudness,missing_value,
84840,energy,missing_value,
84845,danceability,missing_value,
84847,danceability,missing_value,
84848,speechiness,missing_value,
84851,tempo,missing_value,
84855,liveness,missing_value,
84875,valence,outlier_low,-0.1626
84884,acousticness,missing_value,
84898,speechiness,missing_value,
84899,danceability,outlier_high,1.1040
84899,valence,missing_value,
84901,danceability,missing_value,
84901,liveness,missing_value,
84903,valence,missing_value,
84907,acousticness,missing_value,
84916,valence,missing_value,
84925,valence,missing_value,
84926,acousticness,missing_value,
84928,danceability,missing_value,
84929,tempo,missing_value,
84932,danceability,outlier_high,1.2118
84935,energy,missing_value,
84937,loudness,missing_value,
84940,liveness,missing_value,
84942,energy,missing_value,
84946,danceability,missing_value,
84947,instrumentalness,missing_value,
84951,speechiness,missing_value,
84953,danceability,missing_value,
84953,loudness,outlier_low,-86.4312
84954,speechiness,missing_value,
84955,liveness,missing_value,
84959,energy,missing_value,
84962,speechiness,missing_value,
84969,danceability,outlier_low,-0.1903
84970,energy,missing_value,
84970,loudness,missing_value,
84979,instrumentalness,missing_value,
84980,valence,missing_value,
84982,speechiness,missing_value,
84983,acousticness,missing_value,
84991,energy,missing_value,
84994,tempo,missing_value,
85001,danceability,missing_value,
85003,danceability,missing_value,
85007,danceability,missing_value,
85011,valence,missing_value,
85011,danceability,outlier_low,-0.0205
85013,loudness,missing_value,
85016,energy,missing_value,
85021,liveness,missing_value,
85022,loudness,missing_value,
85023,energy,missing_value,
85029,energy,missing_value,
85029,acousticness,missing_value,
85031,loudness,missing_value,
85045,tempo,outlier_high,382.4106
85045,energy,missing_value,
85054,energy,missing_value,
85061,liveness,missing_value,
85062,liveness,missing_value,
85065,tempo,missing_value,
85074,tempo,missing_value,
85079,energy,outlier_low,-0.0973
85082,speechiness,missing_value,
85083,loudness,missing_value,
85086,energy,missing_value,
85088,instrumentalness,missing_value,
85099,loudness,missing_value,
85104,tempo,missing_value,
85105,loudness,missing_value,
85107,speechiness,missing_value,
85111,danceability,missing_value,
85113,valence,missing_value,
85114,energy,missing_value,
85116,liveness,missing_value,
85117,speechiness,missing_value,
85119,tempo,outlier_low,8.2478
85124,instrumentalness,missing_value,
85131,liveness,missing_value,
85133,tempo,missing_value,
85137,loudness,missing_value,
85138,danceability,missing_value,
85148,tempo,missing_value,
85148,energy,missing_value,
85149,loudness,missing_value,
85150,tempo,missing_value,
85151,speechiness,missing_value,
85155,loudness,missing_value,
85159,loudness,missing_value,
85166,acousticness,missing_value,
85166,energy,outlier_low,-0.1507
85171,tempo,missing_value,
85171,liveness,missing_value,
85173,speechiness,missing_value,
85174,danceability,missing_value,
85177,danceability,missing_value,
85181,instrumentalness,missing_value,
85182,speechiness,missing_value,
85185,instrumentalness,missing_value,
85188,liveness,missing_value,
85190,instrumentalness,missing_value,
85203,danceability,outlier_high,1.4700
85204,loudness,outlier_low,-87.8837
85208,liveness,missing_value,
85212,liveness,missing_value,
85213,loudness,missing_value,
85217,energy,missing_value,
85225,liveness,missing_value,
85229,instrumentalness,missing_value,
85234,tempo,missing_value,
85241,instrumentalness,missing_value,
85244,tempo,outlier_low,9.6849
85245,loudness,missing_value,
85246,liveness,missing_value,
85248,valence,missing_value,
85250,valence,missing_value,
85250,tempo,missing_value,
85251,valence,missing_value,
85252,valence,missing_value,
85253,speechiness,missing_value,
85255,acousticness,missing_value,
85256,acousticness,missing_value,
85257,acousticness,missing_value,
85259,loudness,missing_value,
85260,danceability,missing_value,
85261,danceability,missing_value,
85262,liveness,missing_value,
85262,valence,missing_value,
85273,liveness,missing_value,
85278,energy,missing_value,
85279,danceability,outlier_low,-0.2073
85281,instrumentalness,missing_value,
85283,tempo,missing_value,
85287,valence,missing_value,
85292,tempo,missing_value,
85292,energy,missing_value,
85296,liveness,missing_value,
85299,valence,missing_value,
85301,energy,missing_value,
85304,loudness,missing_value,
85308,danceability,outlier_high,1.1357
85310,valence,missing_value,
85310,energy,missing_value,
85311,tempo,outlier_low,9.4441
85319,valence,outlier_high,1.2135
85321,speechiness,missing_value,
85324,energy,missing_value,
85325,liveness,missing_value,
85330,valence,outlier_high,1.1565
85330,speechiness,missing_value,
85335,tempo,missing_value,
85337,instrumentalness,missing_value,
85338,liveness,missing_value,
85341,tempo,missing_value,
85346,tempo,outlier_high,346.2850
85349,acousticness,missing_value,
85352,instrumentalness,missing_value,
85352,loudness,missing_value,
85353,liveness,missing_value,
85365,danceability,outlier_low,-0.0589
85367,acousticness,missing_value,
85368,energy,missing_value,
85371,liveness,missing_value,
85372,energy,missing_value,
85372,instrumentalness,missing_value,
85375,acousticness,missing_value,
85378,liveness,missing_value,
85383,liveness,missing_value,
85386,danceability,missing_value,
85388,tempo,missing_value,
85390,acousticness,missing_value,
85391,speechiness,missing_value,
85394,energy,missing_value,
85406,loudness,outlier_high,6.5242
85407,liveness,missing_value,
85411,valence,missing_value,
85412,danceability,missing_value,
85414,liveness,missing_value,
85415,danceability,missing_value,
85415,loudness,missing_value,
85418,valence,missing_value,
85423,instrumentalness,missing_value,
85423,valence,missing_value,
85424,loudness,missing_value,
85426,danceability,missing_value,
85432,instrumentalness,missing_value,
85436,energy,missing_value,
85436,speechiness,missing_value,
85437,acousticness,missing_value,
85440,liveness,missing_value,
85444,energy,missing_value,
85449,speechiness,missing_value,
85450,speechiness,missing_value,
85450,loudness,missing_value,
85451,energy,missing_value,
85457,loudness,missing_value,
85460,acousticness,missing_value,
85461,valence,missing_value,
85462,tempo,missing_value,
85464,tempo,missing_value,
85468,loudness,missing_value,
85471,liveness,missing_value,
85473,danceability,outlier_low,-0.0171
85473,valence,missing_value,
85476,acousticness,missing_value,
85478,loudness,missing_value,
85486,liveness,missing_value,
85497,valence,missing_value,
85499,valence,missing_value,
85508,tempo,missing_value,
85509,loudness,missing_value,
85525,tempo,missing_value,
85528,danceability,outlier_high,1.4375
85544,acousticness,missing_value,
85545,acousticness,missing_value,
85545,instrumentalness,missing_value,
85549,tempo,missing_value,
85559,danceability,outlier_high,1.1977
85560,tempo,missing_value,
85562,tempo,missing_value,
85568,energy,outlier_high,1.4217
85570,liveness,missing_value,
85572,speechiness,missing_value,
85574,danceability,outlier_low,-0.0579
85578,instrumentalness,missing_value,
85578,speechiness,missing_value,
85584,instrumentalness,missing_value,
85585,danceability,missing_value,
85585,loudness,missing_value,
85587,instrumentalness,missing_value,
85592,acousticness,missing_value,
85592,loudness,outlier_low,-78.3957
85592,tempo,missing_value,
85595,acousticness,missing_value,
85596,danceability,missing_value,
85596,energy,missing_value,
85607,acousticness,missing_value,
85610,tempo,missing_value,
85612,instrumentalness,missing_value,
85613,instrumentalness,missing_value,
85618,instrumentalness,missing_value,
85618,acousticness,missing_value,
85621,valence,missing_value,
85622,danceability,missing_value,
85628,valence,missing_value,
85629,speechiness,missing_value,
85629,tempo,outlier_high,383.9827
85630,instrumentalness,missing_value,
85631,liveness,missing_value,
85638,loudness,missing_value,
85639,acousticness,missing_value,
85639,instrumentalness,missing_value,
85647,instrumentalness,missing_value,
85648,instrumentalness,missing_value,
85648,liveness,missing_value,
85653,energy,outlier_high,1.3129
85654,energy,missing_value,
85661,energy,missing_value,
85663,valence,outlier_low,-0.1805
85665,acousticness,missing_value,
85665,tempo,missing_value,
85666,valence,missing_value,
85671,tempo,missing_value,
85672,tempo,missing_value,
85674,valence,missing_value,
85678,instrumentalness,missing_value,
85684,danceability,missing_value,
85690,energy,missing_value,
85690,liveness,missing_value,
85692,acousticness,missing_value,
85695,speechiness,missing_value,
85702,loudness,missing_value,
85702,energy,missing_value,
85705,loudness,missing_value,
85707,speechiness,missing_value,
85710,loudness,missing_value,
85711,valence,missing_value,
85713,liveness,missing_value,
85715,tempo,missing_value,
85715,energy,missing_value,
85719,danceability,missing_value,
85721,speechiness,missing_value,
85723,acousticness,missing_value,
85724,loudness,missing_value,
85729,acousticness,missing_value,
85739,tempo,missing_value,
85741,speechiness,missing_value,
85745,danceability,missing_value,
85748,instrumentalness,missing_value,
85749,tempo,missing_value,
85752,liveness,missing_value,
85752,loudness,missing_value,
85762,energy,missing_value,
85762,loudness,missing_value,
85765,tempo,missing_value,
85768,acousticness,missing_value,
85775,speechiness,missing_value,
85778,energy,missing_value,
85790,liveness,missing_value,
85794,liveness,missing_value,
85802,energy,missing_value,
85803,valence,missing_value,
85805,danceability,outlier_low,-0.0788
85809,instrumentalness,missing_value,
85811,loudness,outlier_low,-87.4128
85811,valence,outlier_low,-0.0303
85813,tempo,missing_value,
85821,loudness,missing_value,
85825,danceability,outlier_high,1.4713
85829,acousticness,missing_value,
85831,energy,outlier_low,-0.0615
85845,tempo,missing_value,
85848,valence,missing_value,
85849,danceability,missing_value,
85850,energy,outlier_high,1.4408
85852,instrumentalness,missing_value,
85861,acousticness,missing_value,
85864,tempo,missing_value,
85868,speechiness,missing_value,
85873,loudness,missing_value,
85874,liveness,missing_value,
85874,valence,missing_value,
85877,danceability,missing_value,
85877,instrumentalness,missing_value,
85882,acousticness,missing_value,
85882,speechiness,missing_value,
85883,danceability,missing_value,
85889,speechiness,missing_value,
85894,liveness,missing_value,
85896,loudness,outlier_high,4.9620
85899,energy,missing_value,
85904,acousticness,missing_value,
85906,tempo,outlier_low,10.7674
85906,danceability,missing_value,
85906,valence,missing_value,
85909,liveness,missing_value,
85910,loudness,missing_value,
85911,instrumentalness,missing_value,
85911,danceability,missing_value,
85913,instrumentalness,missing_value,
85914,valence,missing_value,
85915,tempo,missing_value,
85916,instrumentalness,missing_value,
85920,loudness,missing_value,
85920,liveness,missing_value,
85923,valence,outlier_high,1.4189
85926,tempo,missing_value,
85927,acousticness,missing_value,
85928,acousticness,missing_value,
85929,liveness,missing_value,
85935,valence,outlier_high,1.3751
85940,tempo,missing_value,
85940,valence,missing_value,
85947,valence,missing_value,
85948,energy,outlier_low,-0.2428
85963,valence,outlier_high,1.3497
85970,loudness,outlier_high,5.4874
85974,loudness,missing_value,
85979,loudness,missing_value,
85981,danceability,missing_value,
85981,loudness,missing_value,
85983,danceability,missing_value,
85983,loudness,missing_value,
85983,liveness,missing_value,
85984,loudness,missing_value,
85985,tempo,missing_value,
85986,liveness,missing_value,
85990,acousticness,missing_value,
85991,liveness,missing_value,
85995,loudness,missing_value,
85998,energy,missing_value,
86007,instrumentalness,missing_value,
86012,instrumentalness,missing_value,
86019,valence,outlier_high,1.4657
86024,speechiness,missing_value,
86024,danceability,missing_value,
86025,loudness,missing_value,
86027,valence,missing_value,
86030,loudness,missing_value,
86032,speechiness,missing_value,
86043,liveness,missing_value,
86043,acousticness,missing_value,
86054,tempo,outlier_high,343.7019
86057,loudness,missing_value,
86059,loudness,missing_value,
86059,danceability,missing_value,
86063,valence,missing_value,
86069,valence,missing_value,
86070,tempo,missing_value,
86070,energy,missing_value,
86075,danceability,outlier_high,1.4629
86077,tempo,missing_value,
86085,loudness,outlier_low,-72.8104
86091,speechiness,missing_value,
86091,loudness,missing_value,
86093,loudness,missing_value,
86099,loudness,missing_value,
86100,valence,missing_value,
86100,acousticness,missing_value,
86103,speechiness,missing_value,
86106,energy,outlier_low,-0.1875
86108,danceability,missing_value,
86109,liveness,missing_value,
86111,tempo,outlier_high,302.3637
86116,acousticness,missing_value,
86118,loudness,outlier_high,9.8447
86125,acousticness,missing_value,
86131,danceability,missing_value,
86131,speechiness,missing_value,
86132,energy,missing_value,
86136,speechiness,missing_value,
86137,speechiness,missing_value,
86138,tempo,missing_value,
86143,liveness,missing_value,
86147,valence,outlier_high,1.2306
86151,instrumentalness,missing_value,
86155,liveness,missing_value,
86160,energy,missing_value,
86175,instrumentalness,missing_value,
86178,energy,missing_value,
86181,loudness,outlier_low,-82.3090
86181,danceability,missing_value,
86181,speechiness,missing_value,
86182,speechiness,missing_value,
86187,speechiness,missing_value,
86188,tempo,missing_value,
86196,energy,outlier_high,1.4074
86205,loudness,missing_value,
86206,tempo,missing_value,
86206,speechiness,missing_value,
86213,loudness,missing_value,
86217,acousticness,missing_value,
86218,loudness,missing_value,
86225,liveness,missing_value,
86230,valence,outlier_low,-0.2593
86233,danceability,missing_value,
86245,instrumentalness,missing_value,
86251,loudness,missing_value,
86252,tempo,outlier_high,419.3572
86256,energy,missing_value,
86257,liveness,missing_value,
86259,energy,missing_value,
86260,loudness,missing_value,
86264,tempo,missing_value,
86272,danceability,outlier_low,-0.2065
86275,energy,outlier_low,-0.1716
86280,valence,missing_value,
86280,liveness,missing_value,
86285,valence,missing_value,
86289,liveness,missing_value,
86301,tempo,missing_value,
86301,danceability,missing_value,
86308,liveness,missing_value,
86314,loudness,outlier_high,2.9980
86315,acousticness,missing_value,
86317,instrumentalness,missing_value,
86318,acousticness,missing_value,
86323,speechiness,missing_value,
86324,instrumentalness,missing_value,
86325,instrumentalness,missing_value,
86328,instrumentalness,missing_value,
86330,valence,missing_value,
86339,loudness,missing_value,
86340,acousticness,missing_value,
86340,danceability,missing_value,
86341,danceability,missing_value,
86349,loudness,missing_value,
86353,acousticness,missing_value,
86356,speechiness,missing_value,
86357,danceability,missing_value,
86360,danceability,missing_value,
86361,valence,missing_value,
86361,tempo,outlier_low,10.5060
86367,loudness,missing_value,
86370,tempo,missing_value,
86385,instrumentalness,missing_value,
86388,danceability,missing_value,
86394,speechiness,missing_value,
86401,energy,missing_value,
86405,liveness,missing_value,
86405,acousticness,missing_value,
86414,danceability,missing_value,
86416,speechiness,missing_value,
86416,liveness,missing_value,
86418,tempo,outlier_high,353.3362
86419,valence,missing_value,
86423,energy,missing_value,
86431,tempo,outlier_low,14.6070
86432,tempo,missing_value,
86433,acousticness,missing_value,
86434,liveness,missing_value,
86435,tempo,missing_value,
86435,liveness,missing_value,
86440,instrumentalness,missing_value,
86441,loudness,missing_value,
86444,valence,missing_value,
86445,valence,missing_value,
86445,tempo,missing_value,
86448,loudness,missing_value,
86449,valence,missing_value,
86449,energy,missing_value,
86450,acousticness,missing_value,
86453,energy,missing_value,
86455,valence,missing_value,
86455,energy,missing_value,
86457,valence,missing_value,
86457,loudness,missing_value,
86461,loudness,missing_value,
86462,danceability,missing_value,
86465,danceability,missing_value,
86466,valence,missing_value,
86480,danceability,missing_value,
86481,danceability,missing_value,
86484,valence,missing_value,
86487,liveness,missing_value,
86489,speechiness,missing_value,
86490,acousticness,missing_value,
86496,instrumentalness,missing_value,
86497,speechiness,missing_value,
86504,loudness,missing_value,
86504,tempo,outlier_high,417.3662
86507,loudness,missing_value,
86509,liveness,missing_value,
86527,acousticness,missing_value,
86537,valence,missing_value,
86540,acousticness,missing_value,
86542,tempo,missing_value,
86544,danceability,missing_value,
86546,acousticness,missing_value,
86547,loudness,outlier_high,3.2276
86547,tempo,missing_value,
86550,liveness,missing_value,
86552,tempo,missing_value,
86556,speechiness,missing_value,
86561,valence,outlier_high,1.2534
86564,tempo,missing_value,
86568,liveness,missing_value,
86570,liveness,missing_value,
86571,danceability,missing_value,
86572,acousticness,missing_value,
86577,danceability,missing_value,
86579,energy,missing_value,
86581,acousticness,missing_value,
86598,instrumentalness,missing_value,
86598,tempo,missing_value,
86602,danceability,outlier_high,1.2943
86602,energy,missing_value,
86607,danceability,outlier_low,-0.2992
86609,acousticness,missing_value,
86612,instrumentalness,missing_value,
86621,acousticness,missing_value,
86625,loudness,missing_value,
86627,acousticness,missing_value,
86630,tempo,missing_value,
86633,speechiness,missing_value,
86634,instrumentalness,missing_value,
86638,valence,outlier_high,1.1754
86648,loudness,missing_value,
86652,instrumentalness,missing_value,
86658,acousticness,missing_value,
86659,danceability,missing_value,
86660,danceability,outlier_high,1.3096
86664,tempo,missing_value,
86665,danceability,missing_value,
86666,tempo,missing_value,
86667,energy,missing_value,
86673,loudness,missing_value,
86674,liveness,missing_value,
86674,instrumentalness,missing_value,
86677,liveness,missing_value,
86684,danceability,outlier_high,1.1657
86691,loudness,missing_value,
86695,speechiness,missing_value,
86698,tempo,outlier_high,384.2302
86706,instrumentalness,missing_value,
86706,energy,outlier_high,1.3174
86710,energy,outlier_high,1.1316
86711,danceability,missing_value,
86712,energy,outlier_high,1.4514
86719,liveness,missing_value,
86719,acousticness,missing_value,
86720,tempo,missing_value,
86726,energy,missing_value,
86726,acousticness,missing_value,
86729,tempo,outlier_low,9.2349
86730,loudness,missing_value,
86731,valence,missing_value,
86732,tempo,missing_value,
86733,speechiness,missing_value,
86735,energy,missing_value,
86744,acousticness,missing_value,
86752,energy,outlier_low,-0.2016
86753,instrumentalness,missing_value,
86755,speechiness,missing_value,
86757,energy,missing_value,
86758,energy,missing_value,
86768,danceability,outlier_high,1.2394
86773,loudness,missing_value,
86774,liveness,missing_value,
86774,loudness,outlier_high,9.1656
86783,valence,missing_value,
86784,danceability,missing_value,
86785,energy,missing_value,
86786,acousticness,missing_value,
86791,liveness,missing_value,
86792,instrumentalness,missing_value,
86800,valence,missing_value,
86801,valence,missing_value,
86803,valence,missing_value,
86804,liveness,missing_value,
86805,tempo,missing_value,
86806,valence,missing_value,
86810,loudness,missing_value,
86812,valence,outlier_high,1.3208
86814,danceability,outlier_high,1.2359
86815,loudness,missing_value,
86820,speechiness,missing_value,
86821,danceability,missing_value,
86824,tempo,missing_value,
86826,acousticness,missing_value,
86826,energy,missing_value,
86835,danceability,outlier_low,-0.1159
86835,liveness,missing_value,
86836,danceability,missing_value,
86837,liveness,missing_value,
86838,acousticness,missing_value,
86839,danceability,missing_value,
86844,energy,missing_value,
86850,liveness,missing_value,
86852,energy,missing_value,
86852,tempo,missing_value,
86863,tempo,missing_value,
86867,valence,missing_value,
86869,speechiness,missing_value,
86878,danceability,outlier_high,1.3247
86879,speechiness,missing_value,
86883,instrumentalness,missing_value,
86883,loudness,outlier_low,-89.6623
86886,loudness,missing_value,
86891,tempo,outlier_low,1.8277
86891,valence,missing_value,
86891,instrumentalness,missing_value,
86893,danceability,missing_value,
86894,instrumentalness,missing_value,
86896,acousticness,missing_value,
86903,speechiness,missing_value,
86904,liveness,missing_value,
86907,tempo,outlier_high,384.9801
86908,speechiness,missing_value,
86921,energy,missing_value,
86925,liveness,missing_value,
86933,acousticness,missing_value,
86936,liveness,missing_value,
86938,speechiness,missing_value,
86943,energy,missing_value,
86945,tempo,missing_value,
86961,acousticness,missing_value,
86968,liveness,missing_value,
86975,tempo,outlier_high,302.7978
86979,speechiness,missing_value,
86980,loudness,outlier_high,8.1807
86990,danceability,missing_value,
86998,energy,missing_value,
86998,acousticness,missing_value,
86999,danceability,missing_value,
87000,loudness,missing_value,
87000,danceability,missing_value,
87002,speechiness,missing_value,
87003,energy,missing_value,
87006,loudness,outlier_high,1.4172
87009,tempo,missing_value,
87021,acousticness,missing_value,
87024,valence,missing_value,
87025,tempo,missing_value,
87026,liveness,missing_value,
87026,acousticness,missing_value,
87030,tempo,missing_value,
87033,tempo,missing_value,
87034,valence,missing_value,
87039,danceability,missing_value,
87040,energy,outlier_high,1.2992
87041,speechiness,missing_value,
87048,acousticness,missing_value,
87053,danceability,missing_value,
87053,acousticness,missing_value,
87055,instrumentalness,missing_value,
87059,speechiness,missing_value,
87061,speechiness,missing_value,
87062,liveness,missing_value,
87071,loudness,missing_value,
87074,loudness,outlier_high,7.2670
87075,energy,outlier_low,-0.0169
87075,danceability,outlier_low,-0.2136
87076,instrumentalness,missing_value,
87083,instrumentalness,missing_value,
87085,danceability,missing_value,
87086,valence,missing_value,
87091,loudness,missing_value,
87093,instrumentalness,missing_value,
87096,acousticness,missing_value,
87098,loudness,outlier_high,1.3669
87100,energy,missing_value,
87113,tempo,outlier_low,10.5838
87114,loudness,missing_value,
87116,speechiness,missing_value,
87120,tempo,outlier_high,357.5899
87120,instrumentalness,missing_value,
87124,energy,outlier_low,-0.2057
87125,instrumentalness,missing_value,
87128,instrumentalness,missing_value,
87132,tempo,outlier_low,14.3244
87132,liveness,missing_value,
87133,danceability,missing_value,
87136,valence,missing_value,
87137,instrumentalness,missing_value,
87140,liveness,missing_value,
87153,energy,missing_value,
87161,danceability,missing_value,
87165,danceability,missing_value,
87168,liveness,missing_value,
87169,danceability,missing_value,
87173,tempo,outlier_low,0.6517
87173,liveness,missing_value,
87174,tempo,missing_value,
87175,loudness,missing_value,
87178,acousticness,missing_value,
87178,energy,missing_value,
87181,tempo,missing_value,
87185,loudness,missing_value,
87189,energy,missing_value,
87189,acousticness,missing_value,
87190,valence,missing_value,
87192,tempo,missing_value,
87195,loudness,missing_value,
87199,loudness,outlier_low,-79.9679
87206,loudness,missing_value,
87206,valence,missing_value,
87206,tempo,missing_value,
87208,tempo,missing_value,
87212,tempo,outlier_high,308.9646
87214,danceability,outlier_high,1.1192
87219,acousticness,missing_value,
87223,tempo,missing_value,
87224,liveness,missing_value,
87229,acousticness,missing_value,
87230,valence,outlier_high,1.4022
87230,tempo,missing_value,
87236,speechiness,missing_value,
87243,tempo,missing_value,
87248,speechiness,missing_value,
87252,tempo,missing_value,
87257,acousticness,missing_value,
87259,instrumentalness,missing_value,
87262,speechiness,missing_value,
87262,liveness,missing_value,
87266,liveness,missing_value,
87267,energy,missing_value,
87268,energy,missing_value,
87268,tempo,missing_value,
87270,loudness,missing_value,
87274,liveness,missing_value,
87282,acousticness,missing_value,
87285,loudness,missing_value,
87288,valence,missing_value,
87288,instrumentalness,missing_value,
87294,valence,missing_value,
87295,danceability,missing_value,
87297,danceability,missing_value,
87298,loudness,missing_value,
87305,valence,outlier_low,-0.2248
87307,loudness,missing_value,
87310,loudness,missing_value,
87311,liveness,missing_value,
87312,energy,missing_value,
87316,instrumentalness,missing_value,
87317,danceability,missing_value,
87321,danceability,outlier_low,-0.1642
87324,energy,missing_value,
87328,liveness,missing_value,
87331,acousticness,missing_value,
87331,loudness,missing_value,
87335,danceability,missing_value,
87336,instrumentalness,missing_value,
87339,liveness,missing_value,
87340,tempo,outlier_low,3.6561
87341,energy,missing_value,
87344,tempo,outlier_high,412.9598
87346,tempo,missing_value,
87346,liveness,missing_value,
87347,speechiness,missing_value,
87348,energy,missing_value,
87349,liveness,missing_value,
87349,loudness,missing_value,
87358,valence,missing_value,
87361,tempo,missing_value,
87363,loudness,missing_value,
87364,valence,missing_value,
87364,acousticness,missing_value,
87365,danceability,missing_value,
87369,liveness,missing_value,
87377,loudness,missing_value,
87379,tempo,missing_value,
87389,loudness,missing_value,
87390,valence,missing_value,
87392,instrumentalness,missing_value,
87393,tempo,missing_value,
87397,acousticness,missing_value,
87398,danceability,missing_value,
87404,speechiness,missing_value,
87405,speechiness,missing_value,
87407,danceability,missing_value,
87410,tempo,missing_value,
87415,danceability,missing_value,
87415,instrumentalness,missing_value,
87416,energy,missing_value,
87417,danceability,missing_value,
87418,energy,missing_value,
87421,valence,missing_value,
87426,energy,missing_value,
87433,valence,missing_value,
87434,liveness,missing_value,
87437,speechiness,missing_value,
87452,loudness,missing_value,
87452,speechiness,missing_value,
87458,danceability,missing_value,
87461,loudness,missing_value,
87470,valence,missing_value,
87470,loudness,missing_value,
87470,instrumentalness,missing_value,
87482,danceability,missing_value,
87487,speechiness,missing_value,
87494,tempo,outlier_low,14.2977
87496,valence,missing_value,
87498,valence,missing_value,
87499,acousticness,missing_value,
87502,loudness,missing_value,
87502,liveness,missing_value,
87506,tempo,missing_value,
87507,liveness,missing_value,
87508,valence,missing_value,
87511,liveness,missing_value,
87516,speechiness,missing_value,
87526,instrumentalness,missing_value,
87531,energy,missing_value,
87534,speechiness,missing_value,
87539,energy,missing_value,
87548,valence,missing_value,
87549,speechiness,missing_value,
87551,valence,missing_value,
87575,loudness,missing_value,
87581,acousticness,missing_value,
87581,energy,outlier_low,-0.1517
87586,valence,missing_value,
87587,energy,missing_value,
87589,instrumentalness,missing_value,
87590,energy,missing_value,
87592,valence,missing_value,
87593,tempo,missing_value,
87597,loudness,missing_value,
87599,liveness,missing_value,
87600,instrumentalness,missing_value,
87602,energy,missing_value,
87614,speechiness,missing_value,
87619,instrumentalness,missing_value,
87620,danceability,missing_value,
87623,tempo,missing_value,
87625,acousticness,missing_value,
87630,danceability,outlier_high,1.3412
87630,valence,missing_value,
87631,loudness,missing_value,
87635,tempo,missing_value,
87635,acousticness,missing_value,
87638,loudness,missing_value,
87642,valence,missing_value,
87649,liveness,missing_value,
87650,valence,missing_value,
87652,acousticness,missing_value,
87656,energy,outlier_high,1.2988
87661,instrumentalness,missing_value,
87663,tempo,missing_value,
87668,instrumentalness,missing_value,
87670,speechiness,missing_value,
87677,liveness,missing_value,
87682,acousticness,missing_value,
87684,speechiness,missing_value,
87685,tempo,missing_value,
87685,liveness,missing_value,
87687,instrumentalness,missing_value,
87688,acousticness,missing_value,
87688,energy,missing_value,
87690,acousticness,missing_value,
87691,tempo,missing_value,
87695,loudness,outlier_high,3.0946
87696,energy,missing_value,
87698,loudness,missing_value,
87704,danceability,missing_value,
87705,tempo,outlier_high,342.1861
87706,instrumentalness,missing_value,
87712,valence,missing_value,
87713,energy,outlier_high,1.3383
87714,speechiness,missing_value,
87716,loudness,missing_value,
87716,acousticness,missing_value,
87718,speechiness,missing_value,
87721,tempo,missing_value,
87723,energy,missing_value,
87725,danceability,missing_value,
87725,acousticness,missing_value,
87728,instrumentalness,missing_value,
87731,acousticness,missing_value,
87731,tempo,missing_value,
87731,energy,outlier_low,-0.1909
87732,energy,missing_value,
87733,liveness,missing_value,
87736,loudness,outlier_high,7.4741
87737,valence,missing_value,
87744,danceability,missing_value,
87746,energy,missing_value,
87747,energy,missing_value,
87749,danceability,missing_value,
87750,energy,missing_value,
87755,tempo,outlier_low,7.7342
87757,instrumentalness,missing_value,
87758,danceability,missing_value,
87767,loudness,missing_value,
87773,loudness,missing_value,
87773,acousticness,missing_value,
87774,speechiness,missing_value,
87781,valence,missing_value,
87784,instrumentalness,missing_value,
87785,danceability,missing_value,
87785,speechiness,missing_value,
87786,tempo,missing_value,
87792,liveness,missing_value,
87793,speechiness,missing_value,
87799,instrumentalness,missing_value,
87801,acousticness,missing_value,
87802,liveness,missing_value,
87802,valence,missing_value,
87807,valence,missing_value,
87809,valence,outlier_low,-0.1013
87811,loudness,missing_value,
87812,instrumentalness,missing_value,
87812,acousticness,missing_value,
87814,valence,missing_value,
87818,acousticness,missing_value,
87823,instrumentalness,missing_value,
87828,energy,outlier_high,1.0959
87830,valence,missing_value,
87832,acousticness,missing_value,
87833,valence,missing_value,
87834,danceability,missing_value,
87840,energy,outlier_low,-0.0472
87840,danceability,missing_value,
87842,instrumentalness,missing_value,
87843,danceability,missing_value,
87848,liveness,missing_value,
87852,speechiness,missing_value,
87854,energy,missing_value,
87858,danceability,outlier_low,-0.0963
87860,speechiness,missing_value,
87862,speechiness,missing_value,
87865,speechiness,missing_value,
87865,instrumentalness,missing_value,
87869,loudness,outlier_low,-82.4522
87871,acousticness,missing_value,
87873,instrumentalness,missing_value,
87877,valence,missing_value,
87889,danceability,missing_value,
87893,liveness,missing_value,
87898,energy,missing_value,
87904,loudness,missing_value,
87905,acousticness,missing_value,
87908,loudness,outlier_high,6.9698
87908,liveness,missing_value,
87910,speechiness,missing_value,
87914,instrumentalness,missing_value,
87917,liveness,missing_value,
87918,tempo,missing_value,
87921,instrumentalness,missing_value,
87925,loudness,missing_value,
87930,loudness,missing_value,
87934,tempo,missing_value,
87940,loudness,missing_value,
87943,danceability,missing_value,
87944,valence,missing_value,
87946,valence,missing_value,
87951,instrumentalness,missing_value,
87951,loudness,missing_value,
87956,acousticness,missing_value,
87961,danceability,missing_value,
87963,danceability,missing_value,
87965,instrumentalness,missing_value,
87972,speechiness,missing_value,
87985,loudness,missing_value,
87986,liveness,missing_value,
87995,loudness,missing_value,
87997,tempo,missing_value,
87997,danceability,outlier_high,1.3700
88000,valence,missing_value,
88001,danceability,outlier_low,-0.0789
88002,valence,missing_value,
88004,energy,outlier_high,1.3378
88009,valence,missing_value,
88009,acousticness,missing_value,
88010,loudness,missing_value,
88012,liveness,missing_value,
88015,instrumentalness,missing_value,
88016,acousticness,missing_value,
88018,instrumentalness,missing_value,
88023,liveness,missing_value,
88024,liveness,missing_value,
88026,tempo,missing_value,
88030,loudness,missing_value,
88037,energy,missing_value,
88052,acousticness,missing_value,
88057,energy,missing_value,
88063,instrumentalness,missing_value,
88063,liveness,missing_value,
88064,speechiness,missing_value,
88069,danceability,missing_value,
88070,loudness,missing_value,
88077,tempo,missing_value,
88083,acousticness,missing_value,
88084,energy,missing_value,
88084,liveness,missing_value,
88089,valence,missing_value,
88096,valence,missing_value,
88097,speechiness,missing_value,
88099,loudness,missing_value,
88100,speechiness,missing_value,
88105,liveness,missing_value,
88112,danceability,missing_value,
88112,tempo,missing_value,
88113,instrumentalness,missing_value,
88114,loudness,missing_value,
88118,speechiness,missing_value,
88119,valence,missing_value,
88123,speechiness,missing_value,
88128,valence,outlier_low,-0.2325
88138,loudness,missing_value,
88138,speechiness,missing_value,
88142,acousticness,missing_value,
88142,speechiness,missing_value,
88143,energy,missing_value,
88144,energy,missing_value,
88144,danceability,missing_value,
88147,acousticness,missing_value,
88153,liveness,missing_value,
88155,danceability,missing_value,
88159,acousticness,missing_value,
88160,liveness,missing_value,
88167,danceability,missing_value,
88169,loudness,missing_value,
88171,liveness,missing_value,
88173,liveness,missing_value,
88180,instrumentalness,missing_value,
88182,valence,missing_value,
88193,tempo,missing_value,
88194,liveness,missing_value,
88196,speechiness,missing_value,
88197,valence,missing_value,
88201,tempo,outlier_high,402.2170
88201,speechiness,missing_value,
88205,speechiness,missing_value,
88210,acousticness,missing_value,
88214,instrumentalness,missing_value,
88216,acousticness,missing_value,
88216,energy,outlier_high,1.4769
88221,energy,missing_value,
88233,loudness,outlier_high,7.0567
88234,valence,missing_value,
88235,loudness,missing_value,
88236,loudness,missing_value,
88237,valence,missing_value,
88240,valence,missing_value,
88242,tempo,missing_value,
88249,tempo,missing_value,
88250,valence,missing_value,
88250,energy,outlier_high,1.3496
88251,valence,outlier_low,-0.0237
88255,energy,missing_value,
88256,acousticness,missing_value,
88263,speechiness,missing_value,
88266,energy,missing_value,
88271,energy,missing_value,
88277,loudness,missing_value,
88281,instrumentalness,missing_value,
88283,valence,missing_value,
88285,loudness,missing_value,
88288,tempo,missing_value,
88293,loudness,missing_value,
88299,acousticness,missing_value,
88301,energy,missing_value,
88304,acousticness,missing_value,
88309,instrumentalness,missing_value,
88312,tempo,outlier_low,0.4719
88315,danceability,missing_value,
88331,acousticness,missing_value,
88336,energy,missing_value,
88338,liveness,missing_value,
88339,speechiness,missing_value,
88340,danceability,missing_value,
88341,danceability,missing_value,
88341,liveness,missing_value,
88344,valence,missing_value,
88347,danceability,missing_value,
88349,liveness,missing_value,
88359,tempo,missing_value,
88363,danceability,missing_value,
88367,danceability,missing_value,
88373,speechiness,missing_value,
88375,loudness,missing_value,
88376,instrumentalness,missing_value,
88376,energy,outlier_low,-0.2984
88378,instrumentalness,missing_value,
88378,tempo,missing_value,
88382,acousticness,missing_value,
88382,tempo,missing_value,
88388,valence,missing_value,
88394,liveness,missing_value,
88397,instrumentalness,missing_value,
88398,instrumentalness,missing_value,
88401,tempo,outlier_low,4.0457
88404,danceability,missing_value,
88405,speechiness,missing_value,
88410,tempo,outlier_low,6.9969
88415,danceability,missing_value,
88416,tempo,missing_value,
88417,instrumentalness,missing_value,
88419,tempo,missing_value,
88420,tempo,missing_value,
88429,energy,missing_value,
88430,valence,missing_value,
88433,energy,outlier_high,1.1936
88438,danceability,missing_value,
88440,valence,missing_value,
88441,instrumentalness,missing_value,
88454,danceability,outlier_low,-0.0956
88456,danceability,missing_value,
88457,acousticness,missing_value,
88460,loudness,outlier_low,-88.3591
88462,energy,missing_value,
88470,tempo,missing_value,
88471,tempo,missing_value,
88475,loudness,missing_value,
88476,speechiness,missing_value,
88481,liveness,missing_value,
88490,energy,missing_value,
88496,loudness,missing_value,
88497,acousticness,missing_value,
88513,speechiness,missing_value,
88520,valence,missing_value,
88522,valence,missing_value,
88527,tempo,missing_value,
88529,tempo,missing_value,
88532,instrumentalness,missing_value,
88533,valence,outlier_high,1.1386
88534,energy,missing_value,
88536,tempo,missing_value,
88537,acousticness,missing_value,
88538,loudness,missing_value,
88540,valence,missing_value,
88545,acousticness,missing_value,
88550,danceability,missing_value,
88550,tempo,outlier_high,377.8207
88552,energy,missing_value,
88554,loudness,missing_value,
88554,valence,missing_value,
88556,speechiness,missing_value,
88557,energy,missing_value,
88564,tempo,missing_value,
88566,liveness,missing_value,
88570,energy,missing_value,
88577,speechiness,missing_value,
88577,danceability,missing_value,
88593,instrumentalness,missing_value,
88601,instrumentalness,missing_value,
88604,danceability,missing_value,
88612,valence,missing_value,
88614,tempo,missing_value,
88618,tempo,missing_value,
88623,tempo,missing_value,
88625,tempo,missing_value,
88629,loudness,missing_value,
88635,tempo,missing_value,
88636,speechiness,missing_value,
88643,tempo,missing_value,
88643,loudness,missing_value,
88645,liveness,missing_value,
88646,valence,missing_value,
88648,energy,missing_value,
88650,tempo,missing_value,
88651,liveness,missing_value,
88653,liveness,missing_value,
88660,loudness,missing_value,
88662,tempo,outlier_low,11.1577
88662,danceability,missing_value,
88665,acousticness,missing_value,
88669,tempo,missing_value,
88670,instrumentalness,missing_value,
88670,liveness,missing_value,
88672,acousticness,missing_value,
88673,instrumentalness,missing_value,
88674,valence,missing_value,
88674,loudness,outlier_high,6.1730
88676,speechiness,missing_value,
88676,danceability,missing_value,
88679,danceability,outlier_low,-0.0781
88690,liveness,missing_value,
88692,loudness,missing_value,
88693,liveness,missing_value,
88698,acousticness,missing_value,
88702,valence,missing_value,
88703,loudness,missing_value,
88709,liveness,missing_value,
88713,acousticness,missing_value,
88719,liveness,missing_value,
88719,energy,outlier_low,-0.1146
88722,loudness,outlier_high,5.3789
88726,energy,missing_value,
88729,tempo,missing_value,
88730,loudness,missing_value,
88731,tempo,missing_value,
88732,energy,missing_value,
88733,speechiness,missing_value,
88736,tempo,missing_value,
88738,loudness,outlier_low,-75.5578
88745,loudness,missing_value,
88751,tempo,missing_value,
88752,energy,outlier_high,1.3074
88754,tempo,missing_value,
88754,loudness,missing_value,
88758,energy,missing_value,
88762,instrumentalness,missing_value,
88766,loudness,outlier_low,-83.3970
88767,liveness,missing_value,
88781,acousticness,missing_value,
88782,speechiness,missing_value,
88784,loudness,missing_value,
88787,energy,missing_value,
88788,tempo,missing_value,
88790,acousticness,missing_value,
88802,energy,missing_value,
88809,acousticness,missing_value,
88811,speechiness,missing_value,
88811,danceability,missing_value,
88812,instrumentalness,missing_value,
88812,tempo,missing_value,
88815,instrumentalness,missing_value,
88817,danceability,missing_value,
88823,speechiness,missing_value,
88827,instrumentalness,missing_value,
88830,instrumentalness,missing_value,
88835,energy,missing_value,
88850,speechiness,missing_value,
88854,speechiness,missing_value,
88860,valence,missing_value,
88865,instrumentalness,missing_value,
88866,instrumentalness,missing_value,
88869,tempo,missing_value,
88874,instrumentalness,missing_value,
88882,valence,outlier_low,-0.2939
88885,speechiness,missing_value,
88887,acousticness,missing_value,
88889,danceability,missing_value,
88890,danceability,missing_value,
88893,acousticness,missing_value,
88894,instrumentalness,missing_value,
88901,valence,missing_value,
88905,acousticness,missing_value,
88905,speechiness,missing_value,
88908,valence,missing_value,
88909,danceability,outlier_low,-0.1572
88909,energy,missing_value,
88912,loudness,missing_value,
88915,instrumentalness,missing_value,
88916,speechiness,missing_value,
88921,danceability,missing_value,
88921,loudness,outlier_high,6.0616
88925,energy,missing_value,
88933,acousticness,missing_value,
88935,danceability,missing_value,
88938,acousticness,missing_value,
88938,valence,missing_value,
88942,tempo,missing_value,
88943,danceability,missing_value,
88946,loudness,missing_value,
88948,acousticness,missing_value,
88951,liveness,missing_value,
88953,valence,missing_value,
88955,instrumentalness,missing_value,
88965,energy,outlier_low,-0.1100
88966,instrumentalness,missing_value,
88966,speechiness,missing_value,
88972,valence,outlier_low,-0.2950
88976,liveness,missing_value,
88983,speechiness,missing_value,
88986,energy,missing_value,
88987,tempo,missing_value,
88987,valence,missing_value,
88988,liveness,missing_value,
88991,valence,missing_value,
88993,acousticness,missing_value,
88994,liveness,missing_value,
89002,loudness,missing_value,
89004,acousticness,missing_value,
89007,danceability,missing_value,
89009,valence,outlier_high,1.1568
89011,danceability,missing_value,
89012,loudness,missing_value,
89018,liveness,missing_value,
89021,valence,outlier_low,-0.1600
89027,instrumentalness,missing_value,
89030,liveness,missing_value,
89033,speechiness,missing_value,
89034,danceability,missing_value,
89036,tempo,missing_value,
89041,speechiness,missing_value,
89044,energy,missing_value,
89050,instrumentalness,missing_value,
89052,instrumentalness,missing_value,
89053,danceability,missing_value,
89058,danceability,missing_value,
89063,liveness,missing_value,
89067,acousticness,missing_value,
89069,tempo,outlier_low,8.3830
89073,loudness,outlier_high,9.9567
89074,danceability,missing_value,
89081,instrumentalness,missing_value,
89081,tempo,missing_value,
89082,valence,missing_value,
89084,energy,missing_value,
89092,loudness,outlier_high,7.9424
89094,speechiness,missing_value,
89094,liveness,missing_value,
89094,acousticness,missing_value,
89096,speechiness,missing_value,
89099,valence,outlier_low,-0.2623
89101,liveness,missing_value,
89103,energy,outlier_high,1.2275
89108,energy,missing_value,
89124,danceability,missing_value,
89127,acousticness,missing_value,
89131,danceability,missing_value,
89131,liveness,missing_value,
89133,instrumentalness,missing_value,
89135,instrumentalness,missing_value,
89135,acousticness,missing_value,
89135,speechiness,missing_value,
89141,loudness,missing_value,
89141,valence,missing_value,
89143,energy,missing_value,
89151,speechiness,missing_value,
89152,acousticness,missing_value,
89158,danceability,outlier_high,1.3041
89163,energy,missing_value,
89164,instrumentalness,missing_value,
89171,acousticness,missing_value,
89173,tempo,missing_value,
89174,loudness,missing_value,
89182,instrumentalness,missing_value,
89183,liveness,missing_value,
89184,danceability,missing_value,
89184,energy,missing_value,
89188,danceability,missing_value,
89189,loudness,missing_value,
89190,tempo,outlier_high,416.4891
89190,acousticness,missing_value,
89193,speechiness,missing_value,
89195,instrumentalness,missing_value,
89203,instrumentalness,missing_value,
89205,acousticness,missing_value,
89205,loudness,missing_value,
89207,speechiness,missing_value,
89214,speechiness,missing_value,
89217,energy,missing_value,
89222,tempo,missing_value,
89225,instrumentalness,missing_value,
89226,tempo,missing_value,
89227,instrumentalness,missing_value,
89229,instrumentalness,missing_value,
89233,danceability,missing_value,
89238,acousticness,missing_value,
89241,tempo,missing_value,
89241,speechiness,missing_value,
89245,energy,outlier_low,-0.1970
89250,energy,missing_value,
89252,liveness,missing_value,
89255,tempo,outlier_low,4.8852
89255,speechiness,missing_value,
89259,acousticness,missing_value,
89269,acousticness,missing_value,
89274,speechiness,missing_value,
89275,speechiness,missing_value,
89286,valence,missing_value,
89288,liveness,missing_value,
89289,loudness,outlier_high,9.2579
89297,tempo,missing_value,
89306,danceability,missing_value,
89310,speechiness,missing_value,
89313,valence,missing_value,
89317,energy,missing_value,
89319,danceability,missing_value,
89321,tempo,missing_value,
89327,danceability,missing_value,
89332,instrumentalness,missing_value,
89337,valence,outlier_high,1.0611
89342,instrumentalness,missing_value,
89345,liveness,missing_value,
89347,instrumentalness,missing_value,
89350,danceability,missing_value,
89353,acousticness,missing_value,
89359,loudness,missing_value,
89362,valence,missing_value,
89363,valence,missing_value,
89365,liveness,missing_value,
89366,loudness,outlier_high,3.7243
89369,speechiness,missing_value,
89373,loudness,missing_value,
89373,liveness,missing_value,
89376,liveness,missing_value,
89379,tempo,missing_value,
89383,danceability,missing_value,
89387,acousticness,missing_value,
89390,acousticness,missing_value,
89391,tempo,missing_value,
89393,acousticness,missing_value,
89395,loudness,outlier_low,-88.3630
89400,acousticness,missing_value,
89403,danceability,outlier_low,-0.1998
89405,valence,outlier_low,-0.2571
89406,instrumentalness,missing_value,
89407,energy,missing_value,
89410,energy,outlier_low,-0.2265
89412,acousticness,missing_value,
89413,instrumentalness,missing_value,
89414,energy,outlier_low,-0.2071
89417,danceability,missing_value,
89420,loudness,missing_value,
89421,speechiness,missing_value,
89429,tempo,missing_value,
89432,energy,missing_value,
89433,danceability,missing_value,
89434,acousticness,missing_value,
89440,loudness,missing_value,
89443,valence,outlier_low,-0.0214
89453,acousticness,missing_value,
89454,tempo,missing_value,
89456,energy,missing_value,
89456,loudness,missing_value,
89472,instrumentalness,missing_value,
89474,speechiness,missing_value,
89477,loudness,outlier_low,-78.2022
89481,liveness,missing_value,
89484,danceability,missing_value,
89485,valence,missing_value,
89489,acousticness,missing_value,
89496,energy,missing_value,
89497,valence,missing_value,
89497,speechiness,missing_value,
89505,valence,missing_value,
89507,instrumentalness,missing_value,
89508,instrumentalness,missing_value,
89510,valence,missing_value,
89510,speechiness,missing_value,
89513,loudness,missing_value,
89514,energy,missing_value,
89516,energy,missing_value,
89520,instrumentalness,missing_value,
89523,tempo,missing_value,
89525,acousticness,missing_value,
89538,tempo,missing_value,
89540,valence,missing_value,
89542,instrumentalness,missing_value,
89544,danceability,missing_value,
89544,acousticness,missing_value,
89550,energy,missing_value,
89550,acousticness,missing_value,
89557,valence,missing_value,
89570,danceability,outlier_low,-0.2339
89577,energy,missing_value,
89585,energy,missing_value,
89599,danceability,missing_value,
89605,valence,missing_value,
89609,acousticness,missing_value,
89617,liveness,missing_value,
89619,liveness,missing_value,
89619,acousticness,missing_value,
89622,danceability,missing_value,
89623,tempo,missing_value,
89630,valence,missing_value,
89636,liveness,missing_value,
89639,loudness,missing_value,
89639,acousticness,missing_value,
89645,loudness,missing_value,
89647,loudness,missing_value,
89653,instrumentalness,missing_value,
89659,instrumentalness,missing_value,
89661,tempo,missing_value,
89664,energy,outlier_high,1.4011
89673,valence,missing_value,
89673,tempo,missing_value,
89674,tempo,missing_value,
89677,valence,missing_value,
89679,instrumentalness,missing_value,
89683,liveness,missing_value,
89686,acousticness,missing_value,
89690,instrumentalness,missing_value,
89695,danceability,outlier_high,1.2710
89697,tempo,missing_value,
89698,instrumentalness,missing_value,
89703,loudness,missing_value,
89707,tempo,missing_value,
89709,loudness,missing_value,
89712,instrumentalness,missing_value,
89715,energy,missing_value,
89724,tempo,missing_value,
89725,liveness,missing_value,
89729,instrumentalness,missing_value,
89736,valence,missing_value,
89737,valence,missing_value,
89738,liveness,missing_value,
89740,instrumentalness,missing_value,
89741,instrumentalness,missing_value,
89743,loudness,missing_value,
89744,danceability,outlier_low,-0.1999
89761,instrumentalness,missing_value,
89762,instrumentalness,missing_value,
89764,valence,outlier_high,1.1214
89765,valence,outlier_high,1.2891
89777,acousticness,missing_value,
89781,speechiness,missing_value,
89782,acousticness,missing_value,
89786,valence,missing_value,
89788,tempo,missing_value,
89790,speechiness,missing_value,
89795,valence,missing_value,
89797,loudness,missing_value,
89800,acousticness,missing_value,
89808,speechiness,missing_value,
89809,liveness,missing_value,
89811,valence,missing_value,
89811,speechiness,missing_value,
89812,acousticness,missing_value,
89812,speechiness,missing_value,
89817,speechiness,missing_value,
89817,acousticness,missing_value,
89818,speechiness,missing_value,
89818,acousticness,missing_value,
89819,energy,missing_value,
89819,tempo,missing_value,
89821,loudness,missing_value,
89823,energy,missing_value,
89824,energy,missing_value,
89830,acousticness,missing_value,
89831,instrumentalness,missing_value,
89833,tempo,missing_value,
89845,liveness,missing_value,
89847,energy,missing_value,
89850,valence,missing_value,
89852,acousticness,missing_value,
89857,danceability,missing_value,
89863,liveness,missing_value,
89864,valence,missing_value,
89865,valence,outlier_high,1.3622
89869,loudness,outlier_low,-74.8126
89869,acousticness,missing_value,
89871,instrumentalness,missing_value,
89872,loudness,missing_value,
89879,energy,missing_value,
89880,valence,missing_value,
89882,instrumentalness,missing_value,
89887,speechiness,missing_value,
89887,valence,missing_value,
89888,danceability,missing_value,
89890,danceability,outlier_low,-0.0408
89892,tempo,missing_value,
89903,tempo,missing_value,
89906,valence,missing_value,
89907,danceability,missing_value,
89908,danceability,missing_value,
89908,loudness,missing_value,
89910,energy,outlier_high,1.2935
89914,speechiness,missing_value,
89918,tempo,missing_value,
89919,danceability,outlier_high,1.0880
89925,acousticness,missing_value,
89926,energy,missing_value,
89927,instrumentalness,missing_value,
89928,valence,missing_value,
89928,energy,missing_value,
89931,energy,missing_value,
89934,tempo,outlier_low,4.4643
89936,tempo,missing_value,
89936,liveness,missing_value,
89939,danceability,outlier_low,-0.2210
89939,tempo,missing_value,
89945,liveness,missing_value,
89947,valence,missing_value,
89950,danceability,missing_value,
89953,instrumentalness,missing_value,
89953,tempo,missing_value,
89960,valence,outlier_low,-0.0942
89967,energy,missing_value,
89970,loudness,outlier_low,-76.3611
89976,energy,missing_value,
89979,loudness,missing_value,
89983,loudness,missing_value,
89984,loudness,missing_value,
89985,speechiness,missing_value,
89986,instrumentalness,missing_value,
89987,energy,missing_value,
89996,valence,missing_value,
89996,danceability,missing_value,
89996,speechiness,missing_value,
89998,acousticness,missing_value,
89999,valence,missing_value,
90001,loudness,missing_value,
90008,energy,missing_value,
90012,tempo,outlier_low,11.2411
90015,acousticness,missing_value,
90017,liveness,missing_value,
90021,speechiness,missing_value,
90023,acousticness,missing_value,
90024,liveness,missing_value,
90024,speechiness,missing_value,
90025,loudness,missing_value,
90026,tempo,missing_value,
90028,liveness,missing_value,
90039,acousticness,missing_value,
90040,acousticness,missing_value,
90042,energy,missing_value,
90045,valence,missing_value,
90048,speechiness,missing_value,
90049,instrumentalness,missing_value,
90049,valence,outlier_high,1.2661
90051,speechiness,missing_value,
90053,valence,outlier_low,-0.1627
90054,tempo,missing_value,
90058,speechiness,missing_value,
90059,tempo,missing_value,
90059,danceability,missing_value,
90067,liveness,missing_value,
90071,danceability,missing_value,
90073,acousticness,missing_value,
90077,liveness,missing_value,
90084,loudness,missing_value,
90091,valence,outlier_high,1.4044
90094,tempo,missing_value,
90095,loudness,missing_value,
90097,loudness,missing_value,
90098,instrumentalness,missing_value,
90112,liveness,missing_value,
90115,speechiness,missing_value,
90116,liveness,missing_value,
90120,speechiness,missing_value,
90124,speechiness,missing_value,
90128,valence,outlier_high,1.4407
90130,danceability,outlier_low,-0.2721
90132,danceability,missing_value,
90139,tempo,outlier_high,336.5696
90139,acousticness,missing_value,
90142,acousticness,missing_value,
90145,tempo,missing_value,
90153,loudness,missing_value,
90160,valence,missing_value,
90161,instrumentalness,missing_value,
90162,valence,outlier_high,1.1410
90164,energy,missing_value,
90165,loudness,missing_value,
90168,tempo,missing_value,
90171,acousticness,missing_value,
90175,instrumentalness,missing_value,
90179,danceability,missing_value,
90182,valence,missing_value,
90188,instrumentalness,missing_value,
90195,tempo,missing_value,
90195,liveness,missing_value,
90199,instrumentalness,missing_value,
90201,valence,outlier_low,-0.2523
90205,acousticness,missing_value,
90206,valence,missing_value,
90207,speechiness,missing_value,
90208,instrumentalness,missing_value,
90208,acousticness,missing_value,
90209,instrumentalness,missing_value,
90214,danceability,missing_value,
90218,tempo,missing_value,
90225,energy,outlier_low,-0.1023
90228,energy,missing_value,
90229,valence,missing_value,
90230,loudness,outlier_low,-88.4974
90234,energy,missing_value,
90239,tempo,missing_value,
90241,valence,outlier_high,1.0780
90244,danceability,missing_value,
90256,instrumentalness,missing_value,
90260,danceability,missing_value,
90261,liveness,missing_value,
90263,loudness,missing_value,
90266,loudness,missing_value,
90268,valence,missing_value,
90271,valence,missing_value,
90272,tempo,missing_value,
90278,acousticness,missing_value,
90280,tempo,missing_value,
90281,valence,missing_value,
90281,danceability,missing_value,
90281,tempo,missing_value,
90283,energy,missing_value,
90288,liveness,missing_value,
90292,acousticness,missing_value,
90293,instrumentalness,missing_value,
90300,liveness,missing_value,
90301,speechiness,missing_value,
90302,tempo,missing_value,
90305,tempo,missing_value,
90306,acousticness,missing_value,
90309,danceability,missing_value,
90315,energy,missing_value,
90316,instrumentalness,missing_value,
90317,valence,outlier_low,-0.0496
90317,loudness,outlier_high,9.2769
90318,acousticness,missing_value,
90319,instrumentalness,missing_value,
90321,acousticness,missing_value,
90321,loudness,missing_value,
90322,danceability,missing_value,
90323,danceability,missing_value,
90324,speechiness,missing_value,
90326,liveness,missing_value,
90336,danceability,missing_value,
90340,acousticness,missing_value,
90341,energy,outlier_low,-0.0579
90354,tempo,missing_value,
90356,instrumentalness,missing_value,
90362,speechiness,missing_value,
90368,instrumentalness,missing_value,
90370,valence,missing_value,
90376,valence,missing_value,
90378,energy,missing_value,
90386,energy,missing_value,
90387,valence,missing_value,
90388,speechiness,missing_value,
90395,tempo,missing_value,
90401,energy,missing_value,
90403,tempo,missing_value,
90406,liveness,missing_value,
90406,speechiness,missing_value,
90407,valence,missing_value,
90419,instrumentalness,missing_value,
90419,speechiness,missing_value,
90425,tempo,missing_value,
90428,speechiness,missing_value,
90430,energy,missing_value,
90432,liveness,missing_value,
90438,loudness,missing_value,
90438,acousticness,missing_value,
90441,acousticness,missing_value,
90442,tempo,outlier_low,6.9560
90446,instrumentalness,missing_value,
90449,tempo,missing_value,
90452,danceability,missing_value,
90463,loudness,missing_value,
90465,loudness,missing_value,
90466,energy,missing_value,
90473,energy,missing_value,
90474,speechiness,missing_value,
90477,tempo,missing_value,
90479,speechiness,missing_value,
90480,speechiness,missing_value,
90481,acousticness,missing_value,
90483,instrumentalness,missing_value,
90485,valence,missing_value,
90490,speechiness,missing_value,
90495,energy,outlier_low,-0.1531
90496,valence,missing_value,
90496,danceability,outlier_high,1.0869
90503,acousticness,missing_value,
90504,speechiness,missing_value,
90505,valence,missing_value,
90507,valence,missing_value,
90507,energy,missing_value,
90508,liveness,missing_value,
90509,energy,outlier_high,1.3219
90518,danceability,missing_value,
90519,energy,missing_value,
90520,energy,missing_value,
90521,valence,missing_value,
90525,danceability,missing_value,
90527,valence,missing_value,
90527,acousticness,missing_value,
90528,liveness,missing_value,
90531,liveness,missing_value,
90538,instrumentalness,missing_value,
90542,liveness,missing_value,
90549,danceability,missing_value,
90550,tempo,missing_value,
90554,tempo,missing_value,
90557,liveness,missing_value,
90559,energy,missing_value,
90561,liveness,missing_value,
90571,danceability,missing_value,
90572,speechiness,missing_value,
90575,energy,missing_value,
90578,danceability,missing_value,
90581,valence,outlier_low,-0.0171
90585,liveness,missing_value,
90585,energy,missing_value,
90592,acousticness,missing_value,
90605,danceability,missing_value,
90606,speechiness,missing_value,
90613,energy,missing_value,
90614,energy,missing_value,
90615,loudness,outlier_high,7.0737
90622,valence,missing_value,
90624,valence,missing_value,
90625,tempo,missing_value,
90626,valence,missing_value,
90627,loudness,missing_value,
90627,liveness,missing_value,
90632,valence,missing_value,
90641,speechiness,missing_value,
90648,liveness,missing_value,
90657,liveness,missing_value,
90660,tempo,missing_value,
90670,instrumentalness,missing_value,
90671,danceability,missing_value,
90673,valence,missing_value,
90674,speechiness,missing_value,
90674,instrumentalness,missing_value,
90680,valence,missing_value,
90681,loudness,missing_value,
90684,tempo,missing_value,
90687,energy,missing_value,
90687,acousticness,missing_value,
90689,instrumentalness,missing_value,
90691,tempo,missing_value,
90692,energy,outlier_high,1.0710
90693,acousticness,missing_value,
90694,acousticness,missing_value,
90699,instrumentalness,missing_value,
90701,danceability,missing_value,
90705,loudness,missing_value,
90713,energy,missing_value,
90714,danceability,missing_value,
90716,speechiness,missing_value,
90716,danceability,missing_value,
90719,danceability,missing_value,
90721,speechiness,missing_value,
90724,speechiness,missing_value,
90729,loudness,missing_value,
90732,energy,outlier_low,-0.0697
90734,loudness,outlier_high,1.8117
90735,acousticness,missing_value,
90736,valence,missing_value,
90736,tempo,outlier_high,416.9273
90737,loudness,outlier_high,2.2306
90737,speechiness,missing_value,
90742,speechiness,missing_value,
90744,acousticness,missing_value,
90744,speechiness,missing_value,
90753,instrumentalness,missing_value,
90756,liveness,missing_value,
90757,energy,outlier_high,1.3491
90769,tempo,missing_value,
90769,acousticness,missing_value,
90777,speechiness,missing_value,
90780,valence,missing_value,
90782,instrumentalness,missing_value,
90782,tempo,missing_value,
90786,tempo,missing_value,
90790,energy,missing_value,
90791,valence,missing_value,
90793,instrumentalness,missing_value,
90799,danceability,missing_value,
90805,instrumentalness,missing_value,
90811,loudness,outlier_high,1.0162
90813,speechiness,missing_value,
90814,instrumentalness,missing_value,
90816,energy,missing_value,
90817,liveness,missing_value,
90818,valence,missing_value,
90819,speechiness,missing_value,
90821,loudness,missing_value,
90829,loudness,missing_value,
90836,energy,missing_value,
90839,tempo,missing_value,
90840,instrumentalness,missing_value,
90841,acousticness,missing_value,
90849,danceability,missing_value,
90851,acousticness,missing_value,
90853,loudness,missing_value,
90855,energy,missing_value,
90859,liveness,missing_value,
90863,tempo,missing_value,
90864,loudness,missing_value,
90864,tempo,outlier_high,320.1632
90867,danceability,missing_value,
90867,liveness,missing_value,
90869,energy,missing_value,
90871,tempo,missing_value,
90872,valence,missing_value,
90885,instrumentalness,missing_value,
90892,valence,missing_value,
90894,liveness,missing_value,
90894,danceability,missing_value,
90901,energy,outlier_high,1.2097
90903,danceability,missing_value,
90909,danceability,missing_value,
90910,instrumentalness,missing_value,
90910,energy,missing_value,
90920,energy,missing_value,
90923,loudness,missing_value,
90927,loudness,outlier_low,-79.0181
90928,danceability,missing_value,
90929,energy,outlier_high,1.3607
90948,energy,missing_value,
90955,speechiness,missing_value,
90957,acousticness,missing_value,
90957,liveness,missing_value,
90961,loudness,missing_value,
90961,acousticness,missing_value,
90967,energy,missing_value,
90969,instrumentalness,missing_value,
90972,liveness,missing_value,
90975,valence,missing_value,
90983,valence,missing_value,
90983,tempo,missing_value,
90985,loudness,missing_value,
90991,energy,missing_value,
90992,valence,missing_value,
90994,tempo,missing_value,
90995,speechiness,missing_value,
90999,instrumentalness,missing_value,
91001,speechiness,missing_value,
91007,valence,missing_value,
91008,acousticness,missing_value,
91011,instrumentalness,missing_value,
91012,acousticness,missing_value,
91012,danceability,missing_value,
91013,tempo,missing_value,
91014,danceability,missing_value,
91015,valence,missing_value,
91019,tempo,missing_value,
91020,tempo,outlier_low,11.3014
91021,loudness,missing_value,
91024,danceability,missing_value,
91025,loudness,missing_value,
91027,tempo,outlier_high,347.6014
91029,tempo,missing_value,
91030,tempo,missing_value,
91031,instrumentalness,missing_value,
91034,danceability,missing_value,
91034,loudness,missing_value,
91035,liveness,missing_value,
91036,speechiness,missing_value,
91040,loudness,missing_value,
91041,tempo,outlier_low,1.6275
91047,danceability,outlier_high,1.2504
91048,speechiness,missing_value,
91055,loudness,missing_value,
91055,valence,missing_value,
91069,danceability,missing_value,
91071,energy,outlier_low,-0.0880
91075,tempo,missing_value,
91075,liveness,missing_value,
91077,loudness,missing_value,
91082,acousticness,missing_value,
91085,valence,missing_value,
91088,tempo,missing_value,
91089,instrumentalness,missing_value,
91099,acousticness,missing_value,
91106,loudness,missing_value,
91106,danceability,missing_value,
91114,energy,missing_value,
91115,danceability,missing_value,
91119,energy,missing_value,
91124,tempo,missing_value,
91127,acousticness,missing_value,
91127,valence,missing_value,
91131,speechiness,missing_value,
91134,instrumentalness,missing_value,
91137,energy,outlier_high,1.2963
91145,danceability,missing_value,
91146,valence,missing_value,
91147,tempo,missing_value,
91147,liveness,missing_value,
91148,liveness,missing_value,
91149,speechiness,missing_value,
91149,loudness,outlier_high,1.6921
91153,danceability,missing_value,
91154,tempo,missing_value,
91159,loudness,missing_value,
91170,loudness,missing_value,
91173,liveness,missing_value,
91175,liveness,missing_value,
91175,loudness,missing_value,
91178,energy,missing_value,
91181,instrumentalness,missing_value,
91183,speechiness,missing_value,
91185,tempo,outlier_low,5.6882
91186,acousticness,missing_value,
91189,loudness,missing_value,
91193,tempo,missing_value,
91197,loudness,missing_value,
91201,energy,missing_value,
91208,energy,outlier_high,1.1867
91209,tempo,missing_value,
91215,liveness,missing_value,
91216,valence,missing_value,
91224,acousticness,missing_value,
91225,instrumentalness,missing_value,
91226,speechiness,missing_value,
91229,loudness,missing_value,
91230,loudness,outlier_high,4.9310
91234,energy,outlier_high,1.4307
91236,acousticness,missing_value,
91237,instrumentalness,missing_value,
91243,instrumentalness,missing_value,
91243,acousticness,missing_value,
91245,tempo,missing_value,
91246,speechiness,missing_value,
91250,valence,missing_value,
91251,danceability,missing_value,
91253,speechiness,missing_value,
91256,instrumentalness,missing_value,
91257,speechiness,missing_value,
91268,tempo,outlier_high,406.6461
91273,instrumentalness,missing_value,
91278,loudness,missing_value,
91279,instrumentalness,missing_value,
91279,valence,missing_value,
91288,speechiness,missing_value,
91290,tempo,missing_value,
91295,tempo,missing_value,
91297,liveness,missing_value,
91297,loudness,outlier_high,6.4072
91297,speechiness,missing_value,
91301,valence,missing_value,
91302,danceability,missing_value,
91304,acousticness,missing_value,
91308,danceability,missing_value,
91308,liveness,missing_value,
91309,acousticness,missing_value,
91310,liveness,missing_value,
91311,energy,missing_value,
91314,instrumentalness,missing_value,
91317,danceability,missing_value,
91319,energy,outlier_high,1.3701
91325,energy,missing_value,
91329,energy,outlier_high,1.4120
91330,instrumentalness,missing_value,
91334,energy,missing_value,
91336,liveness,missing_value,
91336,energy,outlier_high,1.2957
91336,instrumentalness,missing_value,
91337,loudness,missing_value,
91338,valence,missing_value,
91343,liveness,missing_value,
91346,acousticness,missing_value,
91346,liveness,missing_value,
91347,speechiness,missing_value,
91352,danceability,missing_value,
91352,loudness,missing_value,
91353,tempo,missing_value,
91355,instrumentalness,missing_value,
91359,valence,missing_value,
91361,energy,missing_value,
91367,energy,missing_value,
91374,loudness,missing_value,
91377,liveness,missing_value,
91388,valence,missing_value,
91389,liveness,missing_value,
91396,danceability,missing_value,
91397,acousticness,missing_value,
91411,loudness,missing_value,
91421,valence,missing_value,
91422,instrumentalness,missing_value,
91429,instrumentalness,missing_value,
91430,loudness,missing_value,
91431,danceability,missing_value,
91435,danceability,missing_value,
91439,danceability,missing_value,
91441,danceability,missing_value,
91447,loudness,missing_value,
91454,acousticness,missing_value,
91455,liveness,missing_value,
91458,acousticness,missing_value,
91462,energy,missing_value,
91464,loudness,missing_value,
91467,valence,missing_value,
91468,instrumentalness,missing_value,
91473,danceability,missing_value,
91475,tempo,missing_value,
91476,liveness,missing_value,
91483,energy,missing_value,
91486,energy,missing_value,
91486,liveness,missing_value,
91491,liveness,missing_value,
91492,speechiness,missing_value,
91493,danceability,missing_value,
91495,instrumentalness,missing_value,
91497,valence,missing_value,
91500,loudness,missing_value,
91502,loudness,missing_value,
91503,valence,outlier_low,-0.2322
91503,instrumentalness,missing_value,
91504,instrumentalness,missing_value,
91508,loudness,missing_value,
91512,valence,missing_value,
91518,liveness,missing_value,
91518,valence,missing_value,
91519,liveness,missing_value,
91522,instrumentalness,missing_value,
91525,energy,outlier_low,-0.0791
91525,acousticness,missing_value,
91527,speechiness,missing_value,
91527,energy,outlier_high,1.1278
91529,speechiness,missing_value,
91531,liveness,missing_value,
91536,speechiness,missing_value,
91537,tempo,missing_value,
91557,loudness,missing_value,
91558,tempo,missing_value,
91563,energy,missing_value,
91564,danceability,missing_value,
91565,speechiness,missing_value,
91569,energy,outlier_low,-0.2573
91574,valence,outlier_high,1.1353
91580,instrumentalness,missing_value,
91587,speechiness,missing_value,
91589,danceability,missing_value,
91590,valence,outlier_low,-0.0151
91594,tempo,missing_value,
91597,danceability,outlier_low,-0.0396
91599,acousticness,missing_value,
91599,liveness,missing_value,
91600,acousticness,missing_value,
91600,speechiness,missing_value,
91601,danceability,missing_value,
91603,instrumentalness,missing_value,
91605,tempo,missing_value,
91611,energy,missing_value,
91615,valence,missing_value,
91616,instrumentalness,missing_value,
91616,energy,missing_value,
91618,valence,outlier_high,1.4228
91623,energy,missing_value,
91625,loudness,missing_value,
91633,acousticness,missing_value,
91639,danceability,outlier_high,1.0994
91640,acousticness,missing_value,
91640,valence,outlier_low,-0.2389
91648,speechiness,missing_value,
91652,acousticness,missing_value,
91653,loudness,missing_value,
91653,liveness,missing_value,
91655,liveness,missing_value,
91656,danceability,missing_value,
91658,loudness,missing_value,
91662,acousticness,missing_value,
91663,valence,outlier_high,1.1665
91667,loudness,missing_value,
91668,speechiness,missing_value,
91668,liveness,missing_value,
91670,danceability,missing_value,
91672,instrumentalness,missing_value,
91676,valence,outlier_low,-0.1277
91676,loudness,outlier_high,1.0246
91680,speechiness,missing_value,
91682,loudness,outlier_high,2.1274
91684,energy,missing_value,
91685,danceability,missing_value,
91688,speechiness,missing_value,
91688,danceability,missing_value,
91691,instrumentalness,missing_value,
91694,liveness,missing_value,
91702,energy,missing_value,
91707,instrumentalness,missing_value,
91708,loudness,missing_value,
91708,valence,missing_value,
91711,valence,missing_value,
91714,speechiness,missing_value,
91715,tempo,missing_value,
91726,valence,missing_value,
91726,energy,missing_value,
91727,liveness,missing_value,
91733,loudness,missing_value,
91736,energy,outlier_high,1.3473
91739,danceability,missing_value,
91742,acousticness,missing_value,
91742,speechiness,missing_value,
91747,liveness,missing_value,
91752,tempo,missing_value,
91754,tempo,missing_value,
91754,danceability,missing_value,
91755,acousticness,missing_value,
91755,liveness,missing_value,
91757,loudness,missing_value,
91758,energy,missing_value,
91759,speechiness,missing_value,
91775,energy,missing_value,
91780,danceability,missing_value,
91783,loudness,missing_value,
91785,acousticness,missing_value,
91786,liveness,missing_value,
91789,liveness,missing_value,
91795,valence,missing_value,
91796,liveness,missing_value,
91799,energy,outlier_low,-0.2066
91810,danceability,missing_value,
91812,energy,missing_value,
91814,loudness,missing_value,
91816,energy,missing_value,
91818,liveness,missing_value,
91822,tempo,missing_value,
91827,energy,missing_value,
91827,acousticness,missing_value,
91827,instrumentalness,missing_value,
91830,energy,missing_value,
91831,liveness,missing_value,
91838,valence,missing_value,
91839,energy,missing_value,
91839,acousticness,missing_value,
91844,loudness,missing_value,
91845,valence,missing_value,
91846,valence,outlier_low,-0.2773
91847,instrumentalness,missing_value,
91851,energy,missing_value,
91856,liveness,missing_value,
91859,tempo,missing_value,
91863,liveness,missing_value,
91868,acousticness,missing_value,
91869,danceability,outlier_high,1.4776
91874,energy,missing_value,
91878,tempo,missing_value,
91879,loudness,missing_value,
91884,loudness,missing_value,
91885,valence,missing_value,
91899,danceability,missing_value,
91902,loudness,missing_value,
91903,danceability,missing_value,
91905,loudness,missing_value,
91905,instrumentalness,missing_value,
91909,speechiness,missing_value,
91913,energy,outlier_high,1.0860
91918,instrumentalness,missing_value,
91924,danceability,outlier_low,-0.1356
91929,loudness,missing_value,
91930,energy,missing_value,
91931,liveness,missing_value,
91937,tempo,missing_value,
91939,loudness,missing_value,
91939,acousticness,missing_value,
91942,acousticness,missing_value,
91945,danceability,missing_value,
91946,valence,missing_value,
91947,liveness,missing_value,
91948,tempo,outlier_low,0.9112
91961,danceability,missing_value,
91963,tempo,missing_value,
91964,loudness,missing_value,
91976,liveness,missing_value,
91980,speechiness,missing_value,
91987,valence,missing_value,
92002,acousticness,missing_value,
92010,loudness,missing_value,
92012,speechiness,missing_value,
92012,loudness,missing_value,
92013,liveness,missing_value,
92019,tempo,outlier_high,302.1709
92021,loudness,missing_value,
92022,liveness,missing_value,
92022,energy,missing_value,
92027,valence,missing_value,
92028,energy,missing_value,
92031,speechiness,missing_value,
92032,danceability,missing_value,
92034,liveness,missing_value,
92036,energy,missing_value,
92038,danceability,missing_value,
92042,speechiness,missing_value,
92044,energy,missing_value,
92053,valence,missing_value,
92058,liveness,missing_value,
92063,loudness,missing_value,
92064,valence,missing_value,
92070,valence,missing_value,
92072,valence,missing_value,
92073,loudness,missing_value,
92075,energy,outlier_low,-0.1236
92075,acousticness,missing_value,
92075,valence,missing_value,
92081,energy,outlier_high,1.0715
92082,valence,outlier_high,1.3333
92083,valence,missing_value,
92085,danceability,missing_value,
92088,energy,missing_value,
92093,acousticness,missing_value,
92099,speechiness,missing_value,
92105,instrumentalness,missing_value,
92113,valence,missing_value,
92117,danceability,missing_value,
92118,valence,missing_value,
92123,loudness,outlier_high,6.9499
92132,speechiness,missing_value,
92137,instrumentalness,missing_value,
92140,instrumentalness,missing_value,
92153,danceability,missing_value,
92158,loudness,missing_value,
92162,energy,missing_value,
92162,valence,missing_value,
92163,valence,missing_value,
92165,danceability,missing_value,
92172,valence,missing_value,
92176,acousticness,missing_value,
92182,instrumentalness,missing_value,
92183,valence,missing_value,
92189,instrumentalness,missing_value,
92192,energy,missing_value,
92198,valence,missing_value,
92201,loudness,missing_value,
92204,speechiness,missing_value,
92216,valence,missing_value,
92225,acousticness,missing_value,
92228,acousticness,missing_value,
92237,acousticness,missing_value,
92238,tempo,missing_value,
92239,valence,missing_value,
92247,loudness,missing_value,
92253,loudness,outlier_high,1.3833
92257,speechiness,missing_value,
92257,valence,outlier_high,1.4574
92259,liveness,missing_value,
92259,loudness,missing_value,
92260,valence,missing_value,
92260,acousticness,missing_value,
92262,acousticness,missing_value,
92263,speechiness,missing_value,
92283,valence,missing_value,
92284,tempo,missing_value,
92285,valence,outlier_low,-0.1558
92285,acousticness,missing_value,
92287,tempo,outlier_low,0.8094
92291,danceability,missing_value,
92296,acousticness,missing_value,
92296,loudness,missing_value,
92299,tempo,missing_value,
92301,loudness,missing_value,
92302,liveness,missing_value,
92304,valence,missing_value,
92308,energy,missing_value,
92318,valence,missing_value,
92321,loudness,missing_value,
92322,loudness,missing_value,
92326,speechiness,missing_value,
92327,valence,missing_value,
92331,danceability,missing_value,
92332,valence,missing_value,
92336,tempo,missing_value,
92339,energy,missing_value,
92340,danceability,outlier_high,1.1821
92347,danceability,outlier_high,1.4246
92350,loudness,missing_value,
92351,loudness,missing_value,
92352,instrumentalness,missing_value,
92353,speechiness,missing_value,
92365,loudness,missing_value,
92366,instrumentalness,missing_value,
92367,liveness,missing_value,
92371,energy,missing_value,
92372,valence,missing_value,
92376,speechiness,missing_value,
92378,loudness,missing_value,
92381,energy,missing_value,
92382,acousticness,missing_value,
92384,speechiness,missing_value,
92384,valence,outlier_low,-0.1588
92385,tempo,missing_value,
92386,acousticness,missing_value,
92388,loudness,missing_value,
92389,liveness,missing_value,
92397,liveness,missing_value,
92399,danceability,missing_value,
92399,acousticness,missing_value,
92401,tempo,missing_value,
92411,acousticness,missing_value,
92412,instrumentalness,missing_value,
92413,loudness,missing_value,
92414,instrumentalness,missing_value,
92415,instrumentalness,missing_value,
92418,danceability,missing_value,
92419,instrumentalness,missing_value,
92421,valence,outlier_high,1.1888
92422,liveness,missing_value,
92423,loudness,missing_value,
92424,instrumentalness,missing_value,
92431,speechiness,missing_value,
92432,liveness,missing_value,
92435,speechiness,missing_value,
92440,acousticness,missing_value,
92443,tempo,outlier_low,3.0014
92446,valence,outlier_low,-0.0755
92447,acousticness,missing_value,
92449,speechiness,missing_value,
92451,valence,missing_value,
92452,tempo,outlier_high,313.8932
92452,instrumentalness,missing_value,
92452,valence,missing_value,
92454,tempo,missing_value,
92455,danceability,missing_value,
92457,valence,outlier_low,-0.0968
92459,valence,missing_value,
92460,acousticness,missing_value,
92462,tempo,outlier_low,2.8197
92466,danceability,missing_value,
92467,energy,missing_value,
92468,tempo,outlier_low,6.1840
92471,tempo,missing_value,
92476,loudness,missing_value,
92478,liveness,missing_value,
92480,energy,missing_value,
92485,speechiness,missing_value,
92486,valence,missing_value,
92490,instrumentalness,missing_value,
92492,valence,outlier_low,-0.2869
92494,energy,outlier_low,-0.0402
92501,instrumentalness,missing_value,
92501,speechiness,missing_value,
92511,speechiness,missing_value,
92518,tempo,missing_value,
92522,loudness,missing_value,
92530,loudness,missing_value,
92531,valence,missing_value,
92533,speechiness,missing_value,
92537,energy,outlier_low,-0.2155
92538,acousticness,missing_value,
92540,loudness,outlier_high,4.5717
92542,tempo,missing_value,
92550,instrumentalness,missing_value,
92550,tempo,missing_value,
92568,liveness,missing_value,
92570,tempo,missing_value,
92572,energy,missing_value,
92586,speechiness,missing_value,
92586,danceability,missing_value,
92596,loudness,outlier_high,2.4209
92599,instrumentalness,missing_value,
92602,energy,missing_value,
92605,danceability,outlier_low,-0.0285
92619,acousticness,missing_value,
92622,danceability,missing_value,
92623,valence,missing_value,
92628,liveness,missing_value,
92633,liveness,missing_value,
92634,liveness,missing_value,
92635,loudness,missing_value,
92637,energy,missing_value,
92643,valence,missing_value,
92644,speechiness,missing_value,
92654,energy,missing_value,
92655,acousticness,missing_value,
92655,instrumentalness,missing_value,
92657,danceability,missing_value,
92657,valence,missing_value,
92657,instrumentalness,missing_value,
92662,valence,missing_value,
92671,valence,outlier_high,1.2007
92672,valence,outlier_high,1.3283
92673,liveness,missing_value,
92673,energy,missing_value,
92674,loudness,missing_value,
92675,instrumentalness,missing_value,
92677,instrumentalness,missing_value,
92679,danceability,missing_value,
92684,instrumentalness,missing_value,
92686,valence,missing_value,
92687,acousticness,missing_value,
92690,acousticness,missing_value,
92690,danceability,missing_value,
92691,loudness,missing_value,
92698,instrumentalness,missing_value,
92699,speechiness,missing_value,
92703,danceability,outlier_high,1.2206
92704,acousticness,missing_value,
92712,danceability,missing_value,
92714,danceability,missing_value,
92716,acousticness,missing_value,
92717,loudness,outlier_low,-75.2795
92718,liveness,missing_value,
92719,instrumentalness,missing_value,
92725,energy,missing_value,
92730,danceability,missing_value,
92739,acousticness,missing_value,
92751,energy,outlier_low,-0.0821
92751,speechiness,missing_value,
92753,tempo,missing_value,
92756,acousticness,missing_value,
92758,loudness,missing_value,
92763,energy,missing_value,
92764,acousticness,missing_value,
92764,danceability,missing_value,
92767,loudness,outlier_high,1.7121
92769,valence,missing_value,
92773,danceability,missing_value,
92774,danceability,missing_value,
92777,danceability,outlier_low,-0.0572
92785,valence,missing_value,
92786,danceability,missing_value,
92789,acousticness,missing_value,
92791,instrumentalness,missing_value,
92793,instrumentalness,missing_value,
92798,speechiness,missing_value,
92801,liveness,missing_value,
92802,energy,missing_value,
92807,speechiness,missing_value,
92807,valence,missing_value,
92810,energy,missing_value,
92811,acousticness,missing_value,
92818,acousticness,missing_value,
92818,loudness,outlier_high,2.8428
92820,energy,missing_value,
92821,instrumentalness,missing_value,
92826,danceability,missing_value,
92833,instrumentalness,missing_value,
92835,speechiness,missing_value,
92838,valence,missing_value,
92839,tempo,missing_value,
92844,energy,outlier_high,1.4149
92846,speechiness,missing_value,
92855,danceability,missing_value,
92857,tempo,missing_value,
92858,acousticness,missing_value,
92861,valence,missing_value,
92870,tempo,missing_value,
92873,instrumentalness,missing_value,
92874,valence,outlier_low,-0.1795
92876,acousticness,missing_value,
92883,instrumentalness,missing_value,
92884,energy,outlier_low,-0.1205
92890,instrumentalness,missing_value,
92890,valence,missing_value,
92893,tempo,missing_value,
92893,speechiness,missing_value,
92895,instrumentalness,missing_value,
92897,instrumentalness,missing_value,
92900,energy,missing_value,
92902,loudness,outlier_low,-71.0697
92909,energy,missing_value,
92912,loudness,missing_value,
92915,loudness,missing_value,
92927,instrumentalness,missing_value,
92927,danceability,missing_value,
92932,instrumentalness,missing_value,
92934,liveness,missing_value,
92935,loudness,missing_value,
92938,tempo,missing_value,
92939,loudness,missing_value,
92944,energy,missing_value,
92946,loudness,missing_value,
92952,loudness,missing_value,
92953,speechiness,missing_value,
92957,valence,missing_value,
92960,danceability,outlier_low,-0.0943
92961,acousticness,missing_value,
92962,valence,missing_value,
92969,speechiness,missing_value,
92985,danceability,missing_value,
92988,tempo,missing_value,
92991,energy,missing_value,
92993,instrumentalness,missing_value,
92995,acousticness,missing_value,
92995,liveness,missing_value,
93003,energy,missing_value,
93008,valence,missing_value,
93010,instrumentalness,missing_value,
93011,loudness,outlier_high,8.5858
93014,valence,missing_value,
93014,tempo,outlier_low,13.2829
93014,instrumentalness,missing_value,
93021,instrumentalness,missing_value,
93024,danceability,missing_value,
93026,speechiness,missing_value,
93031,danceability,missing_value,
93034,energy,missing_value,
93038,tempo,missing_value,
93045,speechiness,missing_value,
93051,loudness,missing_value,
93053,liveness,missing_value,
93054,acousticness,missing_value,
93057,energy,outlier_high,1.3874
93059,liveness,missing_value,
93059,tempo,missing_value,
93060,speechiness,missing_value,
93065,energy,missing_value,
93066,instrumentalness,missing_value,
93074,valence,outlier_low,-0.0558
93075,danceability,missing_value,
93078,energy,missing_value,
93079,energy,missing_value,
93081,valence,missing_value,
93084,energy,missing_value,
93086,instrumentalness,missing_value,
93090,energy,missing_value,
93092,instrumentalness,missing_value,
93099,loudness,outlier_low,-82.2141
93099,danceability,missing_value,
93102,loudness,missing_value,
93102,danceability,outlier_high,1.2383
93103,energy,missing_value,
93106,energy,missing_value,
93106,danceability,missing_value,
93106,liveness,missing_value,
93111,speechiness,missing_value,
93118,valence,missing_value,
93119,acousticness,missing_value,
93129,valence,outlier_high,1.4671
93129,energy,missing_value,
93132,instrumentalness,missing_value,
93137,speechiness,missing_value,
93142,danceability,missing_value,
93144,loudness,missing_value,
93145,energy,missing_value,
93153,speechiness,missing_value,
93154,valence,missing_value,
93161,liveness,missing_value,
93162,tempo,missing_value,
93176,instrumentalness,missing_value,
93181,speechiness,missing_value,
93185,speechiness,missing_value,
93186,speechiness,missing_value,
93199,speechiness,missing_value,
93202,energy,missing_value,
93203,tempo,missing_value,
93205,valence,missing_value,
93207,instrumentalness,missing_value,
93207,speechiness,missing_value,
93208,danceability,missing_value,
93213,tempo,missing_value,
93236,danceability,missing_value,
93237,acousticness,missing_value,
93237,energy,outlier_high,1.3176
93240,energy,missing_value,
93242,energy,missing_value,
93243,instrumentalness,missing_value,
93246,tempo,missing_value,
93247,tempo,missing_value,
93250,speechiness,missing_value,
93256,liveness,missing_value,
93257,energy,missing_value,
93266,instrumentalness,missing_value,
93278,energy,missing_value,
93290,tempo,outlier_high,347.9210
93297,loudness,missing_value,
93301,instrumentalness,missing_value,
93306,valence,missing_value,
93311,loudness,outlier_low,-79.1481
93319,energy,missing_value,
93320,acousticness,missing_value,
93326,tempo,missing_value,
93326,instrumentalness,missing_value,
93327,valence,outlier_low,-0.2435
93329,energy,missing_value,
93338,danceability,missing_value,
93340,instrumentalness,missing_value,
93341,liveness,missing_value,
93343,loudness,outlier_high,5.8743
93349,tempo,missing_value,
93349,instrumentalness,missing_value,
93350,tempo,missing_value,
93351,valence,missing_value,
93355,danceability,missing_value,
93357,loudness,missing_value,
93372,tempo,missing_value,
93373,acousticness,missing_value,
93376,energy,missing_value,
93378,liveness,missing_value,
93380,acousticness,missing_value,
93384,instrumentalness,missing_value,
93387,instrumentalness,missing_value,
93390,speechiness,missing_value,
93392,energy,missing_value,
93395,danceability,missing_value,
93396,energy,missing_value,
93397,speechiness,missing_value,
93397,acousticness,missing_value,
93401,instrumentalness,missing_value,
93407,energy,missing_value,
93419,acousticness,missing_value,
93422,speechiness,missing_value,
93423,energy,missing_value,
93426,energy,missing_value,
93429,loudness,outlier_low,-80.7235
93433,tempo,missing_value,
93435,energy,missing_value,
93437,energy,missing_value,
93439,valence,missing_value,
93447,danceability,missing_value,
93450,energy,missing_value,
93451,danceability,missing_value,
93453,speechiness,missing_value,
93454,tempo,missing_value,
93463,loudness,missing_value,
93475,liveness,missing_value,
93484,speechiness,missing_value,
93489,tempo,missing_value,
93490,instrumentalness,missing_value,
93494,danceability,missing_value,
93494,valence,missing_value,
93497,acousticness,missing_value,
93502,danceability,missing_value,
93506,tempo,missing_value,
93508,liveness,missing_value,
93525,energy,missing_value,
93530,danceability,outlier_low,-0.1072
93537,acousticness,missing_value,
93537,liveness,missing_value,
93540,energy,missing_value,
93541,valence,outlier_low,-0.0453
93545,liveness,missing_value,
93545,loudness,missing_value,
93548,instrumentalness,missing_value,
93552,tempo,outlier_low,0.8585
93552,valence,missing_value,
93553,liveness,missing_value,
93557,loudness,outlier_low,-85.4107
93566,danceability,outlier_low,-0.2198
93568,liveness,missing_value,
93576,energy,missing_value,
93581,speechiness,missing_value,
93581,valence,missing_value,
93582,speechiness,missing_value,
93589,tempo,missing_value,
93590,energy,missing_value,
93591,instrumentalness,missing_value,
93592,danceability,missing_value,
93592,speechiness,missing_value,
93594,loudness,missing_value,
93597,liveness,missing_value,
93599,valence,missing_value,
93605,acousticness,missing_value,
93605,valence,missing_value,
93606,liveness,missing_value,
93614,danceability,missing_value,
93619,loudness,missing_value,
93620,liveness,missing_value,
93622,liveness,missing_value,
93622,danceability,missing_value,
93631,danceability,outlier_low,-0.0984
93631,liveness,missing_value,
93638,instrumentalness,missing_value,
93639,energy,missing_value,
93640,instrumentalness,missing_value,
93642,valence,missing_value,
93650,valence,missing_value,
93656,valence,missing_value,
93657,tempo,missing_value,
93657,energy,missing_value,
93661,energy,missing_value,
93663,speechiness,missing_value,
93664,danceability,missing_value,
93670,danceability,missing_value,
93674,energy,outlier_high,1.4507
93680,acousticness,missing_value,
93685,tempo,missing_value,
93687,tempo,missing_value,
93688,tempo,missing_value,
93692,liveness,missing_value,
93698,energy,missing_value,
93701,tempo,missing_value,
93706,loudness,missing_value,
93708,liveness,missing_value,
93711,valence,missing_value,
93714,loudness,missing_value,
93714,energy,missing_value,
93717,instrumentalness,missing_value,
93719,energy,missing_value,
93720,liveness,missing_value,
93721,danceability,outlier_low,-0.1362
93724,tempo,outlier_high,328.3820
93726,energy,outlier_high,1.3785
93738,acousticness,missing_value,
93741,loudness,missing_value,
93742,valence,missing_value,
93743,danceability,missing_value,
93746,speechiness,missing_value,
93750,instrumentalness,missing_value,
93750,tempo,outlier_low,13.7637
93751,valence,missing_value,
93757,speechiness,missing_value,
93759,instrumentalness,missing_value,
93765,danceability,missing_value,
93767,acousticness,missing_value,
93770,valence,missing_value,
93772,loudness,missing_value,
93774,tempo,missing_value,
93775,energy,outlier_low,-0.2356
93777,energy,outlier_high,1.2037
93778,tempo,missing_value,
93782,speechiness,missing_value,
93784,speechiness,missing_value,
93785,liveness,missing_value,
93788,acousticness,missing_value,
93789,tempo,outlier_high,337.4932
93789,energy,outlier_low,-0.2696
93789,acousticness,missing_value,
93791,energy,missing_value,
93798,acousticness,missing_value,
93799,loudness,outlier_high,5.2681
93802,energy,missing_value,
93802,liveness,missing_value,
93803,energy,missing_value,
93804,energy,missing_value,
93806,acousticness,missing_value,
93807,danceability,missing_value,
93815,liveness,missing_value,
93818,liveness,missing_value,
93819,energy,missing_value,
93819,speechiness,missing_value,
93834,tempo,outlier_low,11.8392
93837,danceability,outlier_low,-0.0142
93838,valence,missing_value,
93838,liveness,missing_value,
93855,danceability,missing_value,
93860,instrumentalness,missing_value,
93864,speechiness,missing_value,
93867,valence,missing_value,
93872,tempo,missing_value,
93877,valence,missing_value,
93878,acousticness,missing_value,
93878,loudness,missing_value,
93881,instrumentalness,missing_value,
93884,tempo,outlier_low,1.6385
93889,valence,missing_value,
93889,loudness,missing_value,
93890,loudness,missing_value,
93890,acousticness,missing_value,
93896,acousticness,missing_value,
93896,tempo,outlier_high,365.2096
93907,tempo,missing_value,
93910,energy,missing_value,
93913,loudness,missing_value,
93916,tempo,outlier_low,14.1318
93934,speechiness,missing_value,
93940,liveness,missing_value,
93942,energy,outlier_high,1.4824
93949,liveness,missing_value,
93953,instrumentalness,missing_value,
93954,danceability,outlier_low,-0.1367
93959,tempo,missing_value,
93960,acousticness,missing_value,
93963,tempo,missing_value,
93969,instrumentalness,missing_value,
93970,acousticness,missing_value,
93974,liveness,missing_value,
93974,valence,outlier_low,-0.0987
93980,loudness,missing_value,
93983,loudness,outlier_high,1.4579
94000,tempo,outlier_high,386.7670
94003,acousticness,missing_value,
94010,tempo,missing_value,
94013,tempo,missing_value,
94025,tempo,outlier_low,0.5963
94026,liveness,missing_value,
94038,speechiness,missing_value,
94041,energy,missing_value,
94042,liveness,missing_value,
94047,instrumentalness,missing_value,
94047,tempo,missing_value,
94053,liveness,missing_value,
94056,valence,missing_value,
94058,valence,missing_value,
94062,acousticness,missing_value,
94065,acousticness,missing_value,
94067,danceability,missing_value,
94082,speechiness,missing_value,
94093,loudness,missing_value,
94099,speechiness,missing_value,
94100,energy,missing_value,
94102,instrumentalness,missing_value,
94104,speechiness,missing_value,
94104,acousticness,missing_value,
94107,valence,missing_value,
94108,valence,missing_value,
94108,energy,missing_value,
94118,acousticness,missing_value,
94119,instrumentalness,missing_value,
94120,tempo,missing_value,
94123,danceability,missing_value,
94125,liveness,missing_value,
94129,energy,missing_value,
94137,valence,missing_value,
94139,valence,missing_value,
94140,energy,missing_value,
94144,liveness,missing_value,
94149,speechiness,missing_value,
94151,valence,missing_value,
94153,energy,outlier_high,1.2075
94160,tempo,missing_value,
94160,valence,missing_value,
94163,instrumentalness,missing_value,
94164,acousticness,missing_value,
94164,liveness,missing_value,
94176,energy,missing_value,
94176,valence,missing_value,
94179,energy,missing_value,
94183,acousticness,missing_value,
94186,danceability,missing_value,
94189,valence,missing_value,
94192,loudness,missing_value,
94197,danceability,missing_value,
94198,acousticness,missing_value,
94200,instrumentalness,missing_value,
94202,liveness,missing_value,
94216,energy,missing_value,
94220,acousticness,missing_value,
94222,loudness,outlier_high,3.5675
94226,instrumentalness,missing_value,
94230,danceability,missing_value,
94231,instrumentalness,missing_value,
94232,tempo,outlier_high,369.8185
94233,liveness,missing_value,
94234,danceability,missing_value,
94234,liveness,missing_value,
94238,speechiness,missing_value,
94241,instrumentalness,missing_value,
94246,speechiness,missing_value,
94250,acousticness,missing_value,
94250,speechiness,missing_value,
94252,speechiness,missing_value,
94260,valence,missing_value,
94260,liveness,missing_value,
94262,loudness,missing_value,
94263,energy,missing_value,
94271,instrumentalness,missing_value,
94280,danceability,missing_value,
94286,tempo,missing_value,
94291,danceability,outlier_low,-0.2872
94292,liveness,missing_value,
94297,liveness,missing_value,
94312,tempo,outlier_low,11.8704
94312,valence,outlier_low,-0.2546
94318,liveness,missing_value,
94322,acousticness,missing_value,
94327,energy,missing_value,
94330,valence,missing_value,
94334,energy,missing_value,
94346,danceability,missing_value,
94348,speechiness,missing_value,
94349,speechiness,missing_value,
94350,loudness,missing_value,
94356,danceability,missing_value,
94361,energy,missing_value,
94365,acousticness,missing_value,
94367,tempo,missing_value,
94368,speechiness,missing_value,
94371,liveness,missing_value,
94373,loudness,missing_value,
94390,instrumentalness,missing_value,
94397,danceability,outlier_high,1.1517
94401,speechiness,missing_value,
94402,danceability,missing_value,
94405,loudness,missing_value,
94406,loudness,missing_value,
94411,danceability,missing_value,
94416,tempo,outlier_high,390.5784
94422,tempo,missing_value,
94424,tempo,missing_value,
94432,instrumentalness,missing_value,
94434,energy,missing_value,
94435,valence,outlier_low,-0.2621
94436,instrumentalness,missing_value,
94439,acousticness,missing_value,
94441,danceability,missing_value,
94442,liveness,missing_value,
94443,energy,outlier_high,1.4820
94444,valence,missing_value,
94449,liveness,missing_value,
94456,instrumentalness,missing_value,
94457,valence,missing_value,
94459,liveness,missing_value,
94460,valence,missing_value,
94462,tempo,missing_value,
94463,acousticness,missing_value,
94464,speechiness,missing_value,
94470,liveness,missing_value,
94473,instrumentalness,missing_value,
94474,danceability,missing_value,
94476,instrumentalness,missing_value,
94479,acousticness,missing_value,
94480,acousticness,missing_value,
94484,danceability,missing_value,
94485,acousticness,missing_value,
94487,valence,missing_value,
94489,energy,missing_value,
94494,instrumentalness,missing_value,
94494,tempo,outlier_high,357.7827
94496,danceability,missing_value,
94500,tempo,missing_value,
94507,tempo,missing_value,
94510,loudness,outlier_low,-83.2791
94518,loudness,missing_value,
94527,valence,outlier_low,-0.1848
94528,tempo,missing_value,
94531,tempo,missing_value,
94536,energy,missing_value,
94541,danceability,missing_value,
94547,liveness,missing_value,
94554,loudness,outlier_high,7.2233
94557,energy,missing_value,
94560,loudness,missing_value,
94566,liveness,missing_value,
94567,tempo,missing_value,
94568,instrumentalness,missing_value,
94569,instrumentalness,missing_value,
94573,speechiness,missing_value,
94574,energy,missing_value,
94576,danceability,missing_value,
94580,tempo,missing_value,
94583,instrumentalness,missing_value,
94592,liveness,missing_value,
94592,valence,missing_value,
94594,danceability,missing_value,
94597,loudness,missing_value,
94598,energy,missing_value,
94607,acousticness,missing_value,
94612,liveness,missing_value,
94615,valence,outlier_high,1.1862
94616,loudness,missing_value,
94619,valence,missing_value,
94620,acousticness,missing_value,
94621,valence,missing_value,
94626,danceability,missing_value,
94629,danceability,missing_value,
94634,loudness,missing_value,
94634,speechiness,missing_value,
94637,energy,missing_value,
94637,liveness,missing_value,
94638,acousticness,missing_value,
94641,loudness,missing_value,
94642,liveness,missing_value,
94647,energy,missing_value,
94649,instrumentalness,missing_value,
94653,speechiness,missing_value,
94656,tempo,missing_value,
94657,loudness,outlier_low,-73.8682
94659,speechiness,missing_value,
94669,loudness,missing_value,
94680,speechiness,missing_value,
94680,acousticness,missing_value,
94683,speechiness,missing_value,
94686,energy,missing_value,
94687,energy,missing_value,
94691,energy,missing_value,
94692,tempo,outlier_low,7.1596
94693,acousticness,missing_value,
94699,valence,outlier_high,1.1637
94718,loudness,missing_value,
94719,loudness,outlier_high,1.4913
94722,loudness,missing_value,
94722,speechiness,missing_value,
94726,instrumentalness,missing_value,
94726,acousticness,missing_value,
94727,danceability,missing_value,
94727,energy,missing_value,
94730,energy,outlier_high,1.4356
94734,tempo,outlier_high,391.0642
94737,instrumentalness,missing_value,
94741,energy,outlier_high,1.3903
94742,instrumentalness,missing_value,
94750,tempo,missing_value,
94752,acousticness,missing_value,
94754,speechiness,missing_value,
94758,danceability,missing_value,
94764,acousticness,missing_value,
94767,acousticness,missing_value,
94767,valence,missing_value,
94769,liveness,missing_value,
94772,liveness,missing_value,
94779,danceability,missing_value,
94779,instrumentalness,missing_value,
94785,valence,missing_value,
94788,tempo,missing_value,
94797,instrumentalness,missing_value,
94801,valence,missing_value,
94802,acousticness,missing_value,
94807,energy,missing_value,
94807,speechiness,missing_value,
94813,danceability,missing_value,
94820,acousticness,missing_value,
94821,valence,missing_value,
94823,acousticness,missing_value,
94825,instrumentalness,missing_value,
94831,danceability,missing_value,
94836,energy,outlier_high,1.4633
94838,loudness,missing_value,
94840,liveness,missing_value,
94841,instrumentalness,missing_value,
94844,speechiness,missing_value,
94848,speechiness,missing_value,
94873,valence,missing_value,
94876,valence,outlier_low,-0.2289
94876,loudness,missing_value,
94877,danceability,missing_value,
94879,loudness,outlier_low,-88.5535
94880,liveness,missing_value,
94883,loudness,missing_value,
94885,speechiness,missing_value,
94887,loudness,missing_value,
94888,tempo,missing_value,
94889,danceability,missing_value,
94893,valence,missing_value,
94896,danceability,missing_value,
94896,energy,outlier_high,1.4207
94898,loudness,missing_value,
94905,energy,missing_value,
94905,valence,missing_value,
94911,tempo,missing_value,
94917,loudness,outlier_low,-76.4286
94918,instrumentalness,missing_value,
94926,energy,missing_value,
94933,speechiness,missing_value,
94935,valence,missing_value,
94935,liveness,missing_value,
94940,liveness,missing_value,
94942,acousticness,missing_value,
94947,speechiness,missing_value,
94957,tempo,missing_value,
94960,tempo,missing_value,
94968,instrumentalness,missing_value,
94969,tempo,missing_value,
94970,tempo,missing_value,
94972,loudness,missing_value,
94972,liveness,missing_value,
94983,energy,missing_value,
94985,valence,missing_value,
94997,liveness,missing_value,
95004,tempo,outlier_low,14.1266
95005,instrumentalness,missing_value,
95006,speechiness,missing_value,
95007,acousticness,missing_value,
95009,instrumentalness,missing_value,
95010,danceability,outlier_high,1.3267
95017,danceability,missing_value,
95019,liveness,missing_value,
95019,instrumentalness,missing_value,
95019,loudness,outlier_high,7.3051
95021,energy,missing_value,
95029,acousticness,missing_value,
95031,danceability,missing_value,
95034,danceability,missing_value,
95035,loudness,missing_value,
95036,tempo,outlier_high,344.5033
95039,valence,missing_value,
95039,energy,missing_value,
95041,danceability,missing_value,
95041,acousticness,missing_value,
95050,instrumentalness,missing_value,
95054,valence,missing_value,
95056,loudness,missing_value,
95058,tempo,missing_value,
95059,valence,missing_value,
95062,danceability,missing_value,
95064,acousticness,missing_value,
95066,energy,missing_value,
95070,acousticness,missing_value,
95072,energy,missing_value,
95073,valence,outlier_high,1.1829
95075,instrumentalness,missing_value,
95085,acousticness,missing_value,
95089,energy,missing_value,
95091,loudness,missing_value,
95091,valence,missing_value,
95096,acousticness,missing_value,
95096,liveness,missing_value,
95096,energy,outlier_low,-0.2882
95102,liveness,missing_value,
95123,energy,missing_value,
95127,loudness,missing_value,
95132,liveness,missing_value,
95132,instrumentalness,missing_value,
95134,loudness,missing_value,
95136,instrumentalness,missing_value,
95141,danceability,missing_value,
95143,energy,missing_value,
95143,liveness,missing_value,
95144,liveness,missing_value,
95158,energy,missing_value,
95159,liveness,missing_value,
95160,speechiness,missing_value,
95167,speechiness,missing_value,
95167,energy,outlier_low,-0.2540
95173,speechiness,missing_value,
95173,valence,missing_value,
95175,acousticness,missing_value,
95180,valence,missing_value,
95183,energy,missing_value,
95186,energy,outlier_high,1.1061
95188,loudness,missing_value,
95190,acousticness,missing_value,
95191,instrumentalness,missing_value,
95199,speechiness,missing_value,
95201,valence,outlier_low,-0.1752
95205,loudness,missing_value,
95212,energy,missing_value,
95212,instrumentalness,missing_value,
95216,acousticness,missing_value,
95227,speechiness,missing_value,
95231,valence,outlier_low,-0.2570
95239,liveness,missing_value,
95242,tempo,missing_value,
95248,danceability,missing_value,
95256,loudness,outlier_low,-74.3388
95259,energy,missing_value,
95260,energy,missing_value,
95261,instrumentalness,missing_value,
95267,loudness,missing_value,
95306,energy,missing_value,
95307,acousticness,missing_value,
95318,instrumentalness,missing_value,
95319,energy,missing_value,
95324,tempo,missing_value,
95324,energy,missing_value,
95325,energy,outlier_high,1.1691
95328,speechiness,missing_value,
95330,energy,missing_value,
95332,instrumentalness,missing_value,
95334,liveness,missing_value,
95345,tempo,missing_value,
95346,danceability,missing_value,
95348,tempo,missing_value,
95352,energy,outlier_low,-0.1513
95354,valence,missing_value,
95359,danceability,missing_value,
95359,valence,missing_value,
95360,instrumentalness,missing_value,
95362,acousticness,missing_value,
95363,danceability,missing_value,
95383,instrumentalness,missing_value,
95383,tempo,missing_value,
95388,acousticness,missing_value,
95388,tempo,missing_value,
95392,liveness,missing_value,
95394,acousticness,missing_value,
95399,liveness,missing_value,
95403,tempo,missing_value,
95404,valence,missing_value,
95405,energy,missing_value,
95408,instrumentalness,missing_value,
95415,loudness,missing_value,
95416,danceability,outlier_high,1.2557
95417,valence,missing_value,
95417,loudness,outlier_low,-77.5067
95418,valence,missing_value,
95423,acousticness,missing_value,
95424,danceability,missing_value,
95425,danceability,missing_value,
95426,valence,missing_value,
95429,energy,missing_value,
95434,valence,missing_value,
95436,valence,missing_value,
95441,loudness,outlier_low,-70.4545
95446,valence,missing_value,
95446,acousticness,missing_value,
95447,instrumentalness,missing_value,
95455,acousticness,missing_value,
95456,tempo,missing_value,
95458,tempo,missing_value,
95460,liveness,missing_value,
95465,loudness,outlier_high,8.7994
95465,danceability,missing_value,
95466,speechiness,missing_value,
95467,liveness,missing_value,
95469,instrumentalness,missing_value,
95473,tempo,missing_value,
95474,liveness,missing_value,
95481,danceability,missing_value,
95484,loudness,missing_value,
95486,acousticness,missing_value,
95486,liveness,missing_value,
95493,tempo,outlier_low,6.4211
95493,liveness,missing_value,
95493,danceability,outlier_low,-0.1683
95499,tempo,missing_value,
95500,danceability,missing_value,
95503,tempo,missing_value,
95506,liveness,missing_value,
95509,loudness,missing_value,
95509,instrumentalness,missing_value,
95513,valence,missing_value,
95513,danceability,missing_value,
95515,tempo,missing_value,
95519,energy,missing_value,
95519,tempo,missing_value,
95519,speechiness,missing_value,
95522,loudness,missing_value,
95529,valence,missing_value,
95533,valence,missing_value,
95539,loudness,missing_value,
95541,liveness,missing_value,
95541,energy,missing_value,
95541,valence,missing_value,
95548,loudness,outlier_low,-86.9735
95550,energy,outlier_low,-0.2784
95551,loudness,outlier_high,5.6887
95554,tempo,missing_value,
95555,danceability,missing_value,
95557,danceability,missing_value,
95568,danceability,outlier_high,1.3951
95570,instrumentalness,missing_value,
95573,instrumentalness,missing_value,
95579,acousticness,missing_value,
95580,acousticness,missing_value,
95582,tempo,missing_value,
95583,liveness,missing_value,
95583,speechiness,missing_value,
95584,acousticness,missing_value,
95585,tempo,missing_value,
95587,loudness,missing_value,
95594,danceability,missing_value,
95599,acousticness,missing_value,
95599,liveness,missing_value,
95600,energy,missing_value,
95601,tempo,missing_value,
95603,speechiness,missing_value,
95608,loudness,missing_value,
95609,liveness,missing_value,
95610,danceability,missing_value,
95610,instrumentalness,missing_value,
95611,speechiness,missing_value,
95619,acousticness,missing_value,
95620,valence,missing_value,
95621,liveness,missing_value,
95623,energy,missing_value,
95626,tempo,missing_value,
95631,loudness,outlier_low,-79.0596
95637,instrumentalness,missing_value,
95638,energy,outlier_high,1.2398
95640,acousticness,missing_value,
95646,speechiness,missing_value,
95652,liveness,missing_value,
95656,loudness,missing_value,
95659,danceability,outlier_high,1.1573
95663,speechiness,missing_value,
95667,energy,missing_value,
95669,acousticness,missing_value,
95675,acousticness,missing_value,
95679,valence,missing_value,
95680,danceability,missing_value,
95682,tempo,missing_value,
95688,valence,outlier_high,1.1365
95689,valence,missing_value,
95689,tempo,missing_value,
95689,energy,missing_value,
95691,valence,outlier_high,1.2111
95692,danceability,outlier_low,-0.2796
95693,acousticness,missing_value,
95701,valence,missing_value,
95702,valence,missing_value,
95703,tempo,missing_value,
95703,loudness,outlier_high,3.9459
95704,tempo,outlier_low,7.4515
95713,tempo,missing_value,
95715,acousticness,missing_value,
95717,instrumentalness,missing_value,
95723,energy,missing_value,
95724,loudness,missing_value,
95727,loudness,missing_value,
95732,instrumentalness,missing_value,
95741,danceability,missing_value,
95743,acousticness,missing_value,
95743,danceability,missing_value,
95747,tempo,missing_value,
95752,danceability,missing_value,
95754,tempo,missing_value,
95758,loudness,missing_value,
95759,loudness,outlier_low,-78.0992
95765,tempo,missing_value,
95765,liveness,missing_value,
95767,speechiness,missing_value,
95773,speechiness,missing_value,
95773,acousticness,missing_value,
95774,valence,missing_value,
95775,acousticness,missing_value,
95778,loudness,missing_value,
95779,acousticness,missing_value,
95781,instrumentalness,missing_value,
95782,valence,outlier_high,1.4821
95783,instrumentalness,missing_value,
95784,speechiness,missing_value,
95789,liveness,missing_value,
95789,valence,missing_value,
95790,acousticness,missing_value,
95793,tempo,missing_value,
95798,tempo,missing_value,
95806,loudness,outlier_low,-84.3554
95809,danceability,missing_value,
95813,loudness,missing_value,
95816,liveness,missing_value,
95817,danceability,missing_value,
95818,tempo,missing_value,
95821,danceability,outlier_high,1.4637
95821,tempo,missing_value,
95824,loudness,missing_value,
95824,liveness,missing_value,
95832,loudness,missing_value,
95834,instrumentalness,missing_value,
95839,acousticness,missing_value,
95839,speechiness,missing_value,
95841,acousticness,missing_value,
95847,energy,missing_value,
95853,acousticness,missing_value,
95856,energy,missing_value,
95862,tempo,missing_value,
95866,acousticness,missing_value,
95871,speechiness,missing_value,
95872,tempo,missing_value,
95873,loudness,outlier_low,-84.9496
95875,liveness,missing_value,
95875,speechiness,missing_value,
95876,energy,missing_value,
95883,speechiness,missing_value,
95884,energy,missing_value,
95886,speechiness,missing_value,
95888,loudness,missing_value,
95890,energy,missing_value,
95892,tempo,outlier_high,394.6328
95893,speechiness,missing_value,
95894,valence,missing_value,
95894,tempo,missing_value,
95899,loudness,outlier_low,-75.5624
95899,speechiness,missing_value,
95902,liveness,missing_value,
95902,danceability,missing_value,
95903,loudness,missing_value,
95904,valence,missing_value,
95905,valence,missing_value,
95911,acousticness,missing_value,
95913,danceability,missing_value,
95916,tempo,missing_value,
95918,valence,outlier_high,1.4227
95920,valence,missing_value,
95920,tempo,missing_value,
95923,energy,missing_value,
95924,danceability,missing_value,
95924,energy,missing_value,
95926,danceability,missing_value,
95927,loudness,missing_value,
95942,acousticness,missing_value,
95957,acousticness,missing_value,
95957,instrumentalness,missing_value,
95963,acousticness,missing_value,
95963,liveness,missing_value,
95964,tempo,outlier_high,419.5427
95965,danceability,outlier_high,1.1714
95968,loudness,missing_value,
95970,valence,missing_value,
95974,valence,missing_value,
95980,tempo,missing_value,
95981,valence,missing_value,
95990,loudness,missing_value,
95997,danceability,missing_value,
95998,tempo,missing_value,
96000,energy,missing_value,
96003,tempo,missing_value,
96004,tempo,missing_value,
96005,instrumentalness,missing_value,
96018,valence,missing_value,
96019,loudness,missing_value,
96019,energy,outlier_low,-0.2925
96024,tempo,missing_value,
96027,danceability,missing_value,
96029,loudness,outlier_low,-88.4928
96033,speechiness,missing_value,
96038,liveness,missing_value,
96038,danceability,missing_value,
96041,speechiness,missing_value,
96044,speechiness,missing_value,
96047,energy,missing_value,
96057,danceability,outlier_low,-0.2222
96067,valence,missing_value,
96068,instrumentalness,missing_value,
96078,tempo,missing_value,
96079,speechiness,missing_value,
96079,tempo,missing_value,
96081,liveness,missing_value,
96082,liveness,missing_value,
96086,liveness,missing_value,
96090,instrumentalness,missing_value,
96095,tempo,outlier_low,10.1105
96098,liveness,missing_value,
96099,acousticness,missing_value,
96099,loudness,outlier_high,8.9840
96100,tempo,missing_value,
96104,valence,missing_value,
96110,energy,missing_value,
96110,valence,missing_value,
96112,energy,missing_value,
96114,loudness,missing_value,
96117,acousticness,missing_value,
96117,instrumentalness,missing_value,
96121,loudness,missing_value,
96123,energy,outlier_low,-0.2498
96130,danceability,missing_value,
96132,acousticness,missing_value,
96136,liveness,missing_value,
96140,danceability,missing_value,
96141,speechiness,missing_value,
96145,valence,missing_value,
96152,tempo,missing_value,
96156,danceability,missing_value,
96157,loudness,outlier_low,-77.6753
96158,danceability,missing_value,
96164,acousticness,missing_value,
96166,tempo,missing_value,
96174,acousticness,missing_value,
96176,danceability,missing_value,
96180,acousticness,missing_value,
96180,danceability,missing_value,
96181,danceability,missing_value,
96182,loudness,outlier_low,-81.4705
96186,instrumentalness,missing_value,
96193,energy,missing_value,
96194,energy,missing_value,
96195,energy,missing_value,
96197,liveness,missing_value,
96198,speechiness,missing_value,
96200,instrumentalness,missing_value,
96207,tempo,missing_value,
96211,speechiness,missing_value,
96214,acousticness,missing_value,
96215,loudness,missing_value,
96221,loudness,missing_value,
96224,acousticness,missing_value,
96228,acousticness,missing_value,
96237,liveness,missing_value,
96239,danceability,missing_value,
96247,acousticness,missing_value,
96252,energy,missing_value,
96256,tempo,missing_value,
96256,valence,missing_value,
96265,valence,missing_value,
96266,speechiness,missing_value,
96272,valence,missing_value,
96273,danceability,missing_value,
96273,tempo,missing_value,
96274,energy,missing_value,
96279,valence,missing_value,
96300,instrumentalness,missing_value,
96302,liveness,missing_value,
96303,tempo,missing_value,
96304,danceability,outlier_low,-0.1659
96305,loudness,outlier_high,9.9894
96305,liveness,missing_value,
96306,energy,missing_value,
96311,loudness,missing_value,
96314,valence,missing_value,
96315,loudness,missing_value,
96317,danceability,missing_value,
96317,loudness,missing_value,
96322,tempo,missing_value,
96327,tempo,missing_value,
96329,energy,missing_value,
96330,valence,missing_value,
96335,acousticness,missing_value,
96336,danceability,missing_value,
96341,instrumentalness,missing_value,
96348,acousticness,missing_value,
96353,liveness,missing_value,
96353,energy,missing_value,
96357,tempo,missing_value,
96361,loudness,missing_value,
96362,energy,missing_value,
96376,energy,outlier_high,1.1983
96388,liveness,missing_value,
96391,energy,missing_value,
96394,instrumentalness,missing_value,
96412,loudness,missing_value,
96413,speechiness,missing_value,
96415,loudness,missing_value,
96424,energy,outlier_high,1.1109
96435,liveness,missing_value,
96436,instrumentalness,missing_value,
96437,speechiness,missing_value,
96438,danceability,outlier_high,1.4830
96440,loudness,missing_value,
96442,valence,missing_value,
96442,energy,missing_value,
96446,loudness,missing_value,
96447,liveness,missing_value,
96451,instrumentalness,missing_value,
96452,liveness,missing_value,
96459,acousticness,missing_value,
96462,valence,missing_value,
96462,danceability,missing_value,
96467,liveness,missing_value,
96468,danceability,missing_value,
96468,speechiness,missing_value,
96469,loudness,outlier_low,-80.5498
96469,danceability,missing_value,
96470,instrumentalness,missing_value,
96470,energy,missing_value,
96472,danceability,missing_value,
96473,liveness,missing_value,
96479,speechiness,missing_value,
96485,energy,missing_value,
96485,loudness,outlier_low,-84.8679
96489,tempo,missing_value,
96489,energy,missing_value,
96489,instrumentalness,missing_value,
96493,valence,missing_value,
96494,tempo,missing_value,
96495,danceability,missing_value,
96497,liveness,missing_value,
96500,instrumentalness,missing_value,
96501,loudness,missing_value,
96501,tempo,missing_value,
96502,liveness,missing_value,
96504,tempo,outlier_high,407.3234
96507,acousticness,missing_value,
96508,danceability,missing_value,
96509,danceability,outlier_low,-0.0395
96509,speechiness,missing_value,
96512,valence,missing_value,
96516,tempo,missing_value,
96522,tempo,missing_value,
96522,speechiness,missing_value,
96523,energy,missing_value,
96524,energy,missing_value,
96528,acousticness,missing_value,
96531,energy,missing_value,
96533,loudness,outlier_low,-74.2147
96534,instrumentalness,missing_value,
96536,energy,missing_value,
96537,tempo,outlier_low,6.3005
96539,energy,missing_value,
96539,speechiness,missing_value,
96540,tempo,missing_value,
96541,instrumentalness,missing_value,
96542,valence,missing_value,
96543,tempo,missing_value,
96567,liveness,missing_value,
96570,instrumentalness,missing_value,
96572,tempo,missing_value,
96574,liveness,missing_value,
96578,energy,missing_value,
96578,liveness,missing_value,
96579,danceability,missing_value,
96582,energy,missing_value,
96586,liveness,missing_value,
96587,danceability,missing_value,
96592,instrumentalness,missing_value,
96594,tempo,missing_value,
96600,acousticness,missing_value,
96604,energy,missing_value,
96608,valence,missing_value,
96609,valence,outlier_low,-0.2936
96613,acousticness,missing_value,
96618,speechiness,missing_value,
96622,acousticness,missing_value,
96627,speechiness,missing_value,
96629,valence,outlier_low,-0.0630
96630,acousticness,missing_value,
96636,speechiness,missing_value,
96636,energy,outlier_high,1.4861
96641,loudness,outlier_low,-73.8348
96643,instrumentalness,missing_value,
96644,acousticness,missing_value,
96649,instrumentalness,missing_value,
96649,valence,missing_value,
96649,tempo,missing_value,
96652,loudness,outlier_low,-78.6152
96654,tempo,missing_value,
96655,liveness,missing_value,
96660,energy,missing_value,
96663,loudness,missing_value,
96667,energy,missing_value,
96672,speechiness,missing_value,
96678,loudness,outlier_low,-82.9552
96681,valence,missing_value,
96685,liveness,missing_value,
96687,valence,outlier_low,-0.0669
96688,tempo,outlier_high,377.9364
96690,instrumentalness,missing_value,
96693,danceability,missing_value,
96698,instrumentalness,missing_value,
96703,danceability,missing_value,
96707,acousticness,missing_value,
96708,speechiness,missing_value,
96710,loudness,missing_value,
96711,instrumentalness,missing_value,
96717,acousticness,missing_value,
96723,instrumentalness,missing_value,
96724,liveness,missing_value,
96731,energy,missing_value,
96738,energy,missing_value,
96740,liveness,missing_value,
96741,acousticness,missing_value,
96750,loudness,missing_value,
96751,energy,outlier_high,1.2971
96752,danceability,missing_value,
96753,loudness,outlier_low,-74.8925
96755,tempo,missing_value,
96756,danceability,missing_value,
96763,instrumentalness,missing_value,
96767,valence,missing_value,
96767,liveness,missing_value,
96768,loudness,missing_value,
96768,liveness,missing_value,
96769,energy,missing_value,
96778,loudness,missing_value,
96779,liveness,missing_value,
96780,instrumentalness,missing_value,
96781,danceability,missing_value,
96783,acousticness,missing_value,
96787,tempo,missing_value,
96790,loudness,missing_value,
96792,acousticness,missing_value,
96795,energy,missing_value,
96800,loudness,missing_value,
96801,tempo,missing_value,
96807,loudness,missing_value,
96809,tempo,outlier_low,0.5825
96810,speechiness,missing_value,
96810,acousticness,missing_value,
96810,energy,outlier_high,1.3322
96818,speechiness,missing_value,
96818,instrumentalness,missing_value,
96820,speechiness,missing_value,
96825,loudness,missing_value,
96829,acousticness,missing_value,
96833,danceability,missing_value,
96838,energy,missing_value,
96841,liveness,missing_value,
96845,energy,outlier_high,1.3467
96845,danceability,missing_value,
96848,speechiness,missing_value,
96848,acousticness,missing_value,
96861,liveness,missing_value,
96863,danceability,missing_value,
96866,danceability,missing_value,
96866,tempo,missing_value,
96870,tempo,missing_value,
96877,liveness,missing_value,
96883,tempo,missing_value,
96884,instrumentalness,missing_value,
96886,speechiness,missing_value,
96886,acousticness,missing_value,
96887,acousticness,missing_value,
96889,liveness,missing_value,
96889,instrumentalness,missing_value,
96894,instrumentalness,missing_value,
96895,tempo,missing_value,
96903,instrumentalness,missing_value,
96907,tempo,missing_value,
96908,speechiness,missing_value,
96911,speechiness,missing_value,
96914,tempo,missing_value,
96917,liveness,missing_value,
96928,liveness,missing_value,
96930,danceability,missing_value,
96931,tempo,outlier_low,4.6317
96931,danceability,missing_value,
96931,acousticness,missing_value,
96932,loudness,missing_value,
96934,danceability,missing_value,
96951,instrumentalness,missing_value,
96953,instrumentalness,missing_value,
96953,liveness,missing_value,
96956,speechiness,missing_value,
96960,liveness,missing_value,
96966,tempo,missing_value,
96967,valence,missing_value,
96967,tempo,outlier_high,300.4254
96972,danceability,outlier_low,-0.0112
96974,tempo,missing_value,
96980,valence,missing_value,
96985,danceability,missing_value,
96986,instrumentalness,missing_value,
96989,loudness,missing_value,
96994,loudness,missing_value,
96997,energy,missing_value,
96999,energy,missing_value,
96999,acousticness,missing_value,
97001,energy,missing_value,
97008,acousticness,missing_value,
97008,danceability,missing_value,
97009,instrumentalness,missing_value,
97011,danceability,missing_value,
97014,tempo,missing_value,
97021,danceability,outlier_high,1.4201
97038,acousticness,missing_value,
97044,acousticness,missing_value,
97051,speechiness,missing_value,
97052,acousticness,missing_value,
97053,valence,missing_value,
97057,acousticness,missing_value,
97058,instrumentalness,missing_value,
97062,loudness,missing_value,
97062,speechiness,missing_value,
97064,tempo,missing_value,
97068,tempo,missing_value,
97071,tempo,missing_value,
97087,valence,missing_value,
97094,danceability,outlier_high,1.3996
97095,loudness,missing_value,
97096,energy,missing_value,
97098,energy,missing_value,
97103,acousticness,missing_value,
97104,tempo,missing_value,
97113,liveness,missing_value,
97114,speechiness,missing_value,
97116,instrumentalness,missing_value,
97117,danceability,missing_value,
97118,instrumentalness,missing_value,
97119,acousticness,missing_value,
97120,acousticness,missing_value,
97122,energy,missing_value,
97128,loudness,missing_value,
97131,tempo,missing_value,
97133,tempo,missing_value,
97134,acousticness,missing_value,
97134,speechiness,missing_value,
97136,loudness,missing_value,
97137,tempo,missing_value,
97148,danceability,missing_value,
97155,liveness,missing_value,
97156,instrumentalness,missing_value,
97159,liveness,missing_value,
97160,valence,outlier_low,-0.1233
97161,tempo,missing_value,
97168,energy,missing_value,
97171,tempo,outlier_low,13.2382
97171,loudness,missing_value,
97173,instrumentalness,missing_value,
97179,speechiness,missing_value,
97180,tempo,missing_value,
97184,energy,missing_value,
97185,loudness,missing_value,
97190,tempo,missing_value,
97195,energy,missing_value,
97203,instrumentalness,missing_value,
97205,acousticness,missing_value,
97207,energy,outlier_low,-0.1013
97208,danceability,missing_value,
97211,danceability,missing_value,
97217,valence,missing_value,
97218,speechiness,missing_value,
97223,speechiness,missing_value,
97225,acousticness,missing_value,
97226,instrumentalness,missing_value,
97227,energy,missing_value,
97230,valence,missing_value,
97232,danceability,missing_value,
97233,tempo,outlier_low,11.0359
97243,acousticness,missing_value,
97244,speechiness,missing_value,
97247,acousticness,missing_value,
97248,liveness,missing_value,
97252,liveness,missing_value,
97253,instrumentalness,missing_value,
97255,loudness,outlier_high,7.5492
97257,acousticness,missing_value,
97258,valence,missing_value,
97260,energy,missing_value,
97264,liveness,missing_value,
97267,loudness,missing_value,
97268,speechiness,missing_value,
97270,loudness,outlier_low,-88.0441
97271,loudness,missing_value,
97276,energy,missing_value,
97285,energy,outlier_low,-0.2097
97287,loudness,missing_value,
97294,tempo,missing_value,
97299,instrumentalness,missing_value,
97299,speechiness,missing_value,
97303,instrumentalness,missing_value,
97304,speechiness,missing_value,
97305,liveness,missing_value,
97309,tempo,outlier_high,353.7662
97310,acousticness,missing_value,
97313,valence,outlier_low,-0.0501
97316,loudness,missing_value,
97337,liveness,missing_value,
97340,energy,missing_value,
97347,danceability,missing_value,
97353,danceability,missing_value,
97354,liveness,missing_value,
97355,tempo,missing_value,
97365,loudness,missing_value,
97367,valence,missing_value,
97371,speechiness,missing_value,
97373,speechiness,missing_value,
97382,tempo,outlier_high,382.7315
97383,acousticness,missing_value,
97387,valence,outlier_high,1.2182
97388,liveness,missing_value,
97388,speechiness,missing_value,
97390,instrumentalness,missing_value,
97402,loudness,missing_value,
97414,valence,missing_value,
97423,loudness,missing_value,
97425,instrumentalness,missing_value,
97429,valence,missing_value,
97429,tempo,missing_value,
97441,instrumentalness,missing_value,
97443,loudness,missing_value,
97444,energy,missing_value,
97445,energy,missing_value,
97446,speechiness,missing_value,
97450,energy,missing_value,
97450,acousticness,missing_value,
97452,speechiness,missing_value,
97454,energy,missing_value,
97455,tempo,missing_value,
97457,danceability,missing_value,
97458,acousticness,missing_value,
97460,liveness,missing_value,
97475,loudness,outlier_high,3.8246
97475,tempo,missing_value,
97479,liveness,missing_value,
97482,tempo,missing_value,
97482,danceability,outlier_high,1.3290
97482,instrumentalness,missing_value,
97484,acousticness,missing_value,
97491,valence,outlier_low,-0.0582
97491,energy,missing_value,
97493,loudness,missing_value,
97493,speechiness,missing_value,
97506,loudness,missing_value,
97509,instrumentalness,missing_value,
97511,energy,missing_value,
97512,valence,outlier_high,1.1311
97518,danceability,missing_value,
97523,valence,missing_value,
97524,loudness,missing_value,
97525,speechiness,missing_value,
97525,acousticness,missing_value,
97529,energy,missing_value,
97532,loudness,missing_value,
97533,tempo,missing_value,
97536,loudness,missing_value,
97537,instrumentalness,missing_value,
97560,energy,missing_value,
97566,energy,outlier_low,-0.2283
97570,loudness,missing_value,
97572,valence,missing_value,
97577,valence,missing_value,
97579,loudness,missing_value,
97584,acousticness,missing_value,
97585,acousticness,missing_value,
97586,energy,missing_value,
97586,danceability,missing_value,
97587,liveness,missing_value,
97593,acousticness,missing_value,
97596,liveness,missing_value,
97599,energy,missing_value,
97601,loudness,missing_value,
97613,loudness,missing_value,
97616,energy,missing_value,
97618,danceability,missing_value,
97619,energy,missing_value,
97619,tempo,outlier_low,10.9697
97620,tempo,missing_value,
97620,acousticness,missing_value,
97621,loudness,missing_value,
97625,instrumentalness,missing_value,
97628,valence,missing_value,
97634,valence,missing_value,
97647,tempo,outlier_high,322.7253
97651,loudness,missing_value,
97653,tempo,missing_value,
97656,liveness,missing_value,
97660,tempo,missing_value,
97660,energy,missing_value,
97661,valence,missing_value,
97662,tempo,outlier_high,404.1732
97670,danceability,outlier_low,-0.0108
97673,danceability,missing_value,
97674,valence,missing_value,
97676,energy,missing_value,
97677,speechiness,missing_value,
97679,valence,missing_value,
97689,liveness,missing_value,
97690,loudness,missing_value,
97691,energy,missing_value,
97693,liveness,missing_value,
97695,valence,missing_value,
97695,tempo,missing_value,
97697,energy,missing_value,
97697,speechiness,missing_value,
97698,tempo,missing_value,
97700,valence,missing_value,
97704,liveness,missing_value,
97708,loudness,missing_value,
97709,tempo,outlier_low,4.6159
97710,danceability,outlier_high,1.3545
97717,instrumentalness,missing_value,
97719,loudness,missing_value,
97721,valence,missing_value,
97724,valence,missing_value,
97727,valence,outlier_low,-0.1820
97730,valence,missing_value,
97733,tempo,missing_value,
97735,speechiness,missing_value,
97739,energy,missing_value,
97741,tempo,missing_value,
97749,loudness,missing_value,
97750,energy,outlier_low,-0.0906
97752,speechiness,missing_value,
97757,liveness,missing_value,
97760,energy,missing_value,
97760,tempo,missing_value,
97762,speechiness,missing_value,
97762,energy,missing_value,
97764,instrumentalness,missing_value,
97770,acousticness,missing_value,
97781,valence,missing_value,
97785,danceability,missing_value,
97785,instrumentalness,missing_value,
97801,danceability,missing_value,
97802,liveness,missing_value,
97804,speechiness,missing_value,
97804,energy,missing_value,
97810,danceability,outlier_low,-0.1694
97813,loudness,outlier_low,-81.5935
97814,liveness,missing_value,
97828,instrumentalness,missing_value,
97830,loudness,missing_value,
97839,danceability,missing_value,
97840,acousticness,missing_value,
97848,danceability,missing_value,
97853,valence,missing_value,
97859,valence,outlier_high,1.1981
97859,danceability,outlier_high,1.3639
97861,speechiness,missing_value,
97862,loudness,missing_value,
97864,loudness,missing_value,
97873,tempo,outlier_low,4.9011
97889,tempo,outlier_high,374.2549
97889,acousticness,missing_value,
97892,valence,outlier_low,-0.1433
97894,energy,missing_value,
97901,acousticness,missing_value,
97902,speechiness,missing_value,
97903,tempo,outlier_low,5.1858
97909,loudness,missing_value,
97910,energy,missing_value,
97914,acousticness,missing_value,
97915,instrumentalness,missing_value,
97921,tempo,missing_value,
97923,liveness,missing_value,
97926,tempo,missing_value,
97931,energy,missing_value,
97935,energy,missing_value,
97938,liveness,missing_value,
97939,instrumentalness,missing_value,
97941,danceability,missing_value,
97945,valence,missing_value,
97953,instrumentalness,missing_value,
97958,valence,outlier_high,1.0680
97961,energy,missing_value,
97963,energy,missing_value,
97963,liveness,missing_value,
97964,loudness,missing_value,
97965,instrumentalness,missing_value,
97973,valence,missing_value,
97976,energy,missing_value,
97985,valence,missing_value,
97992,tempo,missing_value,
97994,danceability,outlier_low,-0.1465
97999,instrumentalness,missing_value,
98000,loudness,missing_value,
98002,speechiness,missing_value,
98007,loudness,missing_value,
98007,danceability,missing_value,
98011,tempo,missing_value,
98017,energy,missing_value,
98019,speechiness,missing_value,
98019,valence,missing_value,
98019,acousticness,missing_value,
98020,instrumentalness,missing_value,
98021,valence,missing_value,
98022,valence,missing_value,
98025,danceability,missing_value,
98032,tempo,missing_value,
98044,valence,missing_value,
98045,loudness,missing_value,
98045,energy,missing_value,
98047,instrumentalness,missing_value,
98050,loudness,missing_value,
98053,valence,missing_value,
98055,danceability,missing_value,
98061,valence,missing_value,
98066,liveness,missing_value,
98070,danceability,missing_value,
98071,valence,missing_value,
98071,danceability,missing_value,
98073,energy,missing_value,
98077,acousticness,missing_value,
98083,tempo,missing_value,
98084,valence,missing_value,
98088,liveness,missing_value,
98092,tempo,missing_value,
98101,acousticness,missing_value,
98102,danceability,missing_value,
98102,tempo,missing_value,
98104,instrumentalness,missing_value,
98111,acousticness,missing_value,
98111,danceability,missing_value,
98111,energy,missing_value,
98115,liveness,missing_value,
98115,energy,outlier_low,-0.0553
98121,energy,missing_value,
98124,loudness,missing_value,
98126,tempo,missing_value,
98127,speechiness,missing_value,
98131,instrumentalness,missing_value,
98134,valence,missing_value,
98142,tempo,missing_value,
98143,acousticness,missing_value,
98148,acousticness,missing_value,
98154,loudness,missing_value,
98155,danceability,missing_value,
98167,loudness,missing_value,
98170,instrumentalness,missing_value,
98186,speechiness,missing_value,
98187,speechiness,missing_value,
98187,danceability,missing_value,
98190,instrumentalness,missing_value,
98194,valence,missing_value,
98196,energy,missing_value,
98197,tempo,missing_value,
98198,speechiness,missing_value,
98199,loudness,missing_value,
98201,valence,missing_value,
98202,valence,missing_value,
98203,liveness,missing_value,
98204,instrumentalness,missing_value,
98205,loudness,missing_value,
98209,loudness,missing_value,
98209,speechiness,missing_value,
98210,liveness,missing_value,
98211,instrumentalness,missing_value,
98217,acousticness,missing_value,
98218,speechiness,missing_value,
98218,tempo,missing_value,
98225,valence,missing_value,
98228,loudness,missing_value,
98244,speechiness,missing_value,
98247,acousticness,missing_value,
98247,energy,outlier_high,1.4128
98249,tempo,missing_value,
98254,energy,missing_value,
98258,liveness,missing_value,
98259,danceability,outlier_low,-0.1380
98265,loudness,missing_value,
98270,danceability,outlier_high,1.4787
98272,energy,missing_value,
98272,liveness,missing_value,
98282,speechiness,missing_value,
98285,valence,missing_value,
98287,loudness,missing_value,
98297,instrumentalness,missing_value,
98301,acousticness,missing_value,
98302,liveness,missing_value,
98303,acousticness,missing_value,
98304,instrumentalness,missing_value,
98304,danceability,outlier_high,1.2639
98304,acousticness,missing_value,
98315,tempo,missing_value,
98315,danceability,missing_value,
98316,tempo,missing_value,
98322,speechiness,missing_value,
98333,tempo,missing_value,
98335,valence,outlier_low,-0.2540
98336,speechiness,missing_value,
98339,loudness,missing_value,
98340,liveness,missing_value,
98347,valence,missing_value,
98347,tempo,outlier_low,6.4489
98348,loudness,missing_value,
98349,liveness,missing_value,
98353,instrumentalness,missing_value,
98365,tempo,missing_value,
98366,instrumentalness,missing_value,
98367,instrumentalness,missing_value,
98408,danceability,outlier_low,-0.2593
98412,instrumentalness,missing_value,
98416,acousticness,missing_value,
98417,liveness,missing_value,
98419,liveness,missing_value,
98419,valence,missing_value,
98423,liveness,missing_value,
98424,speechiness,missing_value,
98425,instrumentalness,missing_value,
98429,energy,outlier_high,1.1229
98432,instrumentalness,missing_value,
98435,valence,outlier_low,-0.0758
98439,acousticness,missing_value,
98442,valence,outlier_high,1.3343
98442,danceability,missing_value,
98446,tempo,missing_value,
98448,danceability,missing_value,
98450,valence,outlier_low,-0.0788
98459,tempo,missing_value,
98461,speechiness,missing_value,
98464,energy,missing_value,
98466,energy,missing_value,
98476,loudness,missing_value,
98477,valence,missing_value,
98481,energy,missing_value,
98486,tempo,missing_value,
98487,danceability,missing_value,
98490,liveness,missing_value,
98499,tempo,missing_value,
98503,danceability,missing_value,
98506,loudness,missing_value,
98508,acousticness,missing_value,
98512,tempo,missing_value,
98513,valence,missing_value,
98513,instrumentalness,missing_value,
98517,danceability,missing_value,
98523,tempo,missing_value,
98523,danceability,outlier_low,-0.2037
98525,instrumentalness,missing_value,
98525,acousticness,missing_value,
98531,danceability,missing_value,
98531,energy,missing_value,
98539,liveness,missing_value,
98542,danceability,missing_value,
98542,instrumentalness,missing_value,
98547,tempo,missing_value,
98548,loudness,missing_value,
98549,tempo,outlier_low,4.6787
98550,liveness,missing_value,
98560,valence,outlier_low,-0.1760
98567,tempo,missing_value,
98572,tempo,missing_value,
98573,acousticness,missing_value,
98582,liveness,missing_value,
98585,instrumentalness,missing_value,
98587,acousticness,missing_value,
98589,tempo,outlier_high,335.2506
98597,liveness,missing_value,
98600,danceability,missing_value,
98606,energy,missing_value,
98608,valence,missing_value,
98610,danceability,missing_value,
98612,energy,missing_value,
98630,speechiness,missing_value,
98634,instrumentalness,missing_value,
98640,energy,outlier_low,-0.2654
98647,instrumentalness,missing_value,
98650,instrumentalness,missing_value,
98653,acousticness,missing_value,
98654,valence,missing_value,
98660,danceability,missing_value,
98666,liveness,missing_value,
98668,instrumentalness,missing_value,
98680,loudness,missing_value,
98684,instrumentalness,missing_value,
98689,energy,outlier_high,1.4063
98692,valence,missing_value,
98697,liveness,missing_value,
98702,acousticness,missing_value,
98703,acousticness,missing_value,
98704,loudness,missing_value,
98704,tempo,outlier_low,13.6090
98707,energy,missing_value,
98708,liveness,missing_value,
98709,valence,missing_value,
98710,danceability,missing_value,
98715,valence,missing_value,
98716,instrumentalness,missing_value,
98716,energy,missing_value,
98717,valence,missing_value,
98718,valence,missing_value,
98721,speechiness,missing_value,
98722,speechiness,missing_value,
98722,danceability,missing_value,
98727,speechiness,missing_value,
98729,energy,missing_value,
98729,liveness,missing_value,
98732,danceability,missing_value,
98736,danceability,outlier_low,-0.1164
98737,energy,missing_value,
98741,liveness,missing_value,
98742,loudness,outlier_low,-81.0832
98748,valence,outlier_low,-0.0938
98753,liveness,missing_value,
98755,tempo,missing_value,
98759,valence,missing_value,
98759,danceability,missing_value,
98765,energy,outlier_high,1.4675
98766,loudness,outlier_low,-73.7076
98767,speechiness,missing_value,
98768,energy,missing_value,
98776,acousticness,missing_value,
98778,valence,missing_value,
98779,danceability,missing_value,
98783,loudness,missing_value,
98783,danceability,missing_value,
98789,tempo,missing_value,
98789,loudness,missing_value,
98795,speechiness,missing_value,
98798,valence,missing_value,
98800,loudness,missing_value,
98802,valence,outlier_high,1.2022
98802,danceability,missing_value,
98802,liveness,missing_value,
98803,danceability,outlier_low,-0.0769
98814,loudness,missing_value,
98815,speechiness,missing_value,
98817,speechiness,missing_value,
98821,valence,missing_value,
98824,valence,missing_value,
98825,energy,missing_value,
98827,energy,missing_value,
98828,danceability,missing_value,
98833,loudness,missing_value,
98835,valence,missing_value,
98837,danceability,missing_value,
98839,liveness,missing_value,
98841,danceability,missing_value,
98849,energy,outlier_low,-0.0962
98849,danceability,missing_value,
98849,valence,missing_value,
98851,valence,missing_value,
98858,speechiness,missing_value,
98868,loudness,missing_value,
98869,speechiness,missing_value,
98874,energy,missing_value,
98876,instrumentalness,missing_value,
98884,acousticness,missing_value,
98886,energy,missing_value,
98886,speechiness,missing_value,
98888,tempo,missing_value,
98889,acousticness,missing_value,
98892,liveness,missing_value,
98892,loudness,missing_value,
98893,danceability,missing_value,
98895,acousticness,missing_value,
98897,danceability,missing_value,
98902,acousticness,missing_value,
98909,liveness,missing_value,
98910,tempo,missing_value,
98913,tempo,missing_value,
98916,tempo,missing_value,
98919,danceability,missing_value,
98923,valence,missing_value,
98926,speechiness,missing_value,
98936,speechiness,missing_value,
98940,speechiness,missing_value,
98945,liveness,missing_value,
98947,valence,missing_value,
98956,energy,outlier_low,-0.1003
98957,danceability,missing_value,
98962,tempo,missing_value,
98964,acousticness,missing_value,
98966,energy,missing_value,
98971,danceability,outlier_high,1.2665
98973,instrumentalness,missing_value,
98973,valence,outlier_high,1.1198
98973,loudness,missing_value,
98978,danceability,missing_value,
98981,valence,outlier_high,1.2799
98987,energy,outlier_low,-0.1699
98987,tempo,missing_value,
98989,danceability,missing_value,
98990,valence,missing_value,
98991,instrumentalness,missing_value,
98992,liveness,missing_value,
99006,instrumentalness,missing_value,
99009,valence,missing_value,
99012,tempo,outlier_high,351.7485
99017,acousticness,missing_value,
99019,liveness,missing_value,
99022,energy,missing_value,
99032,speechiness,missing_value,
99033,tempo,outlier_low,8.4564
99033,danceability,outlier_low,-0.1720
99035,speechiness,missing_value,
99042,speechiness,missing_value,
99045,loudness,missing_value,
99046,speechiness,missing_value,
99049,danceability,missing_value,
99049,acousticness,missing_value,
99050,acousticness,missing_value,
99051,valence,missing_value,
99052,tempo,outlier_low,6.3804
99053,loudness,missing_value,
99061,acousticness,missing_value,
99061,speechiness,missing_value,
99066,liveness,missing_value,
99075,danceability,missing_value,
99085,liveness,missing_value,
99087,tempo,missing_value,
99087,danceability,missing_value,
99088,danceability,missing_value,
99092,valence,missing_value,
99096,energy,missing_value,
99102,loudness,missing_value,
99108,tempo,missing_value,
99110,loudness,missing_value,
99119,instrumentalness,missing_value,
99120,liveness,missing_value,
99125,energy,missing_value,
99125,loudness,missing_value,
99128,valence,missing_value,
99130,tempo,missing_value,
99132,acousticness,missing_value,
99135,tempo,missing_value,
99141,tempo,missing_value,
99143,instrumentalness,missing_value,
99148,danceability,missing_value,
99149,loudness,missing_value,
99150,energy,missing_value,
99160,instrumentalness,missing_value,
99161,valence,missing_value,
99162,speechiness,missing_value,
99163,loudness,missing_value,
99163,danceability,missing_value,
99164,instrumentalness,missing_value,
99167,instrumentalness,missing_value,
99170,instrumentalness,missing_value,
99173,liveness,missing_value,
99183,loudness,outlier_high,7.1137
99184,danceability,missing_value,
99186,energy,outlier_low,-0.1516
99188,tempo,outlier_high,352.8228
99189,liveness,missing_value,
99190,energy,outlier_low,-0.1445
99198,acousticness,missing_value,
99198,instrumentalness,missing_value,
99211,tempo,outlier_high,396.9569
99214,tempo,outlier_high,410.1469
99217,acousticness,missing_value,
99219,loudness,outlier_high,8.8025
99221,energy,missing_value,
99222,loudness,outlier_low,-73.5813
99226,valence,missing_value,
99234,speechiness,missing_value,
99235,tempo,outlier_high,340.9325
99238,tempo,missing_value,
99240,energy,missing_value,
99241,danceability,missing_value,
99248,energy,missing_value,
99248,tempo,missing_value,
99251,acousticness,missing_value,
99251,speechiness,missing_value,
99258,energy,missing_value,
99259,loudness,outlier_high,8.5988
99264,speechiness,missing_value,
99277,valence,missing_value,
99281,liveness,missing_value,
99282,instrumentalness,missing_value,
99289,liveness,missing_value,
99292,energy,missing_value,
99298,liveness,missing_value,
99302,danceability,missing_value,
99310,liveness,missing_value,
99319,speechiness,missing_value,
99321,instrumentalness,missing_value,
99333,acousticness,missing_value,
99334,speechiness,missing_value,
99345,tempo,missing_value,
99350,liveness,missing_value,
99354,instrumentalness,missing_value,
99355,danceability,missing_value,
99360,energy,missing_value,
99361,valence,outlier_low,-0.1389
99362,loudness,missing_value,
99364,tempo,missing_value,
99368,liveness,missing_value,
99375,loudness,missing_value,
99377,tempo,outlier_high,412.3900
99379,energy,outlier_low,-0.1467
99381,instrumentalness,missing_value,
99384,tempo,outlier_high,306.7228
99385,valence,missing_value,
99387,acousticness,missing_value,
99398,valence,outlier_low,-0.2225
99398,liveness,missing_value,
99402,valence,missing_value,
99403,instrumentalness,missing_value,
99412,tempo,missing_value,
99413,instrumentalness,missing_value,
99419,instrumentalness,missing_value,
99423,speechiness,missing_value,
99423,tempo,missing_value,
99425,danceability,missing_value,
99426,valence,missing_value,
99430,speechiness,missing_value,
99432,danceability,missing_value,
99434,valence,missing_value,
99438,instrumentalness,missing_value,
99440,energy,missing_value,
99441,valence,missing_value,
99446,loudness,missing_value,
99446,danceability,missing_value,
99447,speechiness,missing_value,
99453,tempo,missing_value,
99454,instrumentalness,missing_value,
99455,instrumentalness,missing_value,
99457,tempo,missing_value,
99467,energy,missing_value,
99470,energy,outlier_high,1.1235
99480,danceability,missing_value,
99484,tempo,missing_value,
99488,loudness,missing_value,
99492,valence,missing_value,
99494,liveness,missing_value,
99494,danceability,missing_value,
99494,speechiness,missing_value,
99495,speechiness,missing_value,
99497,loudness,missing_value,
99500,valence,missing_value,
99502,speechiness,missing_value,
99513,loudness,missing_value,
99513,valence,missing_value,
99521,loudness,outlier_high,8.6708
99527,loudness,missing_value,
99528,instrumentalness,missing_value,
99533,speechiness,missing_value,
99533,energy,missing_value,
99537,energy,missing_value,
99541,energy,missing_value,
99542,energy,missing_value,
99545,acousticness,missing_value,
99547,liveness,missing_value,
99550,danceability,missing_value,
99553,loudness,missing_value,
99561,energy,outlier_low,-0.2828
99562,energy,missing_value,
99562,instrumentalness,missing_value,
99563,speechiness,missing_value,
99565,acousticness,missing_value,
99565,danceability,outlier_high,1.2686
99566,danceability,missing_value,
99573,energy,outlier_low,-0.0618
99574,valence,missing_value,
99579,speechiness,missing_value,
99580,loudness,missing_value,
99581,acousticness,missing_value,
99587,valence,missing_value,
99591,danceability,missing_value,
99596,speechiness,missing_value,
99598,loudness,missing_value,
99600,instrumentalness,missing_value,
99601,liveness,missing_value,
99601,instrumentalness,missing_value,
99604,valence,missing_value,
99614,energy,outlier_low,-0.2476
99619,instrumentalness,missing_value,
99623,speechiness,missing_value,
99629,tempo,missing_value,
99629,loudness,missing_value,
99631,danceability,missing_value,
99638,loudness,missing_value,
99641,valence,missing_value,
99642,speechiness,missing_value,
99654,tempo,outlier_high,325.8403
99659,valence,missing_value,
99660,instrumentalness,missing_value,
99663,valence,missing_value,
99664,tempo,missing_value,
99664,danceability,missing_value,
99667,loudness,missing_value,
99668,speechiness,missing_value,
99673,danceability,missing_value,
99676,acousticness,missing_value,
99679,acousticness,missing_value,
99680,liveness,missing_value,
99682,tempo,missing_value,
99684,acousticness,missing_value,
99684,tempo,missing_value,
99686,energy,outlier_low,-0.1838
99691,loudness,outlier_low,-87.0377
99696,acousticness,missing_value,
99701,loudness,outlier_low,-75.9915
99705,energy,outlier_high,1.1321
99706,liveness,missing_value,
99707,tempo,outlier_high,381.3489
99707,liveness,missing_value,
99710,danceability,outlier_low,-0.0128
99710,liveness,missing_value,
99711,energy,missing_value,
99711,acousticness,missing_value,
99711,tempo,missing_value,
99711,speechiness,missing_value,
99712,speechiness,missing_value,
99716,speechiness,missing_value,
99716,danceability,missing_value,
99720,valence,missing_value,
99723,loudness,missing_value,
99725,speechiness,missing_value,
99727,danceability,missing_value,
99737,danceability,missing_value,
99738,loudness,outlier_high,6.3783
99742,valence,missing_value,
99744,danceability,missing_value,
99747,valence,missing_value,
99748,speechiness,missing_value,
99752,loudness,missing_value,
99753,acousticness,missing_value,
99755,liveness,missing_value,
99755,energy,missing_value,
99756,energy,missing_value,
99758,valence,missing_value,
99759,acousticness,missing_value,
99762,valence,outlier_high,1.0536
99767,instrumentalness,missing_value,
99768,loudness,outlier_low,-86.7633
99769,energy,outlier_high,1.4204
99772,valence,missing_value,
99773,loudness,missing_value,
99781,loudness,missing_value,
99782,loudness,missing_value,
99783,valence,missing_value,
99788,acousticness,missing_value,
99788,energy,missing_value,
99796,liveness,missing_value,
99800,energy,missing_value,
99810,instrumentalness,missing_value,
99812,tempo,missing_value,
99821,valence,missing_value,
99821,tempo,missing_value,
99823,loudness,outlier_high,7.5257
99824,danceability,missing_value,
99827,valence,missing_value,
99830,valence,outlier_low,-0.0184
99833,speechiness,missing_value,
99834,acousticness,missing_value,
99836,loudness,missing_value,
99845,energy,missing_value,
99846,danceability,missing_value,
99849,valence,missing_value,
99851,energy,missing_value,
99852,loudness,outlier_low,-72.1118
99853,tempo,missing_value,
99854,loudness,missing_value,
99855,liveness,missing_value,
99857,energy,missing_value,
99861,energy,missing_value,
99864,energy,missing_value,
99870,liveness,missing_value,
99875,loudness,missing_value,
99877,energy,outlier_high,1.3522
99879,liveness,missing_value,
99880,tempo,missing_value,
99881,tempo,missing_value,
99890,valence,missing_value,
99892,energy,outlier_low,-0.0260
99897,loudness,outlier_high,7.7293
99898,valence,missing_value,
99898,energy,missing_value,
99904,energy,missing_value,
99905,energy,missing_value,
99908,tempo,missing_value,
99909,loudness,missing_value,
99909,tempo,outlier_low,12.8243
99910,energy,missing_value,
99913,acousticness,missing_value,
99913,speechiness,missing_value,
99914,loudness,outlier_low,-75.9351
99915,energy,missing_value,
99917,loudness,missing_value,
99923,valence,missing_value,
99926,loudness,outlier_high,7.2529
99930,tempo,missing_value,
99931,instrumentalness,missing_value,
99931,liveness,missing_value,
99940,energy,missing_value,
99940,tempo,missing_value,
99946,liveness,missing_value,
99947,valence,outlier_high,1.1778
99947,speechiness,missing_value,
99948,liveness,missing_value,
99949,tempo,missing_value,
99951,loudness,missing_value,
99952,danceability,outlier_high,1.4936
99957,energy,missing_value,
99960,loudness,missing_value,
99963,danceability,missing_value,
99966,valence,missing_value,
99966,energy,missing_value,
99968,valence,outlier_low,-0.2765
99970,energy,missing_value,
99972,acousticness,missing_value,
99973,liveness,missing_value,
99975,acousticness,missing_value,
99976,liveness,missing_value,
99979,energy,outlier_low,-0.1907
99981,speechiness,missing_value,
99981,loudness,missing_value,
99983,valence,missing_value,
99990,energy,missing_value,
99991,energy,missing_value,
99992,instrumentalness,missing_value,
100000,,duplicate,copy of original row 19921
100001,,duplicate,copy of original row 64152
100002,,duplicate,copy of original row 11082
100003,,duplicate,copy of original row 72492
100004,,duplicate,copy of original row 11876
100005,,duplicate,copy of original row 39844
100006,,duplicate,copy of original row 96433
100007,,duplicate,copy of original row 39796
100008,,duplicate,copy of original row 61184
100009,,duplicate,copy of original row 77586
100010,,duplicate,copy of original row 46402
100011,,duplicate,copy of original row 93110
100012,,duplicate,copy of original row 11950
100013,,duplicate,copy of original row 94256
100014,,duplicate,copy of original row 42306
100015,,duplicate,copy of original row 30796
100016,,duplicate,copy of original row 66088
100017,,duplicate,copy of original row 58464
100018,,duplicate,copy of original row 92461
100019,,duplicate,copy of original row 44041
100020,,duplicate,copy of original row 53183
100021,,duplicate,copy of original row 18972
100022,,duplicate,copy of original row 80704
100023,,duplicate,copy of original row 77019
100024,,duplicate,copy of original row 97990
100025,,duplicate,copy of original row 21602
100026,,duplicate,copy of original row 91898
100027,,duplicate,copy of original row 74881
100028,,duplicate,copy of original row 11802
100029,,duplicate,copy of original row 90099
100030,,duplicate,copy of original row 46374
100031,,duplicate,copy of original row 85670
100032,,duplicate,copy of original row 32349
100033,,duplicate,copy of original row 71784
100034,,duplicate,copy of original row 42463
100035,,duplicate,copy of original row 59576
100036,,duplicate,copy of original row 27249
100037,,duplicate,copy of original row 33181
100038,,duplicate,copy of original row 57464
100039,,duplicate,copy of original row 18908
100040,,duplicate,copy of original row 68756
100041,,duplicate,copy of original row 72155
100042,,duplicate,copy of original row 33002
100043,,duplicate,copy of original row 91123
100044,,duplicate,copy of original row 54620
100045,,duplicate,copy of original row 46638
100046,,duplicate,copy of original row 45612
100047,,duplicate,copy of original row 41567
100048,,duplicate,copy of original row 94948
100049,,duplicate,copy of original row 54705
100050,,duplicate,copy of original row 83442
100051,,duplicate,copy of original row 29776
100052,,duplicate,copy of original row 82851
100053,,duplicate,copy of original row 99854
100054,,duplicate,copy of original row 57966
100055,,duplicate,copy of original row 70540
100056,,duplicate,copy of original row 80951
100057,,duplicate,copy of original row 63470
100058,,duplicate,copy of original row 95094
100059,,duplicate,copy of original row 74114
100060,,duplicate,copy of original row 49714
100061,,duplicate,copy of original row 31424
100062,,duplicate,copy of original row 15673
100063,,duplicate,copy of original row 26951
100064,,duplicate,copy of original row 12654
100065,,duplicate,copy of original row 72860
100066,,duplicate,copy of original row 21395
100067,,duplicate,copy of original row 66436
100068,,duplicate,copy of original row 42786
100069,,duplicate,copy of original row 69987
100070,,duplicate,copy of original row 87558
100071,,duplicate,copy of original row 81906
100072,,duplicate,copy of original row 96561
100073,,duplicate,copy of original row 5643
100074,,duplicate,copy of original row 57254
100075,,duplicate,copy of original row 3053
100076,,duplicate,copy of original row 13641
100077,,duplicate,copy of original row 20207
100078,,duplicate,copy of original row 93279
100079,,duplicate,copy of original row 17205
100080,,duplicate,copy of original row 15828
100081,,duplicate,copy of original row 23390
100082,,duplicate,copy of original row 39865
100083,,duplicate,copy of original row 96885
100084,,duplicate,copy of original row 26129
100085,,duplicate,copy of original row 6859
100086,,duplicate,copy of original row 6153
100087,,duplicate,copy of original row 89348
100088,,duplicate,copy of original row 15471
100089,,duplicate,copy of original row 56198
100090,,duplicate,copy of original row 49525
100091,,duplicate,copy of original row 85444
100092,,duplicate,copy of original row 81963
100093,,duplicate,copy of original row 27959
100094,,duplicate,copy of original row 14663
100095,,duplicate,copy of original row 13656
100096,,duplicate,copy of original row 55385
100097,,duplicate,copy of original row 66750
100098,,duplicate,copy of original row 56903
100099,,duplicate,copy of original row 15824
100100,,duplicate,copy of original row 12219
100101,,duplicate,copy of original row 90711
100102,,duplicate,copy of original row 63979
100103,,duplicate,copy of original row 15379
100104,,duplicate,copy of original row 37700
100105,,duplicate,copy of original row 19528
100106,,duplicate,copy of original row 67191
100107,,duplicate,copy of original row 31507
100108,,duplicate,copy of original row 12490
100109,,duplicate,copy of original row 99232
100110,,duplicate,copy of original row 11461
100111,,duplicate,copy of original row 4819
100112,,duplicate,copy of original row 74025
100113,,duplicate,copy of original row 82396
100114,,duplicate,copy of original row 23374
100115,,duplicate,copy of original row 76484
100116,,duplicate,copy of original row 810
100117,,duplicate,copy of original row 16474
100118,,duplicate,copy of original row 21594
100119,,duplicate,copy of original row 42032
100120,,duplicate,copy of original row 97304
100121,,duplicate,copy of original row 79629
100122,,duplicate,copy of original row 99071
100123,,duplicate,copy of original row 94228
100124,,duplicate,copy of original row 8309
100125,,duplicate,copy of original row 32976
100126,,duplicate,copy of original row 68032
100127,,duplicate,copy of original row 76446
100128,,duplicate,copy of original row 59816
100129,,duplicate,copy of original row 47426
100130,,duplicate,copy of original row 41449
100131,,duplicate,copy of original row 34028
100132,,duplicate,copy of original row 14334
100133,,duplicate,copy of original row 80054
100134,,duplicate,copy of original row 20233
100135,,duplicate,copy of original row 39774
100136,,duplicate,copy of original row 23111
100137,,duplicate,copy of original row 33813
100138,,duplicate,copy of original row 5353
100139,,duplicate,copy of original row 81665
100140,,duplicate,copy of original row 67230
100141,,duplicate,copy of original row 27425
100142,,duplicate,copy of original row 77158
100143,,duplicate,copy of original row 40150
100144,,duplicate,copy of original row 57456
100145,,duplicate,copy of original row 47931
100146,,duplicate,copy of original row 25060
100147,,duplicate,copy of original row 63155
100148,,duplicate,copy of original row 88952
100149,,duplicate,copy of original row 73708
100150,,duplicate,copy of original row 13032
100151,,duplicate,copy of original row 59285
100152,,duplicate,copy of original row 59389
100153,,duplicate,copy of original row 18803
100154,,duplicate,copy of original row 16653
100155,,duplicate,copy of original row 8778
100156,,duplicate,copy of original row 67168
100157,,duplicate,copy of original row 83659
100158,,duplicate,copy of original row 43057
100159,,duplicate,copy of original row 67733
100160,,duplicate,copy of original row 54972
100161,,duplicate,copy of original row 55106
100162,,duplicate,copy of original row 81450
100163,,duplicate,copy of original row 58524
100164,,duplicate,copy of original row 83170
100165,,duplicate,copy of original row 22247
100166,,duplicate,copy of original row 84772
100167,,duplicate,copy of original row 33247
100168,,duplicate,copy of original row 81674
100169,,duplicate,copy of original row 58974
100170,,duplicate,copy of original row 71847
100171,,duplicate,copy of original row 12901
100172,,duplicate,copy of original row 3450
100173,,duplicate,copy of original row 10556
100174,,duplicate,copy of original row 4889
100175,,duplicate,copy of original row 47853
100176,,duplicate,copy of original row 5251
100177,,duplicate,copy of original row 68555
100178,,duplicate,copy of original row 45573
100179,,duplicate,copy of original row 12876
100180,,duplicate,copy of original row 30327
100181,,duplicate,copy of original row 23316
100182,,duplicate,copy of original row 52089
100183,,duplicate,copy of original row 51324
100184,,duplicate,copy of original row 56846
100185,,duplicate,copy of original row 34508
100186,,duplicate,copy of original row 93764
100187,,duplicate,copy of original row 3301
100188,,duplicate,copy of original row 17928
100189,,duplicate,copy of original row 17441
100190,,duplicate,copy of original row 53094
100191,,duplicate,copy of original row 85316
100192,,duplicate,copy of original row 65666
100193,,duplicate,copy of original row 99564
100194,,duplicate,copy of original row 62874
100195,,duplicate,copy of original row 63621
100196,,duplicate,copy of original row 23758
100197,,duplicate,copy of original row 78915
100198,,duplicate,copy of original row 30074
100199,,duplicate,copy of original row 77084
100200,,duplicate,copy of original row 26262
100201,,duplicate,copy of original row 15106
100202,,duplicate,copy of original row 51307
100203,,duplicate,copy of original row 64222
100204,,duplicate,copy of original row 65173
100205,,duplicate,copy of original row 67743
100206,,duplicate,copy of original row 90652
100207,,duplicate,copy of original row 16024
100208,,duplicate,copy of original row 23143
100209,,duplicate,copy of original row 9014
100210,,duplicate,copy of original row 28918
100211,,duplicate,copy of original row 43718
100212,,duplicate,copy of original row 57310
100213,,duplicate,copy of original row 22268
100214,,duplicate,copy of original row 30491
100215,,duplicate,copy of original row 69192
100216,,duplicate,copy of original row 339
100217,,duplicate,copy of original row 61817
100218,,duplicate,copy of original row 61097
100219,,duplicate,copy of original row 70938
100220,,duplicate,copy of original row 36831
100221,,duplicate,copy of original row 76129
100222,,duplicate,copy of original row 81548
100223,,duplicate,copy of original row 34826
100224,,duplicate,copy of original row 4370
100225,,duplicate,copy of original row 30954
100226,,duplicate,copy of original row 45936
100227,,duplicate,copy of original row 40416
100228,,duplicate,copy of original row 58687
100229,,duplicate,copy of original row 54209
100230,,duplicate,copy of original row 74586
100231,,duplicate,copy of original row 38942
100232,,duplicate,copy of original row 96879
100233,,duplicate,copy of original row 56249
100234,,duplicate,copy of original row 14361
100235,,duplicate,copy of original row 30243
100236,,duplicate,copy of original row 45356
100237,,duplicate,copy of original row 95113
100238,,duplicate,copy of original row 11738
100239,,duplicate,copy of original row 48506
100240,,duplicate,copy of original row 93302
100241,,duplicate,copy of original row 76204
100242,,duplicate,copy of original row 83535
100243,,duplicate,copy of original row 62424
100244,,duplicate,copy of original row 97066
100245,,duplicate,copy of original row 90708
100246,,duplicate,copy of original row 10487
100247,,duplicate,copy of original row 17874
100248,,duplicate,copy of original row 20472
100249,,duplicate,copy of original row 89476
100250,,duplicate,copy of original row 56215
100251,,duplicate,copy of original row 93012
100252,,duplicate,copy of original row 9347
100253,,duplicate,copy of original row 51169
100254,,duplicate,copy of original row 37531
100255,,duplicate,copy of original row 16669
100256,,duplicate,copy of original row 44457
100257,,duplicate,copy of original row 82960
100258,,duplicate,copy of original row 50735
100259,,duplicate,copy of original row 47245
100260,,duplicate,copy of original row 95628
100261,,duplicate,copy of original row 43994
100262,,duplicate,copy of original row 81326
100263,,duplicate,copy of original row 28567
100264,,duplicate,copy of original row 54915
100265,,duplicate,copy of original row 33520
100266,,duplicate,copy of original row 95970
100267,,duplicate,copy of original row 99303
100268,,duplicate,copy of original row 65582
100269,,duplicate,copy of original row 47903
100270,,duplicate,copy of original row 82766
100271,,duplicate,copy of original row 35519
100272,,duplicate,copy of original row 10138
100273,,duplicate,copy of original row 13279
100274,,duplicate,copy of original row 22725
100275,,duplicate,copy of original row 78471
100276,,duplicate,copy of original row 18283
100277,,duplicate,copy of original row 65832
100278,,duplicate,copy of original row 10944
100279,,duplicate,copy of original row 42971
100280,,duplicate,copy of original row 2068
100281,,duplicate,copy of original row 2148
100282,,duplicate,copy of original row 50659
100283,,duplicate,copy of original row 37498
100284,,duplicate,copy of original row 56875
100285,,duplicate,copy of original row 45502
100286,,duplicate,copy of original row 47858
100287,,duplicate,copy of original row 60451
100288,,duplicate,copy of original row 6169
100289,,duplicate,copy of original row 6607
100290,,duplicate,copy of original row 61165
100291,,duplicate,copy of original row 93410
100292,,duplicate,copy of original row 4857
100293,,duplicate,copy of original row 6099
100294,,duplicate,copy of original row 51519
100295,,duplicate,copy of original row 85176
100296,,duplicate,copy of original row 73794
100297,,duplicate,copy of original row 40412
100298,,duplicate,copy of original row 62638
100299,,duplicate,copy of original row 40847
100300,,duplicate,copy of original row 45042
100301,,duplicate,copy of original row 67946
100302,,duplicate,copy of original row 28605
100303,,duplicate,copy of original row 67496
100304,,duplicate,copy of original row 96056
100305,,duplicate,copy of original row 57914
100306,,duplicate,copy of original row 62661
100307,,duplicate,copy of original row 65660
100308,,duplicate,copy of original row 61352
100309,,duplicate,copy of original row 7872
100310,,duplicate,copy of original row 51599
100311,,duplicate,copy of original row 84658
100312,,duplicate,copy of original row 26499
100313,,duplicate,copy of original row 21198
100314,,duplicate,copy of original row 86883
100315,,duplicate,copy of original row 21923
100316,,duplicate,copy of original row 91157
100317,,duplicate,copy of original row 83026
100318,,duplicate,copy of original row 75685
100319,,duplicate,copy of original row 88198
100320,,duplicate,copy of original row 47295
100321,,duplicate,copy of original row 14345
100322,,duplicate,copy of original row 3347
100323,,duplicate,copy of original row 91811
100324,,duplicate,copy of original row 47218
100325,,duplicate,copy of original row 39004
100326,,duplicate,copy of original row 26269
100327,,duplicate,copy of original row 50061
100328,,duplicate,copy of original row 5117
100329,,duplicate,copy of original row 54959
100330,,duplicate,copy of original row 36153
100331,,duplicate,copy of original row 77748
100332,,duplicate,copy of original row 75951
100333,,duplicate,copy of original row 69338
100334,,duplicate,copy of original row 27133
100335,,duplicate,copy of original row 78456
100336,,duplicate,copy of original row 9045
100337,,duplicate,copy of original row 65143
100338,,duplicate,copy of original row 59859
100339,,duplicate,copy of original row 23550
100340,,duplicate,copy of original row 92206
100341,,duplicate,copy of original row 93349
100342,,duplicate,copy of original row 9875
100343,,duplicate,copy of original row 50939
100344,,duplicate,copy of original row 56522
100345,,duplicate,copy of original row 29266
100346,,duplicate,copy of original row 40535
100347,,duplicate,copy of original row 12514
100348,,duplicate,copy of original row 67255
100349,,duplicate,copy of original row 1349
100350,,duplicate,copy of original row 62492
100351,,duplicate,copy of original row 12983
100352,,duplicate,copy of original row 59515
100353,,duplicate,copy of original row 78588
100354,,duplicate,copy of original row 60306
100355,,duplicate,copy of original row 5083
100356,,duplicate,copy of original row 91535
100357,,duplicate,copy of original row 14074
100358,,duplicate,copy of original row 62194
100359,,duplicate,copy of original row 88424
100360,,duplicate,copy of original row 74455
100361,,duplicate,copy of original row 74789
100362,,duplicate,copy of original row 39986
100363,,duplicate,copy of original row 52378
100364,,duplicate,copy of original row 19582
100365,,duplicate,copy of original row 2122
100366,,duplicate,copy of original row 93446
100367,,duplicate,copy of original row 85033
100368,,duplicate,copy of original row 59646
100369,,duplicate,copy of original row 44173
100370,,duplicate,copy of original row 62125
100371,,duplicate,copy of original row 95048
100372,,duplicate,copy of original row 96400
100373,,duplicate,copy of original row 24420
100374,,duplicate,copy of original row 81130
100375,,duplicate,copy of original row 28029
100376,,duplicate,copy of original row 8000
100377,,duplicate,copy of original row 24616
100378,,duplicate,copy of original row 69463
100379,,duplicate,copy of original row 70008
100380,,duplicate,copy of original row 65955
100381,,duplicate,copy of original row 26462
100382,,duplicate,copy of original row 9108
100383,,duplicate,copy of original row 38623
100384,,duplicate,copy of original row 74056
100385,,duplicate,copy of original row 32951
100386,,duplicate,copy of original row 81591
100387,,duplicate,copy of original row 96193
100388,,duplicate,copy of original row 32516
100389,,duplicate,copy of original row 29479
100390,,duplicate,copy of original row 10080
100391,,duplicate,copy of original row 1459
100392,,duplicate,copy of original row 945
100393,,duplicate,copy of original row 89761
100394,,duplicate,copy of original row 18191
100395,,duplicate,copy of original row 94192
100396,,duplicate,copy of original row 69457
100397,,duplicate,copy of original row 48836
100398,,duplicate,copy of original row 31310
100399,,duplicate,copy of original row 91027
100400,,duplicate,copy of original row 80068
100401,,duplicate,copy of original row 17950
100402,,duplicate,copy of original row 23098
100403,,duplicate,copy of original row 59188
100404,,duplicate,copy of original row 84116
100405,,duplicate,copy of original row 20046
100406,,duplicate,copy of original row 88738
100407,,duplicate,copy of original row 12272
100408,,duplicate,copy of original row 26441
100409,,duplicate,copy of original row 73034
100410,,duplicate,copy of original row 52228
100411,,duplicate,copy of original row 30378
100412,,duplicate,copy of original row 3451
100413,,duplicate,copy of original row 59424
100414,,duplicate,copy of original row 98292
100415,,duplicate,copy of original row 76605
100416,,duplicate,copy of original row 20643
100417,,duplicate,copy of original row 58436
100418,,duplicate,copy of original row 89128
100419,,duplicate,copy of original row 13064
100420,,duplicate,copy of original row 16770
100421,,duplicate,copy of original row 82727
100422,,duplicate,copy of original row 52884
100423,,duplicate,copy of original row 536
100424,,duplicate,copy of original row 58705
100425,,duplicate,copy of original row 2703
100426,,duplicate,copy of original row 94336
100427,,duplicate,copy of original row 213
100428,,duplicate,copy of original row 27091
100429,,duplicate,copy of original row 92124
100430,,duplicate,copy of original row 56810
100431,,duplicate,copy of original row 44831
100432,,duplicate,copy of original row 67051
100433,,duplicate,copy of original row 9855
100434,,duplicate,copy of original row 51255
100435,,duplicate,copy of original row 11127
100436,,duplicate,copy of original row 8870
100437,,duplicate,copy of original row 98721
100438,,duplicate,copy of original row 40891
100439,,duplicate,copy of original row 41735
100440,,duplicate,copy of original row 23015
100441,,duplicate,copy of original row 79005
100442,,duplicate,copy of original row 35056
100443,,duplicate,copy of original row 49341
100444,,duplicate,copy of original row 88369
100445,,duplicate,copy of original row 97652
100446,,duplicate,copy of original row 1018
100447,,duplicate,copy of original row 26893
100448,,duplicate,copy of original row 8541
100449,,duplicate,copy of original row 12996
100450,,duplicate,copy of original row 74200
100451,,duplicate,copy of original row 5622
100452,,duplicate,copy of original row 55535
100453,,duplicate,copy of original row 94021
100454,,duplicate,copy of original row 30634
100455,,duplicate,copy of original row 36189
100456,,duplicate,copy of original row 70144
100457,,duplicate,copy of original row 61676
100458,,duplicate,copy of original row 73167
100459,,duplicate,copy of original row 72025
100460,,duplicate,copy of original row 24218
100461,,duplicate,copy of original row 17427
100462,,duplicate,copy of original row 71912
100463,,duplicate,copy of original row 99700
100464,,duplicate,copy of original row 74047
100465,,duplicate,copy of original row 56114
100466,,duplicate,copy of original row 74188
100467,,duplicate,copy of original row 83356
100468,,duplicate,copy of original row 46313
100469,,duplicate,copy of original row 33802
100470,,duplicate,copy of original row 1693
100471,,duplicate,copy of original row 4815
100472,,duplicate,copy of original row 66514
100473,,duplicate,copy of original row 23620
100474,,duplicate,copy of original row 29902
100475,,duplicate,copy of original row 75749
100476,,duplicate,copy of original row 22787
100477,,duplicate,copy of original row 12314
100478,,duplicate,copy of original row 21478
100479,,duplicate,copy of original row 82493
100480,,duplicate,copy of original row 88667
100481,,duplicate,copy of original row 21389
100482,,duplicate,copy of original row 63230
100483,,duplicate,copy of original row 60386
100484,,duplicate,copy of original row 41485
100485,,duplicate,copy of original row 67687
100486,,duplicate,copy of original row 74273
100487,,duplicate,copy of original row 19067
100488,,duplicate,copy of original row 90328
100489,,duplicate,copy of original row 99494
100490,,duplicate,copy of original row 28254
100491,,duplicate,copy of original row 63788
100492,,duplicate,copy of original row 95144
100493,,duplicate,copy of original row 9694
100494,,duplicate,copy of original row 48485
100495,,duplicate,copy of original row 72426
100496,,duplicate,copy of original row 22673
100497,,duplicate,copy of original row 40993
100498,,duplicate,copy of original row 62102
100499,,duplicate,copy of original row 70930
