row_index,column,error_type,detail
6,danceability,missing_value,
13,instrumentalness,missing_value,
13,liveness,missing_value,
19,valence,missing_value,
20,loudness,missing_value,
21,loudness,missing_value,
22,speechiness,missing_value,
23,energy,missing_value,
23,acousticness,missing_value,
24,liveness,missing_value,
26,acousticness,missing_value,
31,tempo,missing_value,
40,valence,outlier_high,1.3557
40,danceability,missing_value,
42,tempo,outlier_low,14.8539
46,liveness,missing_value,
47,tempo,missing_value,
53,valence,outlier_high,1.1877
59,valence,missing_value,
59,loudness,missing_value,
59,tempo,missing_value,
61,loudness,missing_value,
64,energy,outlier_low,-0.1363
74,speechiness,missing_value,
79,speechiness,missing_value,
80,acousticness,missing_value,
85,loudness,missing_value,
94,tempo,outlier_high,407.1338
99,acousticness,missing_value,
102,danceability,outlier_low,-0.1740
105,danceability,missing_value,
106,instrumentalness,missing_value,
110,tempo,missing_value,
133,energy,missing_value,
140,liveness,missing_value,
143,valence,missing_value,
143,acousticness,missing_value,
145,loudness,missing_value,
148,speechiness,missing_value,
150,liveness,missing_value,
153,instrumentalness,missing_value,
156,energy,missing_value,
158,tempo,missing_value,
161,instrumentalness,missing_value,
165,tempo,missing_value,
170,liveness,missing_value,
174,tempo,missing_value,
175,danceability,missing_value,
176,liveness,missing_value,
177,instrumentalness,missing_value,
180,valence,missing_value,
186,liveness,missing_value,
187,tempo,missing_value,
190,tempo,missing_value,
190,loudness,missing_value,
192,loudness,missing_value,
192,speechiness,missing_value,
195,danceability,outlier_low,-0.1582
202,tempo,missing_value,
206,valence,missing_value,
211,instrumentalness,missing_value,
213,energy,outlier_high,1.4980
214,valence,outlier_low,-0.1571
220,valence,missing_value,
221,speechiness,missing_value,
221,tempo,missing_value,
224,danceability,missing_value,
231,valence,missing_value,
231,danceability,outlier_high,1.3380
241,danceability,outlier_high,1.4127
243,tempo,missing_value,
243,danceability,outlier_low,-0.2437
247,liveness,missing_value,
248,tempo,missing_value,
252,danceability,missing_value,
257,acousticness,missing_value,
261,tempo,missing_value,
262,energy,missing_value,
264,loudness,outlier_high,6.8857
265,tempo,missing_value,
268,energy,missing_value,
268,loudness,missing_value,
270,acousticness,missing_value,
271,liveness,missing_value,
276,energy,missing_value,
277,energy,missing_value,
285,energy,missing_value,
286,liveness,missing_value,
290,liveness,missing_value,
291,danceability,missing_value,
295,speechiness,missing_value,
297,liveness,missing_value,
300,energy,outlier_low,-0.2453
301,instrumentalness,missing_value,
301,liveness,missing_value,
302,energy,missing_value,
302,speechiness,missing_value,
307,tempo,missing_value,
310,liveness,missing_value,
312,valence,outlier_low,-0.2206
312,danceability,missing_value,
320,valence,missing_value,
321,speechiness,missing_value,
324,instrumentalness,missing_value,
327,speechiness,missing_value,
327,energy,outlier_low,-0.0697
330,loudness,missing_value,
330,acousticness,missing_value,
331,loudness,outlier_high,3.6281
331,acousticness,missing_value,
332,energy,outlier_high,1.1654
337,danceability,missing_value,
339,liveness,missing_value,
349,speechiness,missing_value,
354,energy,missing_value,
356,energy,missing_value,
358,acousticness,missing_value,
359,energy,outlier_low,-0.1074
364,danceability,missing_value,
365,tempo,missing_value,
367,speechiness,missing_value,
372,valence,missing_value,
372,tempo,missing_value,
373,acousticness,missing_value,
385,energy,missing_value,
385,loudness,outlier_low,-71.0968
391,danceability,outlier_high,1.4442
403,energy,missing_value,
408,danceability,missing_value,
413,valence,missing_value,
414,danceability,missing_value,
423,valence,missing_value,
423,loudness,missing_value,
427,instrumentalness,missing_value,
434,energy,missing_value,
445,valence,outlier_low,-0.1066
445,speechiness,missing_value,
449,acousticness,missing_value,
449,valence,missing_value,
455,energy,missing_value,
455,valence,missing_value,
456,loudness,missing_value,
459,tempo,missing_value,
468,instrumentalness,missing_value,
471,tempo,missing_value,
472,instrumentalness,missing_value,
478,danceability,missing_value,
478,loudness,missing_value,
481,instrumentalness,missing_value,
486,acousticness,missing_value,
487,tempo,missing_value,
493,loudness,missing_value,
495,energy,missing_value,
501,energy,missing_value,
505,energy,missing_value,
508,valence,missing_value,
509,tempo,missing_value,
509,energy,missing_value,
514,speechiness,missing_value,
515,liveness,missing_value,
533,valence,outlier_high,1.2136
536,acousticness,missing_value,
536,tempo,outlier_high,334.7054
536,liveness,missing_value,
541,danceability,outlier_high,1.1936
542,loudness,missing_value,
544,acousticness,missing_value,
544,liveness,missing_value,
548,tempo,missing_value,
553,tempo,missing_value,
553,loudness,outlier_high,4.2724
554,speechiness,missing_value,
554,valence,missing_value,
556,instrumentalness,missing_value,
561,speechiness,missing_value,
561,liveness,missing_value,
565,valence,outlier_high,1.0656
567,instrumentalness,missing_value,
569,liveness,missing_value,
572,energy,outlier_high,1.0895
573,speechiness,missing_value,
578,energy,missing_value,
579,liveness,missing_value,
583,energy,missing_value,
590,instrumentalness,missing_value,
590,danceability,missing_value,
596,danceability,missing_value,
599,loudness,missing_value,
602,acousticness,missing_value,
606,loudness,missing_value,
606,acousticness,missing_value,
610,energy,outlier_high,1.1897
613,instrumentalness,missing_value,
614,loudness,missing_value,
614,speechiness,missing_value,
617,danceability,missing_value,
626,speechiness,missing_value,
632,loudness,outlier_low,-73.4840
634,acousticness,missing_value,
634,instrumentalness,missing_value,
645,tempo,missing_value,
645,instrumentalness,missing_value,
650,liveness,missing_value,
654,acousticness,missing_value,
656,tempo,missing_value,
663,liveness,missing_value,
666,tempo,missing_value,
669,tempo,missing_value,
671,danceability,missing_value,
678,danceability,missing_value,
681,loudness,missing_value,
691,tempo,missing_value,
696,energy,missing_value,
697,acousticness,missing_value,
698,tempo,missing_value,
700,acousticness,missing_value,
703,tempo,missing_value,
703,loudness,missing_value,
705,instrumentalness,missing_value,
706,speechiness,missing_value,
715,tempo,missing_value,
717,acousticness,missing_value,
717,speechiness,missing_value,
718,liveness,missing_value,
719,energy,missing_value,
721,instrumentalness,missing_value,
729,speechiness,missing_value,
731,energy,missing_value,
733,tempo,missing_value,
735,loudness,missing_value,
737,valence,missing_value,
739,acousticness,missing_value,
747,loudness,missing_value,
748,loudness,missing_value,
754,danceability,missing_value,
755,acousticness,missing_value,
760,speechiness,missing_value,
762,loudness,outlier_low,-83.3378
769,tempo,outlier_high,391.5284
770,danceability,missing_value,
771,speechiness,missing_value,
781,instrumentalness,missing_value,
782,energy,missing_value,
788,liveness,missing_value,
791,danceability,missing_value,
797,tempo,missing_value,
799,loudness,missing_value,
800,acousticness,missing_value,
802,valence,missing_value,
803,liveness,missing_value,
806,loudness,outlier_high,1.9109
809,danceability,missing_value,
811,energy,outlier_high,1.4296
813,speechiness,missing_value,
817,acousticness,missing_value,
820,instrumentalness,missing_value,
822,tempo,missing_value,
834,tempo,missing_value,
835,acousticness,missing_value,
835,loudness,missing_value,
836,liveness,missing_value,
839,speechiness,missing_value,
842,acousticness,missing_value,
846,speechiness,missing_value,
848,loudness,missing_value,
857,tempo,missing_value,
860,valence,missing_value,
863,tempo,missing_value,
864,liveness,missing_value,
864,danceability,missing_value,
868,valence,missing_value,
870,liveness,missing_value,
871,loudness,missing_value,
877,acousticness,missing_value,
880,speechiness,missing_value,
882,acousticness,missing_value,
885,valence,missing_value,
887,tempo,missing_value,
893,loudness,missing_value,
896,liveness,missing_value,
898,tempo,missing_value,
898,acousticness,missing_value,
900,loudness,missing_value,
903,speechiness,missing_value,
903,loudness,outlier_high,3.7308
905,speechiness,missing_value,
906,tempo,missing_value,
909,speechiness,missing_value,
926,energy,missing_value,
926,liveness,missing_value,
927,loudness,missing_value,
928,energy,missing_value,
931,valence,missing_value,
934,instrumentalness,missing_value,
938,liveness,missing_value,
939,loudness,outlier_low,-85.0709
947,tempo,outlier_low,0.7790
948,speechiness,missing_value,
952,speechiness,missing_value,
956,liveness,missing_value,
958,liveness,missing_value,
960,speechiness,missing_value,
961,danceability,missing_value,
975,danceability,missing_value,
981,danceability,missing_value,
982,instrumentalness,missing_value,
983,speechiness,missing_value,
991,energy,missing_value,
994,valence,missing_value,
997,loudness,missing_value,
1006,tempo,missing_value,
1007,danceability,missing_value,
1013,danceability,missing_value,
1015,liveness,missing_value,
1020,loudness,missing_value,
1032,tempo,missing_value,
1039,danceability,outlier_high,1.3610
1043,speechiness,missing_value,
1043,valence,missing_value,
1044,tempo,missing_value,
1050,speechiness,missing_value,
1056,valence,missing_value,
1058,loudness,missing_value,
1059,speechiness,missing_value,
1059,energy,missing_value,
1060,acousticness,missing_value,
1064,tempo,missing_value,
1071,liveness,missing_value,
1076,valence,missing_value,
1076,liveness,missing_value,
1079,instrumentalness,missing_value,
1079,speechiness,missing_value,
1082,liveness,missing_value,
1082,tempo,missing_value,
1083,valence,missing_value,
1088,liveness,missing_value,
1091,valence,missing_value,
1098,tempo,missing_value,
1102,liveness,missing_value,
1105,valence,missing_value,
1111,energy,missing_value,
1111,acousticness,missing_value,
1112,tempo,missing_value,
1116,acousticness,missing_value,
1120,loudness,missing_value,
1122,liveness,missing_value,
1125,danceability,missing_value,
1126,instrumentalness,missing_value,
1126,valence,missing_value,
1128,instrumentalness,missing_value,
1131,loudness,missing_value,
1134,danceability,missing_value,
1135,tempo,missing_value,
1135,speechiness,missing_value,
1141,valence,missing_value,
1141,liveness,missing_value,
1142,liveness,missing_value,
1142,loudness,missing_value,
1143,acousticness,missing_value,
1145,valence,missing_value,
1155,energy,missing_value,
1155,loudness,missing_value,
1157,danceability,missing_value,
1158,valence,missing_value,
1160,speechiness,missing_value,
1161,danceability,missing_value,
1161,tempo,missing_value,
1161,valence,missing_value,
1173,liveness,missing_value,
1175,tempo,outlier_high,382.5526
1185,tempo,missing_value,
1186,speechiness,missing_value,
1188,loudness,missing_value,
1188,tempo,missing_value,
1195,speechiness,missing_value,
1196,loudness,missing_value,
1202,danceability,missing_value,
1202,instrumentalness,missing_value,
1202,energy,missing_value,
1205,valence,missing_value,
1208,acousticness,missing_value,
1209,instrumentalness,missing_value,
1215,tempo,missing_value,
1218,liveness,missing_value,
1219,instrumentalness,missing_value,
1222,tempo,missing_value,
1231,tempo,outlier_high,306.3205
1231,liveness,missing_value,
1232,valence,missing_value,
1234,acousticness,missing_value,
1234,loudness,missing_value,
1235,loudness,missing_value,
1239,valence,missing_value,
1244,loudness,missing_value,
1246,valence,missing_value,
1247,instrumentalness,missing_value,
1250,energy,missing_value,
1253,acousticness,missing_value,
1258,loudness,missing_value,
1265,acousticness,missing_value,
1266,liveness,missing_value,
1270,instrumentalness,missing_value,
1272,acousticness,missing_value,
1279,liveness,missing_value,
1286,valence,missing_value,
1291,tempo,missing_value,
1292,danceability,missing_value,
1294,danceability,missing_value,
1294,acousticness,missing_value,
1295,valence,missing_value,
1296,loudness,missing_value,
1298,energy,outlier_low,-0.2194
1302,valence,missing_value,
1320,acousticness,missing_value,
1323,valence,missing_value,
1328,loudness,missing_value,
1329,valence,missing_value,
1329,instrumentalness,missing_value,
1334,valence,outlier_low,-0.1988
1337,valence,missing_value,
1338,speechiness,missing_value,
1362,valence,missing_value,
1369,instrumentalness,missing_value,
1371,tempo,missing_value,
1373,speechiness,missing_value,
1374,tempo,missing_value,
1375,danceability,missing_value,
1378,energy,missing_value,
1382,tempo,missing_value,
1384,danceability,missing_value,
1387,valence,missing_value,
1390,speechiness,missing_value,
1391,instrumentalness,missing_value,
1392,acousticness,missing_value,
1410,speechiness,missing_value,
1412,danceability,missing_value,
1424,tempo,outlier_low,5.9649
1429,instrumentalness,missing_value,
1432,energy,missing_value,
1434,tempo,missing_value,
1435,acousticness,missing_value,
1435,tempo,outlier_high,318.1713
1440,loudness,outlier_high,3.5944
1448,acousticness,missing_value,
1464,danceability,missing_value,
1477,speechiness,missing_value,
1479,valence,missing_value,
1484,valence,missing_value,
1488,loudness,missing_value,
1490,acousticness,missing_value,
1491,liveness,missing_value,
1497,danceability,missing_value,
1498,loudness,missing_value,
1499,liveness,missing_value,
1501,tempo,outlier_low,9.1436
1504,valence,missing_value,
1511,tempo,missing_value,
1513,liveness,missing_value,
1514,energy,missing_value,
1517,instrumentalness,missing_value,
1524,speechiness,missing_value,
1530,loudness,outlier_low,-71.2668
1531,instrumentalness,missing_value,
1532,instrumentalness,missing_value,
1532,energy,missing_value,
1534,loudness,missing_value,
1537,energy,missing_value,
1537,valence,missing_value,
1552,instrumentalness,missing_value,
1558,loudness,missing_value,
1561,acousticness,missing_value,
1577,instrumentalness,missing_value,
1577,valence,missing_value,
1580,valence,missing_value,
1586,valence,missing_value,
1588,tempo,missing_value,
1589,danceability,missing_value,
1593,acousticness,missing_value,
1595,acousticness,missing_value,
1598,acousticness,missing_value,
1600,valence,missing_value,
1603,tempo,missing_value,
1605,speechiness,missing_value,
1617,danceability,missing_value,
1622,valence,missing_value,
1623,valence,missing_value,
1624,energy,outlier_high,1.4267
1624,speechiness,missing_value,
1626,instrumentalness,missing_value,
1627,energy,missing_value,
1631,liveness,missing_value,
1638,danceability,missing_value,
1641,tempo,missing_value,
1649,liveness,missing_value,
1649,loudness,missing_value,
1650,speechiness,missing_value,
1650,loudness,missing_value,
1654,valence,outlier_high,1.4740
1655,instrumentalness,missing_value,
1656,acousticness,missing_value,
1658,valence,missing_value,
1659,acousticness,missing_value,
1675,tempo,missing_value,
1682,energy,missing_value,
1683,danceability,missing_value,
1683,energy,outlier_low,-0.0325
1689,valence,missing_value,
1694,energy,missing_value,
1695,speechiness,missing_value,
1696,liveness,missing_value,
1698,speechiness,missing_value,
1700,valence,missing_value,
1706,valence,missing_value,
1706,loudness,missing_value,
1708,speechiness,missing_value,
1714,liveness,missing_value,
1714,loudness,missing_value,
1718,danceability,outlier_low,-0.2227
1720,acousticness,missing_value,
1721,instrumentalness,missing_value,
1722,valence,missing_value,
1725,energy,missing_value,
1733,speechiness,missing_value,
1733,loudness,missing_value,
1734,liveness,missing_value,
1738,liveness,missing_value,
1745,tempo,missing_value,
1745,danceability,missing_value,
1749,energy,missing_value,
1750,loudness,missing_value,
1761,liveness,missing_value,
1763,tempo,missing_value,
1764,valence,missing_value,
1770,loudness,missing_value,
1775,danceability,missing_value,
1777,instrumentalness,missing_value,
1782,acousticness,missing_value,
1788,speechiness,missing_value,
1797,speechiness,missing_value,
1797,acousticness,missing_value,
1798,instrumentalness,missing_value,
1804,speechiness,missing_value,
1804,liveness,missing_value,
1807,danceability,missing_value,
1807,acousticness,missing_value,
1808,tempo,missing_value,
1808,energy,missing_value,
1811,energy,missing_value,
1812,liveness,missing_value,
1813,tempo,missing_value,
1818,energy,missing_value,
1819,instrumentalness,missing_value,
1819,energy,missing_value,
1825,instrumentalness,missing_value,
1826,tempo,missing_value,
1827,danceability,missing_value,
1834,tempo,missing_value,
1835,danceability,outlier_high,1.4209
1837,speechiness,missing_value,
1837,instrumentalness,missing_value,
1839,speechiness,missing_value,
1852,liveness,missing_value,
1854,liveness,missing_value,
1855,valence,missing_value,
1855,tempo,missing_value,
1856,liveness,missing_value,
1856,tempo,missing_value,
1858,liveness,missing_value,
1860,liveness,missing_value,
1867,liveness,missing_value,
1876,valence,missing_value,
1880,danceability,missing_value,
1885,loudness,outlier_high,5.4251
1887,energy,missing_value,
1888,liveness,missing_value,
1889,danceability,outlier_low,-0.2637
1896,loudness,missing_value,
1897,danceability,missing_value,
1899,energy,missing_value,
1900,acousticness,missing_value,
1900,instrumentalness,missing_value,
1902,liveness,missing_value,
1906,liveness,missing_value,
1907,speechiness,missing_value,
1909,instrumentalness,missing_value,
1910,energy,missing_value,
1915,tempo,outlier_high,345.6583
1915,speechiness,missing_value,
1921,energy,missing_value,
1924,danceability,missing_value,
1925,valence,outlier_high,1.3367
1927,tempo,missing_value,
1927,danceability,outlier_high,1.3635
1927,acousticness,missing_value,
1928,loudness,missing_value,
1931,valence,missing_value,
1933,danceability,missing_value,
1934,acousticness,missing_value,
1936,danceability,missing_value,
1942,energy,missing_value,
1942,valence,missing_value,
1943,speechiness,missing_value,
1944,instrumentalness,missing_value,
1950,acousticness,missing_value,
1950,speechiness,missing_value,
1952,liveness,missing_value,
1953,liveness,missing_value,
1953,speechiness,missing_value,
1954,acousticness,missing_value,
1956,danceability,missing_value,
1956,instrumentalness,missing_value,
1960,energy,outlier_low,-0.1510
1967,tempo,missing_value,
1972,tempo,outlier_high,369.4439
1977,loudness,missing_value,
1979,danceability,missing_value,
1980,acousticness,missing_value,
1983,speechiness,missing_value,
1990,acousticness,missing_value,
1994,energy,outlier_low,-0.1295
1995,loudness,missing_value,
1997,instrumentalness,missing_value,
1999,energy,missing_value,
2000,liveness,missing_value,
2004,valence,missing_value,
2004,danceability,missing_value,
2013,tempo,missing_value,
2023,liveness,missing_value,
2026,loudness,missing_value,
2027,energy,outlier_high,1.4823
2027,acousticness,missing_value,
2030,instrumentalness,missing_value,
2030,energy,missing_value,
2032,speechiness,missing_value,
2035,loudness,missing_value,
2036,liveness,missing_value,
2038,tempo,outlier_low,6.3812
2043,liveness,missing_value,
2044,instrumentalness,missing_value,
2046,speechiness,missing_value,
2049,valence,missing_value,
2052,valence,missing_value,
2054,instrumentalness,missing_value,
2056,energy,missing_value,
2066,valence,missing_value,
2067,tempo,missing_value,
2077,liveness,missing_value,
2082,speechiness,missing_value,
2084,liveness,missing_value,
2086,liveness,missing_value,
2088,loudness,missing_value,
2090,danceability,missing_value,
2094,energy,missing_value,
2096,tempo,missing_value,
2101,loudness,missing_value,
2102,speechiness,missing_value,
2108,danceability,missing_value,
2109,instrumentalness,missing_value,
2110,speechiness,missing_value,
2116,energy,missing_value,
2118,acousticness,missing_value,
2118,instrumentalness,missing_value,
2121,liveness,missing_value,
2122,valence,missing_value,
2125,loudness,missing_value,
2125,danceability,missing_value,
2125,liveness,missing_value,
2131,instrumentalness,missing_value,
2133,valence,missing_value,
2134,valence,missing_value,
2135,loudness,missing_value,
2135,tempo,missing_value,
2137,valence,outlier_low,-0.1748
2148,energy,outlier_high,1.2266
2149,acousticness,missing_value,
2157,liveness,missing_value,
2162,instrumentalness,missing_value,
2162,valence,missing_value,
2178,valence,missing_value,
2187,energy,missing_value,
2187,loudness,outlier_high,1.3709
2188,speechiness,missing_value,
2189,danceability,missing_value,
2192,liveness,missing_value,
2193,danceability,missing_value,
2193,energy,missing_value,
2199,liveness,missing_value,
2202,liveness,missing_value,
2212,instrumentalness,missing_value,
2214,valence,missing_value,
2217,loudness,outlier_high,6.1698
2220,instrumentalness,missing_value,
2223,liveness,missing_value,
2226,energy,outlier_low,-0.2173
2227,danceability,missing_value,
2231,valence,outlier_high,1.0799
2241,valence,missing_value,
2243,valence,missing_value,
2250,instrumentalness,missing_value,
2251,danceability,missing_value,
2254,danceability,missing_value,
2255,acousticness,missing_value,
2255,tempo,missing_value,
2265,valence,missing_value,
2270,valence,outlier_high,1.1191
2273,danceability,missing_value,
2275,acousticness,missing_value,
2280,energy,missing_value,
2286,tempo,outlier_high,361.7480
2286,instrumentalness,missing_value,
2290,tempo,missing_value,
2292,loudness,missing_value,
2307,acousticness,missing_value,
2308,valence,missing_value,
2309,instrumentalness,missing_value,
2309,loudness,outlier_low,-86.1823
2309,liveness,missing_value,
2310,valence,missing_value,
2312,energy,missing_value,
2312,loudness,missing_value,
2314,speechiness,missing_value,
2318,liveness,missing_value,
2322,valence,outlier_low,-0.2036
2324,speechiness,missing_value,
2326,energy,missing_value,
2327,instrumentalness,missing_value,
2332,valence,missing_value,
2344,valence,missing_value,
2345,instrumentalness,missing_value,
2361,energy,missing_value,
2370,tempo,missing_value,
2370,acousticness,missing_value,
2373,valence,missing_value,
2376,valence,outlier_high,1.1742
2380,loudness,missing_value,
2385,loudness,missing_value,
2388,loudness,missing_value,
2391,liveness,missing_value,
2393,tempo,missing_value,
2395,valence,missing_value,
2396,liveness,missing_value,
2396,valence,missing_value,
2406,valence,missing_value,
2409,danceability,missing_value,
2411,acousticness,missing_value,
2412,instrumentalness,missing_value,
2414,acousticness,missing_value,
2417,valence,outlier_high,1.3724
2418,acousticness,missing_value,
2422,valence,missing_value,
2422,liveness,missing_value,
2423,valence,missing_value,
2424,loudness,missing_value,
2426,tempo,outlier_high,381.4185
2439,valence,outlier_low,-0.0226
2440,tempo,outlier_high,361.5718
2442,loudness,missing_value,
2447,loudness,missing_value,
2448,liveness,missing_value,
2450,liveness,missing_value,
2452,danceability,outlier_low,-0.2759
2456,tempo,missing_value,
2461,valence,missing_value,
2463,loudness,missing_value,
2467,speechiness,missing_value,
2469,energy,outlier_high,1.4643
2470,danceability,missing_value,
2470,tempo,missing_value,
2472,valence,missing_value,
2476,acousticness,missing_value,
2480,instrumentalness,missing_value,
2481,energy,missing_value,
2483,loudness,missing_value,
2487,liveness,missing_value,
2494,liveness,missing_value,
2496,speechiness,missing_value,
2498,instrumentalness,missing_value,
2502,danceability,missing_value,
2509,loudness,outlier_high,7.5061
2514,acousticness,missing_value,
2517,loudness,missing_value,
2519,loudness,missing_value,
2520,valence,missing_value,
2525,acousticness,missing_value,
2529,valence,missing_value,
2537,danceability,missing_value,
2540,instrumentalness,missing_value,
2545,speechiness,missing_value,
2547,acousticness,missing_value,
2549,tempo,missing_value,
2551,energy,missing_value,
2553,loudness,missing_value,
2556,liveness,missing_value,
2558,acousticness,missing_value,
2558,valence,missing_value,
2560,tempo,outlier_low,1.0132
2562,instrumentalness,missing_value,
2565,instrumentalness,missing_value,
2568,instrumentalness,missing_value,
2571,speechiness,missing_value,
2571,liveness,missing_value,
2571,valence,outlier_low,-0.1248
2573,liveness,missing_value,
2579,instrumentalness,missing_value,
2581,valence,missing_value,
2588,tempo,missing_value,
2591,instrumentalness,missing_value,
2598,tempo,missing_value,
2600,loudness,missing_value,
2605,loudness,missing_value,
2608,acousticness,missing_value,
2616,tempo,missing_value,
2616,valence,missing_value,
2617,energy,outlier_low,-0.0732
2621,acousticness,missing_value,
2622,tempo,outlier_low,3.9332
2623,liveness,missing_value,
2624,energy,missing_value,
2627,speechiness,missing_value,
2628,danceability,missing_value,
2629,valence,missing_value,
2629,liveness,missing_value,
2631,acousticness,missing_value,
2636,acousticness,missing_value,
2639,energy,missing_value,
2642,acousticness,missing_value,
2645,energy,missing_value,
2654,tempo,missing_value,
2654,instrumentalness,missing_value,
2660,valence,missing_value,
2662,tempo,missing_value,
2663,valence,missing_value,
2669,valence,missing_value,
2669,speechiness,missing_value,
2676,valence,missing_value,
2677,energy,outlier_low,-0.2729
2677,tempo,missing_value,
2682,valence,missing_value,
2690,valence,missing_value,
2692,loudness,missing_value,
2699,acousticness,missing_value,
2701,loudness,missing_value,
2705,loudness,missing_value,
2705,valence,missing_value,
2706,tempo,missing_value,
2708,energy,missing_value,
2712,tempo,outlier_high,306.0070
2717,tempo,missing_value,
2718,speechiness,missing_value,
2718,valence,missing_value,
2725,danceability,missing_value,
2727,speechiness,missing_value,
2729,energy,missing_value,
2729,valence,missing_value,
2730,energy,missing_value,
2734,tempo,missing_value,
2736,danceability,missing_value,
2740,speechiness,missing_value,
2742,energy,missing_value,
2748,liveness,missing_value,
2750,speechiness,missing_value,
2753,tempo,outlier_high,301.6442
2755,danceability,missing_value,
2758,valence,outlier_high,1.3799
2761,loudness,missing_value,
2766,acousticness,missing_value,
2770,loudness,missing_value,
2773,energy,missing_value,
2775,tempo,missing_value,
2777,danceability,missing_value,
2783,instrumentalness,missing_value,
2788,tempo,missing_value,
2790,liveness,missing_value,
2790,instrumentalness,missing_value,
2795,danceability,missing_value,
2804,tempo,missing_value,
2808,liveness,missing_value,
2812,danceability,missing_value,
2818,valence,missing_value,
2820,acousticness,missing_value,
2823,instrumentalness,missing_value,
2824,speechiness,missing_value,
2825,energy,missing_value,
2828,liveness,missing_value,
2839,loudness,missing_value,
2844,valence,missing_value,
2846,acousticness,missing_value,
2849,loudness,missing_value,
2850,instrumentalness,missing_value,
2858,danceability,missing_value,
2869,speechiness,missing_value,
2872,instrumentalness,missing_value,
2874,danceability,missing_value,
2876,tempo,missing_value,
2878,speechiness,missing_value,
2883,loudness,missing_value,
2885,speechiness,missing_value,
2885,tempo,missing_value,
2902,speechiness,missing_value,
2903,instrumentalness,missing_value,
2904,liveness,missing_value,
2907,loudness,outlier_low,-76.8639
2909,speechiness,missing_value,
2910,speechiness,missing_value,
2912,speechiness,missing_value,
2913,speechiness,missing_value,
2916,speechiness,missing_value,
2919,tempo,outlier_high,317.9076
2924,energy,missing_value,
2925,instrumentalness,missing_value,
2925,liveness,missing_value,
2926,valence,missing_value,
2927,speechiness,missing_value,
2927,instrumentalness,missing_value,
2933,liveness,missing_value,
2937,tempo,outlier_low,13.8738
2938,acousticness,missing_value,
2939,instrumentalness,missing_value,
2945,acousticness,missing_value,
2947,danceability,outlier_high,1.3955
2954,valence,outlier_low,-0.0587
2958,loudness,missing_value,
2967,speechiness,missing_value,
2971,instrumentalness,missing_value,
2972,loudness,missing_value,
2974,speechiness,missing_value,
2981,speechiness,missing_value,
2992,loudness,missing_value,
2994,liveness,missing_value,
2998,tempo,missing_value,
3004,danceability,missing_value,
3006,speechiness,missing_value,
3009,valence,missing_value,
3014,tempo,missing_value,
3017,liveness,missing_value,
3018,energy,missing_value,
3018,danceability,missing_value,
3019,danceability,missing_value,
3021,tempo,missing_value,
3023,energy,missing_value,
3028,danceability,missing_value,
3031,tempo,missing_value,
3033,acousticness,missing_value,
3034,energy,missing_value,
3036,tempo,missing_value,
3037,acousticness,missing_value,
3038,danceability,outlier_high,1.2555
3043,instrumentalness,missing_value,
3050,energy,missing_value,
3055,energy,missing_value,
3057,speechiness,missing_value,
3059,liveness,missing_value,
3060,danceability,missing_value,
3067,instrumentalness,missing_value,
3073,energy,missing_value,
3086,tempo,missing_value,
3087,loudness,missing_value,
3094,acousticness,missing_value,
3107,valence,outlier_high,1.3646
3109,tempo,outlier_low,3.2364
3114,liveness,missing_value,
3126,valence,missing_value,
3134,speechiness,missing_value,
3139,energy,missing_value,
3139,valence,missing_value,
3148,speechiness,missing_value,
3167,instrumentalness,missing_value,
3167,tempo,missing_value,
3167,acousticness,missing_value,
3168,valence,missing_value,
3177,danceability,missing_value,
3190,valence,missing_value,
3190,liveness,missing_value,
3192,acousticness,missing_value,
3194,instrumentalness,missing_value,
3196,energy,outlier_high,1.2027
3197,valence,missing_value,
3198,liveness,missing_value,
3199,tempo,missing_value,
3201,speechiness,missing_value,
3201,instrumentalness,missing_value,
3203,danceability,missing_value,
3207,danceability,missing_value,
3207,liveness,missing_value,
3211,speechiness,missing_value,
3212,speechiness,missing_value,
3213,tempo,outlier_high,378.2189
3213,acousticness,missing_value,
3217,energy,missing_value,
3228,energy,missing_value,
3231,valence,missing_value,
3235,valence,outlier_low,-0.0592
3241,energy,missing_value,
3245,acousticness,missing_value,
3245,valence,missing_value,
3247,acousticness,missing_value,
3248,instrumentalness,missing_value,
3250,liveness,missing_value,
3251,tempo,missing_value,
3253,valence,missing_value,
3255,valence,missing_value,
3260,energy,outlier_low,-0.0133
3264,danceability,missing_value,
3266,speechiness,missing_value,
3287,speechiness,missing_value,
3288,loudness,missing_value,
3291,danceability,missing_value,
3291,energy,missing_value,
3292,loudness,missing_value,
3293,instrumentalness,missing_value,
3298,danceability,missing_value,
3300,liveness,missing_value,
3300,instrumentalness,missing_value,
3301,acousticness,missing_value,
3307,energy,missing_value,
3307,acousticness,missing_value,
3309,danceability,outlier_low,-0.1839
3312,valence,missing_value,
3315,valence,missing_value,
3315,speechiness,missing_value,
3330,instrumentalness,missing_value,
3330,danceability,missing_value,
3336,acousticness,missing_value,
3341,instrumentalness,missing_value,
3341,speechiness,missing_value,
3346,acousticness,missing_value,
3349,speechiness,missing_value,
3349,energy,missing_value,
3350,danceability,missing_value,
3353,valence,missing_value,
3356,valence,missing_value,
3359,acousticness,missing_value,
3362,speechiness,missing_value,
3370,loudness,missing_value,
3375,acousticness,missing_value,
3377,liveness,missing_value,
3381,liveness,missing_value,
3384,loudness,missing_value,
3387,loudness,missing_value,
3387,liveness,missing_value,
3393,acousticness,missing_value,
3398,speechiness,missing_value,
3400,acousticness,missing_value,
3400,energy,missing_value,
3408,acousticness,missing_value,
3420,instrumentalness,missing_value,
3420,liveness,missing_value,
3421,valence,missing_value,
3430,valence,missing_value,
3432,tempo,missing_value,
3432,energy,missing_value,
3432,loudness,missing_value,
3443,speechiness,missing_value,
3447,speechiness,missing_value,
3452,instrumentalness,missing_value,
3456,acousticness,missing_value,
3465,danceability,missing_value,
3467,energy,outlier_high,1.3944
3467,danceability,missing_value,
3474,speechiness,missing_value,
3476,valence,missing_value,
3477,liveness,missing_value,
3483,danceability,outlier_high,1.3065
3503,tempo,missing_value,
3503,energy,missing_value,
3504,valence,missing_value,
3506,speechiness,missing_value,
3509,valence,outlier_low,-0.1342
3517,instrumentalness,missing_value,
3525,instrumentalness,missing_value,
3527,loudness,missing_value,
3527,valence,missing_value,
3534,speechiness,missing_value,
3535,energy,missing_value,
3537,danceability,missing_value,
3544,danceability,missing_value,
3550,instrumentalness,missing_value,
3555,danceability,missing_value,
3559,acousticness,missing_value,
3559,energy,missing_value,
3560,acousticness,missing_value,
3562,liveness,missing_value,
3563,speechiness,missing_value,
3565,danceability,outlier_low,-0.1812
3567,liveness,missing_value,
3568,danceability,missing_value,
3575,acousticness,missing_value,
3578,acousticness,missing_value,
3578,valence,missing_value,
3579,energy,missing_value,
3583,tempo,missing_value,
3587,instrumentalness,missing_value,
3589,energy,missing_value,
3590,instrumentalness,missing_value,
3591,tempo,missing_value,
3591,loudness,missing_value,
3592,acousticness,missing_value,
3594,acousticness,missing_value,
3597,danceability,missing_value,
3598,danceability,missing_value,
3598,instrumentalness,missing_value,
3600,liveness,missing_value,
3603,acousticness,missing_value,
3605,loudness,missing_value,
3606,valence,missing_value,
3613,energy,missing_value,
3613,tempo,outlier_low,7.6316
3614,valence,missing_value,
3616,loudness,missing_value,
3624,liveness,missing_value,
3635,instrumentalness,missing_value,
3637,loudness,missing_value,
3646,liveness,missing_value,
3646,loudness,missing_value,
3656,danceability,outlier_low,-0.2031
3667,loudness,missing_value,
3674,speechiness,missing_value,
3676,tempo,missing_value,
3676,energy,missing_value,
3682,danceability,missing_value,
3695,danceability,outlier_high,1.0549
3699,instrumentalness,missing_value,
3700,liveness,missing_value,
3707,danceability,outlier_high,1.1618
3718,instrumentalness,missing_value,
3731,valence,outlier_low,-0.0854
3733,acousticness,missing_value,
3733,energy,missing_value,
3737,speechiness,missing_value,
3741,speechiness,missing_value,
3747,acousticness,missing_value,
3749,acousticness,missing_value,
3750,liveness,missing_value,
3755,tempo,outlier_high,308.2430
3760,energy,missing_value,
3765,energy,missing_value,
3767,tempo,missing_value,
3767,energy,missing_value,
3769,speechiness,missing_value,
3772,energy,missing_value,
3777,tempo,missing_value,
3781,energy,missing_value,
3781,speechiness,missing_value,
3784,energy,missing_value,
3802,energy,missing_value,
3805,energy,missing_value,
3806,energy,missing_value,
3811,speechiness,missing_value,
3817,tempo,missing_value,
3833,valence,missing_value,
3843,loudness,missing_value,
3849,instrumentalness,missing_value,
3851,tempo,missing_value,
3851,valence,missing_value,
3852,tempo,missing_value,
3853,liveness,missing_value,
3861,instrumentalness,missing_value,
3861,danceability,missing_value,
3861,energy,outlier_low,-0.1386
3863,valence,outlier_low,-0.2546
3865,energy,outlier_high,1.0794
3867,speechiness,missing_value,
3869,energy,missing_value,
3869,instrumentalness,missing_value,
3877,tempo,missing_value,
3878,liveness,missing_value,
3880,valence,missing_value,
3882,valence,missing_value,
3882,speechiness,missing_value,
3883,tempo,missing_value,
3885,loudness,missing_value,
3892,valence,missing_value,
3894,tempo,missing_value,
3901,speechiness,missing_value,
3905,liveness,missing_value,
3910,loudness,missing_value,
3911,valence,missing_value,
3911,acousticness,missing_value,
3913,tempo,missing_value,
3914,acousticness,missing_value,
3916,speechiness,missing_value,
3920,instrumentalness,missing_value,
3921,energy,outlier_low,-0.0314
3921,speechiness,missing_value,
3923,loudness,missing_value,
3925,instrumentalness,missing_value,
3925,acousticness,missing_value,
3927,valence,outlier_low,-0.1646
3932,danceability,outlier_low,-0.2617
3934,danceability,outlier_high,1.2619
3939,instrumentalness,missing_value,
3943,energy,outlier_low,-0.0409
3944,instrumentalness,missing_value,
3951,acousticness,missing_value,
3953,tempo,missing_value,
3957,speechiness,missing_value,
3959,speechiness,missing_value,
3962,danceability,missing_value,
3966,valence,missing_value,
3975,energy,missing_value,
3977,speechiness,missing_value,
3980,loudness,missing_value,
3989,liveness,missing_value,
3991,loudness,missing_value,
3992,speechiness,missing_value,
3996,liveness,missing_value,
4006,liveness,missing_value,
4019,energy,missing_value,
4021,valence,outlier_high,1.3801
4030,energy,outlier_low,-0.2468
4032,energy,missing_value,
4036,valence,missing_value,
4037,loudness,missing_value,
4039,liveness,missing_value,
4042,liveness,missing_value,
4042,tempo,missing_value,
4043,acousticness,missing_value,
4048,energy,outlier_low,-0.2623
4050,instrumentalness,missing_value,
4050,danceability,outlier_low,-0.2216
4060,loudness,missing_value,
4063,liveness,missing_value,
4068,liveness,missing_value,
4069,speechiness,missing_value,
4071,valence,missing_value,
4072,valence,missing_value,
4077,loudness,missing_value,
4079,energy,missing_value,
4082,acousticness,missing_value,
4085,energy,outlier_low,-0.0381
4093,tempo,missing_value,
4096,acousticness,missing_value,
4102,energy,outlier_low,-0.2066
4103,energy,missing_value,
4110,tempo,missing_value,
4115,loudness,missing_value,
4118,tempo,missing_value,
4123,valence,missing_value,
4124,tempo,missing_value,
4125,acousticness,missing_value,
4126,energy,outlier_low,-0.1756
4128,energy,missing_value,
4130,loudness,missing_value,
4133,valence,missing_value,
4136,valence,missing_value,
4142,tempo,missing_value,
4145,valence,missing_value,
4146,loudness,missing_value,
4152,tempo,missing_value,
4157,danceability,missing_value,
4164,valence,missing_value,
4164,energy,missing_value,
4169,energy,missing_value,
4180,liveness,missing_value,
4184,instrumentalness,missing_value,
4185,tempo,outlier_low,3.4195
4195,energy,missing_value,
4202,danceability,outlier_low,-0.1220
4203,valence,missing_value,
4205,acousticness,missing_value,
4207,acousticness,missing_value,
4207,liveness,missing_value,
4211,danceability,missing_value,
4212,tempo,missing_value,
4215,danceability,missing_value,
4220,valence,missing_value,
4224,liveness,missing_value,
4228,instrumentalness,missing_value,
4229,valence,missing_value,
4233,tempo,missing_value,
4236,acousticness,missing_value,
4239,energy,missing_value,
4240,loudness,missing_value,
4242,danceability,missing_value,
4244,energy,missing_value,
4253,loudness,outlier_high,7.2729
4262,tempo,missing_value,
4264,instrumentalness,missing_value,
4266,energy,missing_value,
4271,loudness,missing_value,
4274,danceability,missing_value,
4275,energy,missing_value,
4276,speechiness,missing_value,
4279,acousticness,missing_value,
4283,valence,missing_value,
4284,energy,missing_value,
4286,liveness,missing_value,
4292,acousticness,missing_value,
4298,energy,missing_value,
4301,danceability,outlier_high,1.4364
4309,tempo,missing_value,
4317,instrumentalness,missing_value,
4321,liveness,missing_value,
4328,tempo,missing_value,
4330,danceability,outlier_low,-0.1716
4331,energy,missing_value,
4335,danceability,missing_value,
4339,danceability,missing_value,
4345,tempo,missing_value,
4348,acousticness,missing_value,
4350,loudness,outlier_low,-83.3248
4351,loudness,missing_value,
4352,energy,missing_value,
4358,instrumentalness,missing_value,
4359,acousticness,missing_value,
4367,liveness,missing_value,
4372,speechiness,missing_value,
4373,instrumentalness,missing_value,
4378,energy,missing_value,
4383,loudness,outlier_high,1.7288
4390,speechiness,missing_value,
4391,acousticness,missing_value,
4393,speechiness,missing_value,
4399,valence,missing_value,
4402,speechiness,missing_value,
4403,valence,outlier_low,-0.0760
4408,energy,outlier_low,-0.0531
4408,danceability,missing_value,
4410,tempo,missing_value,
4414,acousticness,missing_value,
4421,instrumentalness,missing_value,
4421,speechiness,missing_value,
4422,energy,missing_value,
4422,tempo,missing_value,
4423,energy,missing_value,
4429,liveness,missing_value,
4430,instrumentalness,missing_value,
4433,valence,missing_value,
4438,loudness,missing_value,
4441,acousticness,missing_value,
4445,danceability,outlier_low,-0.0802
4448,valence,missing_value,
4454,instrumentalness,missing_value,
4459,energy,missing_value,
4459,tempo,outlier_low,1.8647
4460,tempo,missing_value,
4466,danceability,missing_value,
4473,instrumentalness,missing_value,
4480,danceability,missing_value,
4484,loudness,missing_value,
4488,instrumentalness,missing_value,
4496,loudness,missing_value,
4497,valence,missing_value,
4502,instrumentalness,missing_value,
4503,tempo,missing_value,
4505,speechiness,missing_value,
4505,valence,missing_value,
4508,valence,missing_value,
4512,valence,missing_value,
4521,loudness,outlier_low,-88.5812
4521,instrumentalness,missing_value,
4523,speechiness,missing_value,
4525,loudness,outlier_high,6.9651
4525,acousticness,missing_value,
4527,acousticness,missing_value,
4529,valence,missing_value,
4531,loudness,missing_value,
4534,speechiness,missing_value,
4535,tempo,missing_value,
4535,danceability,outlier_low,-0.0220
4536,loudness,missing_value,
4537,liveness,missing_value,
4537,danceability,missing_value,
4538,tempo,missing_value,
4539,acousticness,missing_value,
4544,instrumentalness,missing_value,
4546,tempo,outlier_high,381.4820
4555,danceability,missing_value,
4556,energy,missing_value,
4556,valence,missing_value,
4560,tempo,missing_value,
4562,acousticness,missing_value,
4576,tempo,missing_value,
4585,acousticness,missing_value,
4585,liveness,missing_value,
4595,instrumentalness,missing_value,
4602,danceability,missing_value,
4606,instrumentalness,missing_value,
4608,danceability,outlier_low,-0.0284
4608,speechiness,missing_value,
4611,loudness,missing_value,
4615,tempo,missing_value,
4617,loudness,outlier_low,-86.8800
4620,energy,missing_value,
4629,instrumentalness,missing_value,
4629,valence,missing_value,
4629,tempo,missing_value,
4632,tempo,outlier_high,344.8893
4632,instrumentalness,missing_value,
4635,danceability,outlier_low,-0.0858
4646,valence,missing_value,
4653,liveness,missing_value,
4653,tempo,missing_value,
4656,speechiness,missing_value,
4657,tempo,missing_value,
4662,instrumentalness,missing_value,
4663,speechiness,missing_value,
4671,valence,missing_value,
4671,instrumentalness,missing_value,
4671,liveness,missing_value,
4672,energy,missing_value,
4678,liveness,missing_value,
4681,energy,missing_value,
4681,danceability,outlier_low,-0.1660
4683,danceability,outlier_high,1.2743
4684,loudness,missing_value,
4687,danceability,missing_value,
4693,speechiness,missing_value,
4696,danceability,missing_value,
4706,danceability,missing_value,
4706,acousticness,missing_value,
4713,instrumentalness,missing_value,
4719,acousticness,missing_value,
4720,loudness,missing_value,
4722,speechiness,missing_value,
4725,energy,missing_value,
4732,loudness,missing_value,
4733,valence,missing_value,
4741,tempo,missing_value,
4742,tempo,missing_value,
4752,energy,missing_value,
4759,instrumentalness,missing_value,
4762,acousticness,missing_value,
4765,acousticness,missing_value,
4770,tempo,missing_value,
4770,liveness,missing_value,
4772,danceability,missing_value,
4773,danceability,missing_value,
4773,loudness,missing_value,
4775,energy,missing_value,
4778,tempo,missing_value,
4778,loudness,missing_value,
4783,acousticness,missing_value,
4787,instrumentalness,missing_value,
4787,energy,outlier_low,-0.1914
4795,valence,missing_value,
4806,energy,missing_value,
4813,speechiness,missing_value,
4815,instrumentalness,missing_value,
4818,speechiness,missing_value,
4819,danceability,outlier_high,1.0768
4819,loudness,missing_value,
4820,acousticness,missing_value,
4821,speechiness,missing_value,
4822,loudness,outlier_high,7.4809
4833,acousticness,missing_value,
4840,liveness,missing_value,
4842,loudness,missing_value,
4842,acousticness,missing_value,
4852,energy,outlier_high,1.1103
4862,valence,missing_value,
4870,liveness,missing_value,
4878,loudness,missing_value,
4882,tempo,missing_value,
4883,loudness,missing_value,
4888,valence,missing_value,
4895,acousticness,missing_value,
4902,danceability,outlier_high,1.0545
4907,liveness,missing_value,
4909,loudness,missing_value,
4910,tempo,missing_value,
4912,danceability,missing_value,
4912,tempo,missing_value,
4914,acousticness,missing_value,
4915,instrumentalness,missing_value,
4917,valence,missing_value,
4919,speechiness,missing_value,
4920,tempo,missing_value,
4921,instrumentalness,missing_value,
4922,loudness,missing_value,
4923,acousticness,missing_value,
4924,acousticness,missing_value,
4925,liveness,missing_value,
4927,speechiness,missing_value,
4933,loudness,missing_value,
4936,loudness,outlier_low,-86.7657
4938,tempo,outlier_high,345.7494
4939,valence,missing_value,
4939,tempo,missing_value,
4942,speechiness,missing_value,
4946,tempo,missing_value,
4948,valence,outlier_high,1.4938
4951,liveness,missing_value,
4953,valence,missing_value,
4955,energy,missing_value,
4962,energy,missing_value,
4964,acousticness,missing_value,
4968,instrumentalness,missing_value,
4977,energy,missing_value,
4978,danceability,missing_value,
4981,liveness,missing_value,
4981,danceability,missing_value,
4982,instrumentalness,missing_value,
4982,acousticness,missing_value,
4990,energy,missing_value,
4994,speechiness,missing_value,
4994,acousticness,missing_value,
4999,liveness,missing_value,
5001,speechiness,missing_value,
5002,tempo,missing_value,
5004,loudness,missing_value,
5004,tempo,missing_value,
5006,acousticness,missing_value,
5022,loudness,missing_value,
5024,danceability,missing_value,
5027,danceability,missing_value,
5029,energy,missing_value,
5029,valence,missing_value,
5030,energy,missing_value,
5032,danceability,missing_value,
5034,danceability,missing_value,
5036,liveness,missing_value,
5037,loudness,missing_value,
5040,loudness,missing_value,
5050,instrumentalness,missing_value,
5051,danceability,missing_value,
5061,tempo,missing_value,
5062,liveness,missing_value,
5062,danceability,missing_value,
5067,instrumentalness,missing_value,
5074,danceability,missing_value,
5075,liveness,missing_value,
5077,valence,outlier_high,1.1863
5077,acousticness,missing_value,
5077,danceability,missing_value,
5087,acousticness,missing_value,
5088,tempo,missing_value,
5096,acousticness,missing_value,
5105,loudness,missing_value,
5110,speechiness,missing_value,
5112,danceability,missing_value,
5114,loudness,outlier_high,5.3253
5117,liveness,missing_value,
5119,energy,missing_value,
5125,tempo,missing_value,
5126,energy,missing_value,
5131,acousticness,missing_value,
5134,danceability,missing_value,
5137,instrumentalness,missing_value,
5142,valence,missing_value,
5147,instrumentalness,missing_value,
5148,danceability,missing_value,
5148,valence,missing_value,
5160,valence,missing_value,
5165,danceability,outlier_high,1.3476
5168,instrumentalness,missing_value,
5172,energy,missing_value,
5174,valence,missing_value,
5177,acousticness,missing_value,
5178,instrumentalness,missing_value,
5185,loudness,outlier_low,-77.0758
5185,danceability,missing_value,
5186,instrumentalness,missing_value,
5187,acousticness,missing_value,
5188,energy,outlier_high,1.3740
5189,acousticness,missing_value,
5189,instrumentalness,missing_value,
5194,speechiness,missing_value,
5195,speechiness,missing_value,
5196,acousticness,missing_value,
5202,valence,missing_value,
5208,speechiness,missing_value,
5209,instrumentalness,missing_value,
5213,liveness,missing_value,
5214,valence,missing_value,
5220,tempo,missing_value,
5226,tempo,outlier_high,399.1257
5229,liveness,missing_value,
5229,danceability,outlier_high,1.4028
5232,danceability,missing_value,
5234,instrumentalness,missing_value,
5238,danceability,outlier_low,-0.0720
5238,tempo,missing_value,
5238,energy,missing_value,
5240,instrumentalness,missing_value,
5255,acousticness,missing_value,
5256,speechiness,missing_value,
5257,acousticness,missing_value,
5265,liveness,missing_value,
5267,loudness,missing_value,
5268,energy,outlier_low,-0.2549
5269,loudness,missing_value,
5272,tempo,missing_value,
5274,energy,missing_value,
5276,speechiness,missing_value,
5276,energy,missing_value,
5282,instrumentalness,missing_value,
5289,instrumentalness,missing_value,
5293,loudness,missing_value,
5300,liveness,missing_value,
5303,valence,missing_value,
5307,energy,missing_value,
5307,loudness,missing_value,
5310,tempo,missing_value,
5314,tempo,missing_value,
5316,danceability,missing_value,
5319,instrumentalness,missing_value,
5321,danceability,missing_value,
5326,instrumentalness,missing_value,
5328,liveness,missing_value,
5328,tempo,missing_value,
5329,energy,missing_value,
5335,valence,outlier_low,-0.1716
5337,loudness,missing_value,
5340,instrumentalness,missing_value,
5344,loudness,missing_value,
5346,speechiness,missing_value,
5349,danceability,missing_value,
5350,acousticness,missing_value,
5352,danceability,missing_value,
5354,energy,missing_value,
5359,loudness,missing_value,
5360,speechiness,missing_value,
5361,valence,missing_value,
5364,speechiness,missing_value,
5364,tempo,missing_value,
5368,energy,outlier_high,1.2279
5372,valence,missing_value,
5376,acousticness,missing_value,
5378,danceability,missing_value,
5381,loudness,missing_value,
5389,tempo,missing_value,
5391,loudness,missing_value,
5394,danceability,outlier_high,1.4693
5395,tempo,missing_value,
5396,energy,missing_value,
5397,danceability,missing_value,
5402,valence,missing_value,
5404,energy,missing_value,
5406,valence,missing_value,
5406,acousticness,missing_value,
5423,acousticness,missing_value,
5425,loudness,missing_value,
5428,acousticness,missing_value,
5432,loudness,missing_value,
5434,tempo,missing_value,
5434,valence,missing_value,
5437,danceability,missing_value,
5440,loudness,missing_value,
5444,liveness,missing_value,
5446,acousticness,missing_value,
5446,danceability,missing_value,
5447,loudness,outlier_high,6.6806
5447,energy,missing_value,
5450,valence,outlier_high,1.3039
5452,instrumentalness,missing_value,
5470,tempo,missing_value,
5471,tempo,missing_value,
5472,instrumentalness,missing_value,
5472,valence,missing_value,
5480,valence,outlier_high,1.0560
5481,instrumentalness,missing_value,
5481,liveness,missing_value,
5483,liveness,missing_value,
5487,tempo,missing_value,
5495,energy,outlier_high,1.2713
5497,tempo,outlier_low,9.4779
5500,loudness,missing_value,
5504,speechiness,missing_value,
5508,danceability,missing_value,
5509,valence,missing_value,
5510,danceability,missing_value,
5510,valence,missing_value,
5512,liveness,missing_value,
5517,instrumentalness,missing_value,
5525,tempo,missing_value,
5526,danceability,missing_value,
5527,loudness,missing_value,
5531,acousticness,missing_value,
5532,speechiness,missing_value,
5534,acousticness,missing_value,
5537,acousticness,missing_value,
5538,danceability,missing_value,
5541,speechiness,missing_value,
5542,valence,missing_value,
5542,danceability,missing_value,
5550,danceability,missing_value,
5550,valence,missing_value,
5552,energy,missing_value,
5564,danceability,missing_value,
5565,danceability,missing_value,
5565,instrumentalness,missing_value,
5566,tempo,missing_value,
5568,instrumentalness,missing_value,
5570,valence,outlier_low,-0.0821
5571,instrumentalness,missing_value,
5571,speechiness,missing_value,
5581,tempo,missing_value,
5582,tempo,missing_value,
5584,instrumentalness,missing_value,
5591,danceability,missing_value,
5596,instrumentalness,missing_value,
5599,tempo,missing_value,
5608,instrumentalness,missing_value,
5611,liveness,missing_value,
5613,speechiness,missing_value,
5616,loudness,missing_value,
5616,valence,missing_value,
5622,valence,missing_value,
5631,acousticness,missing_value,
5638,danceability,missing_value,
5645,valence,missing_value,
5645,speechiness,missing_value,
5647,tempo,outlier_low,5.6132
5653,loudness,missing_value,
5653,valence,outlier_low,-0.1181
5654,danceability,outlier_high,1.0523
5655,liveness,missing_value,
5656,loudness,missing_value,
5661,energy,missing_value,
5670,instrumentalness,missing_value,
5671,speechiness,missing_value,
5672,valence,outlier_low,-0.1523
5678,danceability,missing_value,
5681,speechiness,missing_value,
5681,loudness,missing_value,
5686,valence,missing_value,
5694,valence,missing_value,
5697,speechiness,missing_value,
5702,speechiness,missing_value,
5709,acousticness,missing_value,
5716,acousticness,missing_value,
5720,liveness,missing_value,
5723,tempo,missing_value,
5723,liveness,missing_value,
5728,valence,missing_value,
5729,danceability,missing_value,
5732,danceability,missing_value,
5734,instrumentalness,missing_value,
5739,danceability,missing_value,
5745,energy,missing_value,
5746,liveness,missing_value,
5748,loudness,missing_value,
5754,energy,missing_value,
5763,loudness,missing_value,
5764,loudness,missing_value,
5768,danceability,missing_value,
5775,speechiness,missing_value,
5777,energy,missing_value,
5779,energy,missing_value,
5782,acousticness,missing_value,
5797,energy,outlier_low,-0.2072
5803,energy,missing_value,
5811,liveness,missing_value,
5812,instrumentalness,missing_value,
5813,instrumentalness,missing_value,
5816,liveness,missing_value,
5824,acousticness,missing_value,
5827,tempo,missing_value,
5835,speechiness,missing_value,
5837,tempo,missing_value,
5838,tempo,missing_value,
5839,energy,missing_value,
5840,danceability,outlier_low,-0.2469
5843,valence,missing_value,
5844,loudness,missing_value,
5844,instrumentalness,missing_value,
5846,acousticness,missing_value,
5847,speechiness,missing_value,
5850,energy,missing_value,
5856,acousticness,missing_value,
5856,speechiness,missing_value,
5857,loudness,missing_value,
5858,danceability,missing_value,
5861,tempo,missing_value,
5862,valence,missing_value,
5867,speechiness,missing_value,
5869,acousticness,missing_value,
5873,tempo,missing_value,
5874,loudness,missing_value,
5874,speechiness,missing_value,
5876,valence,missing_value,
5876,tempo,missing_value,
5878,danceability,missing_value,
5878,loudness,missing_value,
5880,danceability,missing_value,
5882,tempo,missing_value,
5886,instrumentalness,missing_value,
5893,liveness,missing_value,
5895,tempo,missing_value,
5895,valence,missing_value,
5905,danceability,missing_value,
5909,energy,missing_value,
5910,valence,missing_value,
5911,speechiness,missing_value,
5918,speechiness,missing_value,
5920,instrumentalness,missing_value,
5921,loudness,missing_value,
5921,liveness,missing_value,
5925,danceability,missing_value,
5926,energy,missing_value,
5927,danceability,missing_value,
5928,loudness,missing_value,
5940,instrumentalness,missing_value,
5942,tempo,missing_value,
5944,liveness,missing_value,
5945,valence,missing_value,
5945,tempo,outlier_low,0.8170
5955,acousticness,missing_value,
5960,danceability,missing_value,
5960,liveness,missing_value,
5964,energy,outlier_low,-0.0526
5965,energy,missing_value,
5983,energy,missing_value,
5983,liveness,missing_value,
5989,instrumentalness,missing_value,
5994,valence,missing_value,
5994,danceability,missing_value,
5997,tempo,missing_value,
5999,danceability,missing_value,
6005,instrumentalness,missing_value,
6008,instrumentalness,missing_value,
6015,loudness,missing_value,
6015,valence,missing_value,
6019,valence,missing_value,
6020,tempo,missing_value,
6029,acousticness,missing_value,
6031,danceability,outlier_low,-0.2928
6033,liveness,missing_value,
6035,loudness,missing_value,
6037,valence,missing_value,
6037,liveness,missing_value,
6038,instrumentalness,missing_value,
6040,loudness,missing_value,
6041,loudness,missing_value,
6047,tempo,missing_value,
6047,danceability,missing_value,
6054,valence,missing_value,
6061,loudness,outlier_high,9.8235
6065,speechiness,missing_value,
6067,tempo,outlier_high,369.7216
6067,speechiness,missing_value,
6069,danceability,missing_value,
6072,acousticness,missing_value,
6073,tempo,missing_value,
6076,acousticness,missing_value,
6077,valence,outlier_low,-0.0956
6081,energy,missing_value,
6083,danceability,missing_value,
6087,energy,missing_value,
6090,danceability,missing_value,
6092,speechiness,missing_value,
6098,loudness,missing_value,
6104,loudness,missing_value,
6107,energy,missing_value,
6108,acousticness,missing_value,
6110,tempo,missing_value,
6111,danceability,missing_value,
6112,valence,missing_value,
6116,speechiness,missing_value,
6122,speechiness,missing_value,
6123,speechiness,missing_value,
6124,tempo,missing_value,
6125,acousticness,missing_value,
6133,energy,missing_value,
6143,energy,outlier_high,1.4303
6145,valence,missing_value,
6150,acousticness,missing_value,
6155,speechiness,missing_value,
6155,liveness,missing_value,
6159,liveness,missing_value,
6160,liveness,missing_value,
6161,valence,missing_value,
6165,tempo,missing_value,
6167,loudness,missing_value,
6169,acousticness,missing_value,
6176,valence,outlier_high,1.2820
6179,instrumentalness,missing_value,
6181,danceability,missing_value,
6181,tempo,missing_value,
6184,loudness,missing_value,
6191,loudness,missing_value,
6194,speechiness,missing_value,
6197,energy,missing_value,
6198,energy,missing_value,
6200,loudness,missing_value,
6201,instrumentalness,missing_value,
6223,instrumentalness,missing_value,
6225,instrumentalness,missing_value,
6230,energy,missing_value,
6233,energy,missing_value,
6235,loudness,missing_value,
6235,liveness,missing_value,
6237,energy,missing_value,
6246,speechiness,missing_value,
6252,acousticness,missing_value,
6255,loudness,missing_value,
6256,speechiness,missing_value,
6261,danceability,missing_value,
6262,liveness,missing_value,
6267,valence,missing_value,
6268,loudness,missing_value,
6270,danceability,missing_value,
6270,acousticness,missing_value,
6272,danceability,missing_value,
6278,danceability,outlier_low,-0.2428
6286,loudness,missing_value,
6287,danceability,missing_value,
6289,energy,missing_value,
6294,energy,missing_value,
6295,liveness,missing_value,
6295,danceability,outlier_high,1.4819
6298,loudness,outlier_high,1.3618
6298,instrumentalness,missing_value,
6301,speechiness,missing_value,
6303,speechiness,missing_value,
6305,valence,missing_value,
6306,valence,missing_value,
6307,instrumentalness,missing_value,
6309,instrumentalness,missing_value,
6312,valence,outlier_low,-0.0901
6316,acousticness,missing_value,
6319,tempo,missing_value,
6335,speechiness,missing_value,
6338,acousticness,missing_value,
6339,instrumentalness,missing_value,
6340,instrumentalness,missing_value,
6340,energy,outlier_high,1.4260
6342,danceability,missing_value,
6344,energy,missing_value,
6345,danceability,outlier_low,-0.1022
6346,energy,outlier_high,1.4306
6352,valence,outlier_low,-0.0130
6356,liveness,missing_value,
6357,energy,missing_value,
6368,tempo,missing_value,
6378,tempo,missing_value,
6379,tempo,missing_value,
6390,valence,missing_value,
6397,instrumentalness,missing_value,
6410,liveness,missing_value,
6414,tempo,outlier_high,330.0885
6418,loudness,missing_value,
6419,energy,missing_value,
6420,tempo,missing_value,
6423,danceability,missing_value,
6424,tempo,outlier_low,6.0371
6428,speechiness,missing_value,
6440,tempo,missing_value,
6444,speechiness,missing_value,
6445,liveness,missing_value,
6446,energy,outlier_low,-0.1243
6451,acousticness,missing_value,
6454,acousticness,missing_value,
6462,tempo,missing_value,
6463,energy,outlier_low,-0.2787
6468,acousticness,missing_value,
6473,loudness,missing_value,
6473,liveness,missing_value,
6475,liveness,missing_value,
6476,valence,missing_value,
6479,danceability,outlier_high,1.1953
6480,energy,missing_value,
6481,instrumentalness,missing_value,
6489,speechiness,missing_value,
6489,liveness,missing_value,
6491,liveness,missing_value,
6492,valence,missing_value,
6496,acousticness,missing_value,
6496,speechiness,missing_value,
6507,loudness,missing_value,
6509,speechiness,missing_value,
6510,tempo,missing_value,
6512,acousticness,missing_value,
6517,instrumentalness,missing_value,
6520,speechiness,missing_value,
6522,loudness,missing_value,
6542,danceability,missing_value,
6545,danceability,missing_value,
6545,loudness,missing_value,
6547,energy,missing_value,
6548,liveness,missing_value,
6548,acousticness,missing_value,
6549,valence,outlier_low,-0.2128
6550,energy,missing_value,
6551,tempo,missing_value,
6552,energy,missing_value,
6557,valence,outlier_low,-0.2720
6560,instrumentalness,missing_value,
6567,instrumentalness,missing_value,
6571,danceability,missing_value,
6574,loudness,missing_value,
6576,liveness,missing_value,
6580,speechiness,missing_value,
6581,danceability,missing_value,
6584,loudness,missing_value,
6595,tempo,missing_value,
6596,loudness,missing_value,
6596,tempo,missing_value,
6602,energy,missing_value,
6603,valence,missing_value,
6608,tempo,missing_value,
6609,danceability,missing_value,
6615,danceability,missing_value,
6619,tempo,missing_value,
6622,instrumentalness,missing_value,
6624,energy,missing_value,
6626,acousticness,missing_value,
6632,valence,outlier_high,1.1089
6634,instrumentalness,missing_value,
6634,valence,missing_value,
6635,valence,missing_value,
6639,loudness,missing_value,
6643,speechiness,missing_value,
6645,loudness,outlier_high,6.5926
6650,danceability,outlier_high,1.2985
6654,liveness,missing_value,
6657,speechiness,missing_value,
6661,acousticness,missing_value,
6663,acousticness,missing_value,
6663,speechiness,missing_value,
6666,danceability,missing_value,
6672,tempo,missing_value,
6673,tempo,missing_value,
6676,liveness,missing_value,
6677,loudness,missing_value,
6679,instrumentalness,missing_value,
6681,valence,outlier_high,1.2332
6682,tempo,missing_value,
6683,tempo,missing_value,
6683,acousticness,missing_value,
6687,loudness,missing_value,
6688,instrumentalness,missing_value,
6688,energy,missing_value,
6694,instrumentalness,missing_value,
6696,valence,missing_value,
6698,danceability,missing_value,
6703,tempo,missing_value,
6708,speechiness,missing_value,
6711,tempo,outlier_high,361.2979
6717,speechiness,missing_value,
6718,liveness,missing_value,
6723,liveness,missing_value,
6729,valence,outlier_high,1.3606
6731,danceability,missing_value,
6734,valence,outlier_high,1.3387
6736,liveness,missing_value,
6737,liveness,missing_value,
6737,speechiness,missing_value,
6738,acousticness,missing_value,
6740,tempo,missing_value,
6740,valence,missing_value,
6744,danceability,missing_value,
6746,acousticness,missing_value,
6748,acousticness,missing_value,
6752,energy,outlier_low,-0.1857
6756,instrumentalness,missing_value,
6760,liveness,missing_value,
6762,loudness,missing_value,
6779,liveness,missing_value,
6780,instrumentalness,missing_value,
6782,tempo,missing_value,
6782,instrumentalness,missing_value,
6783,liveness,missing_value,
6803,liveness,missing_value,
6806,instrumentalness,missing_value,
6807,danceability,missing_value,
6810,liveness,missing_value,
6813,liveness,missing_value,
6813,energy,missing_value,
6815,acousticness,missing_value,
6816,energy,missing_value,
6821,danceability,missing_value,
6822,acousticness,missing_value,
6838,danceability,missing_value,
6841,danceability,missing_value,
6846,energy,missing_value,
6846,instrumentalness,missing_value,
6847,danceability,missing_value,
6854,danceability,missing_value,
6855,energy,missing_value,
6855,liveness,missing_value,
6856,tempo,missing_value,
6861,danceability,missing_value,
6863,acousticness,missing_value,
6869,liveness,missing_value,
6869,tempo,missing_value,
6869,energy,missing_value,
6872,instrumentalness,missing_value,
6890,danceability,outlier_high,1.4496
6892,liveness,missing_value,
6899,danceability,missing_value,
6904,instrumentalness,missing_value,
6905,loudness,missing_value,
6906,tempo,missing_value,
6906,acousticness,missing_value,
6909,valence,missing_value,
6910,energy,missing_value,
6910,speechiness,missing_value,
6913,tempo,missing_value,
6917,acousticness,missing_value,
6919,valence,missing_value,
6919,liveness,missing_value,
6922,energy,missing_value,
6925,danceability,outlier_high,1.3577
6931,valence,outlier_low,-0.1433
6937,energy,missing_value,
6942,energy,missing_value,
6944,danceability,missing_value,
6946,loudness,missing_value,
6946,liveness,missing_value,
6947,acousticness,missing_value,
6948,danceability,outlier_high,1.0932
6950,valence,missing_value,
6951,acousticness,missing_value,
6959,instrumentalness,missing_value,
6965,danceability,missing_value,
6966,valence,missing_value,
6971,loudness,missing_value,
6972,loudness,outlier_low,-76.0878
6982,energy,missing_value,
6987,energy,missing_value,
6989,danceability,missing_value,
6992,valence,missing_value,
6997,liveness,missing_value,
6998,speechiness,missing_value,
7000,speechiness,missing_value,
7012,liveness,missing_value,
7014,energy,missing_value,
7026,tempo,missing_value,
7027,instrumentalness,missing_value,
7028,liveness,missing_value,
7029,danceability,missing_value,
7035,energy,missing_value,
7053,instrumentalness,missing_value,
7056,danceability,outlier_low,-0.1440
7060,valence,outlier_low,-0.0925
7066,loudness,missing_value,
7069,tempo,missing_value,
7074,loudness,outlier_low,-80.0069
7078,valence,missing_value,
7079,tempo,missing_value,
7081,loudness,outlier_high,2.6674
7083,acousticness,missing_value,
7084,valence,missing_value,
7087,tempo,outlier_low,14.7162
7087,valence,missing_value,
7088,danceability,missing_value,
7092,energy,missing_value,
7094,danceability,missing_value,
7099,loudness,missing_value,
7104,liveness,missing_value,
7106,danceability,outlier_low,-0.1744
7107,energy,missing_value,
7110,tempo,outlier_high,360.6736
7112,liveness,missing_value,
7114,liveness,missing_value,
7123,danceability,missing_value,
7128,liveness,missing_value,
7130,energy,missing_value,
7130,instrumentalness,missing_value,
7131,energy,missing_value,
7131,tempo,outlier_low,9.3893
7133,liveness,missing_value,
7138,acousticness,missing_value,
7139,loudness,missing_value,
7140,tempo,missing_value,
7142,acousticness,missing_value,
7149,danceability,missing_value,
7149,speechiness,missing_value,
7152,energy,outlier_low,-0.1328
7153,loudness,missing_value,
7157,danceability,missing_value,
7160,tempo,missing_value,
7161,danceability,missing_value,
7165,acousticness,missing_value,
7167,tempo,outlier_low,12.2247
7168,tempo,missing_value,
7184,energy,missing_value,
7185,danceability,missing_value,
7196,liveness,missing_value,
7202,valence,missing_value,
7206,speechiness,missing_value,
7208,loudness,outlier_low,-72.5920
7212,instrumentalness,missing_value,
7213,energy,missing_value,
7223,acousticness,missing_value,
7226,liveness,missing_value,
7226,instrumentalness,missing_value,
7238,energy,outlier_low,-0.0424
7238,speechiness,missing_value,
7239,acousticness,missing_value,
7242,valence,missing_value,
7245,tempo,missing_value,
7248,speechiness,missing_value,
7253,energy,outlier_high,1.2526
7254,instrumentalness,missing_value,
7257,acousticness,missing_value,
7258,acousticness,missing_value,
7266,energy,missing_value,
7267,liveness,missing_value,
7269,tempo,outlier_low,10.0456
7270,tempo,missing_value,
7279,energy,missing_value,
7280,loudness,missing_value,
7287,valence,missing_value,
7289,loudness,outlier_high,2.2115
7294,valence,missing_value,
7294,liveness,missing_value,
7297,valence,missing_value,
7301,speechiness,missing_value,
7312,loudness,missing_value,
7321,danceability,missing_value,
7324,acousticness,missing_value,
7334,liveness,missing_value,
7335,loudness,missing_value,
7335,instrumentalness,missing_value,
7341,acousticness,missing_value,
7342,instrumentalness,missing_value,
7342,danceability,missing_value,
7343,danceability,missing_value,
7347,acousticness,missing_value,
7349,tempo,missing_value,
7355,valence,missing_value,
7356,liveness,missing_value,
7362,acousticness,missing_value,
7362,energy,missing_value,
7369,liveness,missing_value,
7375,danceability,missing_value,
7376,acousticness,missing_value,
7376,loudness,missing_value,
7377,energy,missing_value,
7380,tempo,missing_value,
7384,instrumentalness,missing_value,
7388,speechiness,missing_value,
7390,energy,missing_value,
7391,tempo,missing_value,
7394,loudness,missing_value,
7398,valence,missing_value,
7401,speechiness,missing_value,
7401,energy,missing_value,
7402,speechiness,missing_value,
7403,acousticness,missing_value,
7405,energy,missing_value,
7406,loudness,missing_value,
7415,acousticness,missing_value,
7416,tempo,missing_value,
7421,acousticness,missing_value,
7423,liveness,missing_value,
7425,danceability,missing_value,
7426,acousticness,missing_value,
7428,tempo,outlier_low,5.3031
7439,instrumentalness,missing_value,
7445,loudness,missing_value,
7455,danceability,missing_value,
7459,acousticness,missing_value,
7461,loudness,missing_value,
7464,energy,missing_value,
7473,speechiness,missing_value,
7477,loudness,missing_value,
7481,instrumentalness,missing_value,
7482,energy,missing_value,
7486,acousticness,missing_value,
7489,tempo,missing_value,
7492,acousticness,missing_value,
7498,danceability,missing_value,
7502,loudness,missing_value,
7512,instrumentalness,missing_value,
7513,energy,missing_value,
7518,danceability,outlier_low,-0.1779
7524,valence,outlier_high,1.1398
7527,speechiness,missing_value,
7532,loudness,missing_value,
7533,acousticness,missing_value,
7534,tempo,outlier_low,5.2314
7544,danceability,missing_value,
7545,energy,missing_value,
7547,energy,missing_value,
7548,loudness,missing_value,
7552,acousticness,missing_value,
7555,loudness,missing_value,
7561,tempo,missing_value,
7565,valence,outlier_high,1.2121
7567,acousticness,missing_value,
7572,energy,missing_value,
7573,instrumentalness,missing_value,
7578,loudness,missing_value,
7578,speechiness,missing_value,
7581,tempo,missing_value,
7590,tempo,missing_value,
7595,loudness,missing_value,
7599,valence,outlier_low,-0.0551
7603,acousticness,missing_value,
7604,valence,missing_value,
7604,tempo,missing_value,
7605,speechiness,missing_value,
7606,speechiness,missing_value,
7615,tempo,missing_value,
7617,valence,missing_value,
7617,instrumentalness,missing_value,
7620,speechiness,missing_value,
7631,valence,outlier_high,1.4448
7633,energy,missing_value,
7635,tempo,missing_value,
7648,loudness,missing_value,
7650,tempo,missing_value,
7653,tempo,missing_value,
7655,danceability,missing_value,
7661,valence,missing_value,
7665,loudness,missing_value,
7667,danceability,missing_value,
7670,tempo,missing_value,
7674,speechiness,missing_value,
7677,valence,outlier_low,-0.2501
7683,acousticness,missing_value,
7684,acousticness,missing_value,
7684,valence,missing_value,
7687,loudness,outlier_high,9.1182
7695,instrumentalness,missing_value,
7696,loudness,missing_value,
7706,valence,missing_value,
7707,acousticness,missing_value,
7708,danceability,missing_value,
7710,tempo,outlier_high,348.6569
7714,liveness,missing_value,
7720,danceability,missing_value,
7726,loudness,outlier_low,-83.9602
7727,loudness,missing_value,
7734,danceability,missing_value,
7742,energy,missing_value,
7742,loudness,missing_value,
7743,energy,missing_value,
7745,loudness,missing_value,
7749,valence,missing_value,
7750,valence,missing_value,
7750,liveness,missing_value,
7757,speechiness,missing_value,
7758,loudness,missing_value,
7759,valence,missing_value,
7762,instrumentalness,missing_value,
7765,valence,missing_value,
7766,liveness,missing_value,
7768,liveness,missing_value,
7769,tempo,missing_value,
7776,energy,missing_value,
7778,speechiness,missing_value,
7782,valence,outlier_low,-0.2206
7797,instrumentalness,missing_value,
7800,loudness,missing_value,
7800,instrumentalness,missing_value,
7809,valence,missing_value,
7811,danceability,missing_value,
7815,loudness,missing_value,
7820,instrumentalness,missing_value,
7822,liveness,missing_value,
7824,danceability,missing_value,
7824,acousticness,missing_value,
7825,valence,missing_value,
7827,liveness,missing_value,
7833,energy,missing_value,
7840,valence,outlier_low,-0.1174
7845,liveness,missing_value,
7850,tempo,missing_value,
7851,danceability,missing_value,
7851,tempo,missing_value,
7852,loudness,missing_value,
7854,tempo,missing_value,
7869,acousticness,missing_value,
7875,liveness,missing_value,
7880,valence,missing_value,
7885,energy,outlier_low,-0.0697
7887,danceability,missing_value,
7890,loudness,outlier_low,-75.0496
7895,energy,missing_value,
7896,danceability,missing_value,
7904,danceability,missing_value,
7905,liveness,missing_value,
7906,loudness,missing_value,
7911,valence,missing_value,
7916,liveness,missing_value,
7916,energy,missing_value,
7918,speechiness,missing_value,
7921,instrumentalness,missing_value,
7922,speechiness,missing_value,
7926,tempo,missing_value,
7933,valence,outlier_high,1.3520
7935,energy,outlier_low,-0.0317
7937,acousticness,missing_value,
7938,energy,missing_value,
7943,valence,outlier_low,-0.0371
7945,tempo,outlier_high,354.6448
7947,energy,missing_value,
7949,energy,missing_value,
7950,instrumentalness,missing_value,
7950,tempo,missing_value,
7951,liveness,missing_value,
7952,liveness,missing_value,
7955,loudness,missing_value,
7957,tempo,outlier_high,317.8361
7960,acousticness,missing_value,
7967,loudness,missing_value,
7969,energy,outlier_high,1.3383
7970,liveness,missing_value,
7972,energy,missing_value,
7973,danceability,missing_value,
7982,valence,missing_value,
7983,instrumentalness,missing_value,
7983,acousticness,missing_value,
7984,speechiness,missing_value,
7993,valence,outlier_high,1.3936
7998,tempo,missing_value,
8002,danceability,missing_value,
8005,loudness,missing_value,
8006,danceability,outlier_low,-0.1158
8006,tempo,missing_value,
8012,speechiness,missing_value,
8012,energy,missing_value,
8019,valence,missing_value,
8023,danceability,missing_value,
8024,loudness,missing_value,
8026,loudness,outlier_low,-70.6832
8029,energy,missing_value,
8031,energy,missing_value,
8033,speechiness,missing_value,
8043,instrumentalness,missing_value,
8044,acousticness,missing_value,
8045,energy,missing_value,
8046,speechiness,missing_value,
8060,energy,missing_value,
8065,speechiness,missing_value,
8065,valence,missing_value,
8067,energy,outlier_low,-0.1741
8069,danceability,missing_value,
8074,tempo,missing_value,
8078,speechiness,missing_value,
8078,danceability,missing_value,
8082,danceability,missing_value,
8089,energy,missing_value,
8097,energy,missing_value,
8101,valence,missing_value,
8107,tempo,missing_value,
8108,tempo,missing_value,
8109,liveness,missing_value,
8109,danceability,missing_value,
8110,energy,missing_value,
8110,valence,missing_value,
8121,tempo,missing_value,
8123,valence,missing_value,
8125,loudness,missing_value,
8125,instrumentalness,missing_value,
8136,acousticness,missing_value,
8144,loudness,missing_value,
8148,liveness,missing_value,
8150,speechiness,missing_value,
8151,valence,missing_value,
8152,tempo,missing_value,
8154,speechiness,missing_value,
8155,loudness,missing_value,
8157,instrumentalness,missing_value,
8160,liveness,missing_value,
8161,liveness,missing_value,
8162,danceability,missing_value,
8163,speechiness,missing_value,
8168,loudness,missing_value,
8169,danceability,missing_value,
8174,liveness,missing_value,
8181,instrumentalness,missing_value,
8186,tempo,missing_value,
8192,speechiness,missing_value,
8192,valence,missing_value,
8195,instrumentalness,missing_value,
8202,speechiness,missing_value,
8206,instrumentalness,missing_value,
8206,loudness,outlier_low,-73.8731
8208,speechiness,missing_value,
8212,instrumentalness,missing_value,
8214,tempo,missing_value,
8215,liveness,missing_value,
8216,loudness,outlier_high,8.8053
8222,danceability,outlier_low,-0.0482
8225,energy,outlier_high,1.3158
8226,loudness,missing_value,
8227,liveness,missing_value,
8228,tempo,missing_value,
8231,speechiness,missing_value,
8236,energy,missing_value,
8238,danceability,outlier_low,-0.2420
8244,valence,missing_value,
8247,instrumentalness,missing_value,
8248,energy,missing_value,
8249,valence,missing_value,
8256,loudness,outlier_low,-85.5882
8259,loudness,missing_value,
8261,loudness,missing_value,
8263,tempo,outlier_high,385.2305
8264,loudness,missing_value,
8264,instrumentalness,missing_value,
8270,speechiness,missing_value,
8270,tempo,missing_value,
8274,speechiness,missing_value,
8277,instrumentalness,missing_value,
8282,acousticness,missing_value,
8287,acousticness,missing_value,
8293,tempo,missing_value,
8298,tempo,missing_value,
8302,liveness,missing_value,
8310,valence,outlier_high,1.2243
8311,energy,missing_value,
8313,valence,missing_value,
8314,tempo,missing_value,
8319,valence,outlier_high,1.4794
8321,instrumentalness,missing_value,
8322,acousticness,missing_value,
8323,valence,missing_value,
8327,acousticness,missing_value,
8331,valence,missing_value,
8337,liveness,missing_value,
8339,speechiness,missing_value,
8340,instrumentalness,missing_value,
8342,tempo,missing_value,
8343,danceability,missing_value,
8346,liveness,missing_value,
8347,tempo,missing_value,
8350,energy,missing_value,
8354,speechiness,missing_value,
8354,danceability,missing_value,
8355,instrumentalness,missing_value,
8356,instrumentalness,missing_value,
8357,danceability,outlier_low,-0.2869
8361,energy,missing_value,
8363,liveness,missing_value,
8367,valence,missing_value,
8368,loudness,outlier_low,-85.2759
8369,speechiness,missing_value,
8370,danceability,missing_value,
8372,liveness,missing_value,
8382,danceability,missing_value,
8384,instrumentalness,missing_value,
8384,energy,missing_value,
8385,tempo,missing_value,
8386,acousticness,missing_value,
8388,liveness,missing_value,
8390,danceability,missing_value,
8392,liveness,missing_value,
8397,loudness,outlier_high,1.9804
8400,loudness,outlier_low,-75.1717
8411,valence,missing_value,
8411,speechiness,missing_value,
8415,speechiness,missing_value,
8415,liveness,missing_value,
8417,energy,missing_value,
8421,liveness,missing_value,
8422,instrumentalness,missing_value,
8424,valence,missing_value,
8426,loudness,missing_value,
8427,tempo,missing_value,
8429,loudness,missing_value,
8430,energy,outlier_low,-0.1583
8432,loudness,missing_value,
8435,loudness,missing_value,
8437,valence,missing_value,
8438,instrumentalness,missing_value,
8443,valence,missing_value,
8448,instrumentalness,missing_value,
8448,speechiness,missing_value,
8448,tempo,missing_value,
8449,loudness,missing_value,
8452,valence,missing_value,
8453,loudness,missing_value,
8458,tempo,outlier_low,2.7893
8464,valence,missing_value,
8467,speechiness,missing_value,
8469,liveness,missing_value,
8471,valence,missing_value,
8471,acousticness,missing_value,
8473,valence,missing_value,
8474,tempo,missing_value,
8476,energy,missing_value,
8478,tempo,missing_value,
8480,liveness,missing_value,
8481,loudness,outlier_low,-73.8986
8481,speechiness,missing_value,
8482,acousticness,missing_value,
8482,valence,missing_value,
8483,loudness,missing_value,
8484,liveness,missing_value,
8486,energy,missing_value,
8489,energy,missing_value,
8498,tempo,missing_value,
8499,acousticness,missing_value,
8504,energy,missing_value,
8505,acousticness,missing_value,
8506,loudness,missing_value,
8507,liveness,missing_value,
8512,instrumentalness,missing_value,
8514,valence,missing_value,
8515,danceability,missing_value,
8517,valence,missing_value,
8519,tempo,missing_value,
8527,tempo,missing_value,
8527,energy,missing_value,
8528,loudness,missing_value,
8528,liveness,missing_value,
8530,tempo,missing_value,
8531,speechiness,missing_value,
8532,speechiness,missing_value,
8532,tempo,outlier_high,360.8609
8536,loudness,missing_value,
8538,liveness,missing_value,
8539,instrumentalness,missing_value,
8548,energy,missing_value,
8550,energy,missing_value,
8554,danceability,missing_value,
8558,tempo,missing_value,
8559,instrumentalness,missing_value,
8572,valence,missing_value,
8573,liveness,missing_value,
8574,speechiness,missing_value,
8577,speechiness,missing_value,
8580,loudness,missing_value,
8583,loudness,missing_value,
8585,tempo,missing_value,
8587,loudness,missing_value,
8590,danceability,outlier_low,-0.2384
8597,liveness,missing_value,
8604,speechiness,missing_value,
8608,speechiness,missing_value,
8611,danceability,missing_value,
8618,loudness,missing_value,
8635,liveness,missing_value,
8638,liveness,missing_value,
8642,tempo,outlier_low,3.9745
8653,loudness,missing_value,
8655,tempo,missing_value,
8657,acousticness,missing_value,
8657,speechiness,missing_value,
8669,energy,missing_value,
8669,speechiness,missing_value,
8670,liveness,missing_value,
8672,speechiness,missing_value,
8680,danceability,missing_value,
8685,acousticness,missing_value,
8685,danceability,missing_value,
8695,danceability,missing_value,
8698,instrumentalness,missing_value,
8698,danceability,outlier_high,1.4649
8707,loudness,outlier_low,-84.7199
8716,energy,missing_value,
8721,danceability,missing_value,
8735,danceability,missing_value,
8744,valence,missing_value,
8744,instrumentalness,missing_value,
8752,loudness,missing_value,
8752,tempo,outlier_low,0.8722
8752,instrumentalness,missing_value,
8753,speechiness,missing_value,
8754,instrumentalness,missing_value,
8756,speechiness,missing_value,
8757,energy,missing_value,
8770,energy,missing_value,
8781,liveness,missing_value,
8783,speechiness,missing_value,
8787,acousticness,missing_value,
8789,speechiness,missing_value,
8793,instrumentalness,missing_value,
8794,acousticness,missing_value,
8799,acousticness,missing_value,
8800,danceability,outlier_low,-0.0477
8802,valence,missing_value,
8805,tempo,missing_value,
8807,instrumentalness,missing_value,
8813,tempo,missing_value,
8814,tempo,missing_value,
8815,tempo,missing_value,
8816,loudness,missing_value,
8818,instrumentalness,missing_value,
8823,danceability,missing_value,
8828,instrumentalness,missing_value,
8830,danceability,missing_value,
8833,tempo,outlier_low,0.7412
8839,speechiness,missing_value,
8839,instrumentalness,missing_value,
8840,danceability,missing_value,
8847,tempo,missing_value,
8851,valence,missing_value,
8858,energy,missing_value,
8860,liveness,missing_value,
8861,valence,missing_value,
8862,loudness,outlier_high,4.7202
8865,instrumentalness,missing_value,
8866,instrumentalness,missing_value,
8869,tempo,missing_value,
8869,valence,missing_value,
8875,valence,missing_value,
8879,energy,outlier_low,-0.2405
8880,danceability,missing_value,
8887,speechiness,missing_value,
8889,energy,missing_value,
8896,loudness,missing_value,
8899,speechiness,missing_value,
8908,energy,missing_value,
8919,energy,missing_value,
8920,tempo,missing_value,
8921,instrumentalness,missing_value,
8923,liveness,missing_value,
8925,instrumentalness,missing_value,
8927,acousticness,missing_value,
8934,energy,missing_value,
8944,loudness,missing_value,
8948,instrumentalness,missing_value,
8952,valence,missing_value,
8954,tempo,missing_value,
8955,speechiness,missing_value,
8956,loudness,missing_value,
8956,speechiness,missing_value,
8960,acousticness,missing_value,
8972,loudness,missing_value,
8978,speechiness,missing_value,
8981,loudness,missing_value,
8982,danceability,missing_value,
8989,liveness,missing_value,
8990,danceability,missing_value,
8990,valence,outlier_low,-0.0519
8993,valence,missing_value,
8994,liveness,missing_value,
8998,liveness,missing_value,
8999,danceability,outlier_low,-0.1574
9001,loudness,outlier_low,-86.8855
9003,energy,outlier_high,1.0904
9004,loudness,missing_value,
9004,energy,outlier_high,1.1195
9011,valence,missing_value,
9015,valence,outlier_high,1.0936
9015,energy,missing_value,
9016,loudness,missing_value,
9023,acousticness,missing_value,
9024,energy,outlier_low,-0.1035
9024,danceability,missing_value,
9025,instrumentalness,missing_value,
9026,tempo,missing_value,
9026,energy,missing_value,
9031,acousticness,missing_value,
9046,speechiness,missing_value,
9049,speechiness,missing_value,
9053,tempo,outlier_high,328.9333
9058,danceability,missing_value,
9061,energy,missing_value,
9062,valence,missing_value,
9064,tempo,missing_value,
9066,energy,outlier_high,1.2181
9067,tempo,outlier_low,9.0926
9070,instrumentalness,missing_value,
9072,speechiness,missing_value,
9084,valence,missing_value,
9084,acousticness,missing_value,
9086,energy,missing_value,
9089,tempo,missing_value,
9090,danceability,missing_value,
9095,acousticness,missing_value,
9095,energy,outlier_low,-0.0126
9096,valence,missing_value,
9098,loudness,missing_value,
9099,loudness,missing_value,
9101,energy,missing_value,
9103,energy,missing_value,
9105,valence,missing_value,
9117,danceability,missing_value,
9121,energy,missing_value,
9125,danceability,missing_value,
9128,energy,missing_value,
9129,danceability,outlier_high,1.4845
9134,acousticness,missing_value,
9136,instrumentalness,missing_value,
9137,speechiness,missing_value,
9139,danceability,missing_value,
9142,tempo,outlier_low,2.8747
9146,tempo,missing_value,
9159,loudness,missing_value,
9163,tempo,missing_value,
9163,acousticness,missing_value,
9163,liveness,missing_value,
9169,speechiness,missing_value,
9172,valence,missing_value,
9172,speechiness,missing_value,
9172,loudness,missing_value,
9173,instrumentalness,missing_value,
9174,speechiness,missing_value,
9176,danceability,missing_value,
9178,speechiness,missing_value,
9180,energy,missing_value,
9180,liveness,missing_value,
9186,acousticness,missing_value,
9192,instrumentalness,missing_value,
9195,energy,outlier_high,1.0555
9197,energy,outlier_low,-0.2400
9198,tempo,missing_value,
9207,valence,missing_value,
9208,acousticness,missing_value,
9209,energy,missing_value,
9210,valence,missing_value,
9211,tempo,missing_value,
9219,tempo,missing_value,
9224,loudness,missing_value,
9225,acousticness,missing_value,
9230,loudness,missing_value,
9232,tempo,missing_value,
9241,danceability,outlier_high,1.3650
9243,instrumentalness,missing_value,
9243,energy,missing_value,
9246,tempo,missing_value,
9256,instrumentalness,missing_value,
9257,loudness,missing_value,
9258,valence,outlier_low,-0.2903
9260,danceability,missing_value,
9264,danceability,missing_value,
9266,loudness,missing_value,
9266,acousticness,missing_value,
9268,energy,missing_value,
9269,acousticness,missing_value,
9270,acousticness,missing_value,
9271,loudness,missing_value,
9276,liveness,missing_value,
9280,acousticness,missing_value,
9286,tempo,missing_value,
9291,tempo,outlier_high,404.8956
9292,loudness,outlier_high,1.7261
9295,acousticness,missing_value,
9299,liveness,missing_value,
9299,valence,missing_value,
9302,danceability,outlier_low,-0.2764
9304,acousticness,missing_value,
9305,acousticness,missing_value,
9315,valence,missing_value,
9316,speechiness,missing_value,
9332,danceability,outlier_high,1.2239
9332,speechiness,missing_value,
9334,energy,missing_value,
9338,danceability,outlier_low,-0.0230
9338,tempo,outlier_high,394.5956
9339,valence,missing_value,
9342,danceability,missing_value,
9342,instrumentalness,missing_value,
9347,liveness,missing_value,
9355,speechiness,missing_value,
9357,valence,missing_value,
9358,tempo,missing_value,
9359,energy,missing_value,
9362,valence,missing_value,
9363,loudness,outlier_low,-76.8372
9365,acousticness,missing_value,
9366,loudness,missing_value,
9367,instrumentalness,missing_value,
9368,energy,missing_value,
9370,tempo,missing_value,
9379,loudness,missing_value,
9379,valence,missing_value,
9382,energy,outlier_high,1.3574
9383,loudness,missing_value,
9393,energy,outlier_low,-0.2872
9401,instrumentalness,missing_value,
9403,acousticness,missing_value,
9405,acousticness,missing_value,
9409,instrumentalness,missing_value,
9416,energy,outlier_high,1.1370
9417,tempo,missing_value,
9426,tempo,missing_value,
9429,liveness,missing_value,
9433,tempo,missing_value,
9434,liveness,missing_value,
9437,liveness,missing_value,
9443,speechiness,missing_value,
9443,acousticness,missing_value,
9445,loudness,outlier_high,2.9642
9446,speechiness,missing_value,
9449,danceability,outlier_high,1.4740
9452,speechiness,missing_value,
9457,valence,missing_value,
9459,instrumentalness,missing_value,
9463,tempo,missing_value,
9465,energy,missing_value,
9471,danceability,missing_value,
9473,loudness,outlier_high,7.4274
9476,danceability,missing_value,
9477,valence,missing_value,
9479,instrumentalness,missing_value,
9480,valence,missing_value,
9490,energy,missing_value,
9502,energy,missing_value,
9502,tempo,outlier_low,11.8563
9504,speechiness,missing_value,
9505,acousticness,missing_value,
9506,danceability,missing_value,
9508,loudness,missing_value,
9514,loudness,missing_value,
9514,valence,outlier_high,1.1018
9515,danceability,missing_value,
9519,valence,outlier_low,-0.2615
9519,speechiness,missing_value,
9519,energy,missing_value,
9520,tempo,missing_value,
9527,energy,missing_value,
9533,valence,outlier_high,1.4548
9535,acousticness,missing_value,
9538,liveness,missing_value,
9545,energy,outlier_low,-0.0347
9548,instrumentalness,missing_value,
9550,instrumentalness,missing_value,
9555,liveness,missing_value,
9558,loudness,missing_value,
9567,acousticness,missing_value,
9568,acousticness,missing_value,
9576,tempo,missing_value,
9578,loudness,missing_value,
9579,liveness,missing_value,
9584,valence,outlier_high,1.1546
9595,speechiness,missing_value,
9599,speechiness,missing_value,
9604,danceability,missing_value,
9606,danceability,missing_value,
9607,loudness,outlier_low,-81.0711
9607,valence,missing_value,
9609,loudness,missing_value,
9609,liveness,missing_value,
9610,loudness,outlier_high,5.3289
9611,danceability,missing_value,
9611,liveness,missing_value,
9619,tempo,outlier_low,8.3058
9625,energy,missing_value,
9634,liveness,missing_value,
9641,valence,missing_value,
9645,danceability,missing_value,
9656,liveness,missing_value,
9656,tempo,missing_value,
9657,loudness,outlier_low,-78.1946
9664,energy,missing_value,
9670,loudness,missing_value,
9672,tempo,missing_value,
9672,energy,missing_value,
9680,speechiness,missing_value,
9681,speechiness,missing_value,
9687,valence,outlier_high,1.2275
9691,instrumentalness,missing_value,
9696,energy,missing_value,
9697,liveness,missing_value,
9698,speechiness,missing_value,
9700,energy,missing_value,
9700,speechiness,missing_value,
9700,valence,missing_value,
9701,danceability,outlier_high,1.3146
9706,speechiness,missing_value,
9708,instrumentalness,missing_value,
9716,liveness,missing_value,
9723,valence,outlier_high,1.2289
9725,liveness,missing_value,
9727,tempo,missing_value,
9729,tempo,outlier_low,8.6506
9731,danceability,outlier_high,1.1123
9734,acousticness,missing_value,
9735,loudness,missing_value,
9738,acousticness,missing_value,
9742,loudness,missing_value,
9747,danceability,missing_value,
9752,loudness,missing_value,
9757,valence,missing_value,
9772,loudness,missing_value,
9774,instrumentalness,missing_value,
9777,danceability,outlier_high,1.0856
9779,speechiness,missing_value,
9780,instrumentalness,missing_value,
9780,tempo,missing_value,
9781,energy,missing_value,
9783,energy,outlier_high,1.2568
9786,instrumentalness,missing_value,
9791,speechiness,missing_value,
9794,valence,missing_value,
9794,instrumentalness,missing_value,
9796,valence,missing_value,
9799,danceability,missing_value,
9800,danceability,missing_value,
9804,instrumentalness,missing_value,
9805,tempo,missing_value,
9818,danceability,missing_value,
9825,danceability,outlier_low,-0.0572
9837,valence,missing_value,
9839,danceability,missing_value,
9848,speechiness,missing_value,
9850,acousticness,missing_value,
9852,instrumentalness,missing_value,
9854,liveness,missing_value,
9858,loudness,missing_value,
9861,instrumentalness,missing_value,
9863,acousticness,missing_value,
9867,energy,outlier_low,-0.1579
9868,energy,outlier_low,-0.2650
9870,speechiness,missing_value,
9872,tempo,missing_value,
9879,instrumentalness,missing_value,
9880,valence,missing_value,
9884,loudness,missing_value,
9891,instrumentalness,missing_value,
9892,energy,missing_value,
9892,valence,missing_value,
9895,instrumentalness,missing_value,
9897,danceability,missing_value,
9898,tempo,missing_value,
9902,danceability,missing_value,
9903,danceability,missing_value,
9908,tempo,missing_value,
9910,loudness,outlier_high,2.3013
9912,energy,missing_value,
9912,instrumentalness,missing_value,
9914,speechiness,missing_value,
9922,acousticness,missing_value,
9923,speechiness,missing_value,
9927,valence,missing_value,
9928,tempo,missing_value,
9932,loudness,missing_value,
9934,danceability,missing_value,
9935,danceability,missing_value,
9937,liveness,missing_value,
9942,valence,missing_value,
9943,instrumentalness,missing_value,
9948,loudness,missing_value,
9950,acousticness,missing_value,
9959,instrumentalness,missing_value,
9960,acousticness,missing_value,
9960,tempo,missing_value,
9960,valence,outlier_low,-0.0359
9962,acousticness,missing_value,
9980,instrumentalness,missing_value,
9989,instrumentalness,missing_value,
9993,tempo,outlier_high,324.0923
9996,energy,missing_value,
9998,valence,missing_value,
10001,danceability,missing_value,
10014,loudness,missing_value,
10016,speechiness,missing_value,
10018,liveness,missing_value,
10020,acousticness,missing_value,
10032,instrumentalness,missing_value,
10041,valence,outlier_low,-0.0388
10046,loudness,outlier_high,8.3956
10057,instrumentalness,missing_value,
10062,valence,missing_value,
10063,valence,outlier_low,-0.1884
10072,instrumentalness,missing_value,
10073,energy,missing_value,
10073,tempo,missing_value,
10074,energy,missing_value,
10074,valence,missing_value,
10075,acousticness,missing_value,
10079,danceability,missing_value,
10081,valence,missing_value,
10082,acousticness,missing_value,
10088,speechiness,missing_value,
10088,danceability,missing_value,
10094,tempo,missing_value,
10094,instrumentalness,missing_value,
10099,energy,outlier_high,1.0669
10101,instrumentalness,missing_value,
10103,danceability,missing_value,
10108,acousticness,missing_value,
10117,liveness,missing_value,
10117,speechiness,missing_value,
10120,danceability,missing_value,
10122,valence,outlier_low,-0.1452
10126,valence,missing_value,
10127,valence,missing_value,
10127,liveness,missing_value,
10127,danceability,missing_value,
10128,danceability,missing_value,
10128,valence,missing_value,
10133,instrumentalness,missing_value,
10134,danceability,missing_value,
10140,valence,outlier_high,1.4200
10143,energy,missing_value,
10145,speechiness,missing_value,
10145,acousticness,missing_value,
10148,tempo,missing_value,
10151,instrumentalness,missing_value,
10151,danceability,missing_value,
10156,danceability,missing_value,
10161,loudness,missing_value,
10163,liveness,missing_value,
10166,loudness,missing_value,
10166,valence,missing_value,
10167,energy,missing_value,
10169,valence,missing_value,
10172,liveness,missing_value,
10177,energy,missing_value,
10193,acousticness,missing_value,
10195,danceability,missing_value,
10198,loudness,missing_value,
10210,loudness,outlier_high,3.8356
10215,loudness,missing_value,
10215,danceability,missing_value,
10217,danceability,missing_value,
10218,liveness,missing_value,
10225,energy,outlier_low,-0.1156
10228,acousticness,missing_value,
10229,liveness,missing_value,
10230,tempo,outlier_low,14.8812
10231,danceability,outlier_high,1.3583
10235,danceability,missing_value,
10236,energy,missing_value,
10240,liveness,missing_value,
10246,liveness,missing_value,
10248,loudness,outlier_low,-74.8886
10253,danceability,missing_value,
10255,loudness,outlier_low,-80.3974
10257,valence,missing_value,
10260,instrumentalness,missing_value,
10261,tempo,outlier_low,4.9695
10264,speechiness,missing_value,
10264,danceability,missing_value,
10267,energy,outlier_low,-0.1325
10269,instrumentalness,missing_value,
10269,loudness,missing_value,
10270,loudness,missing_value,
10274,danceability,missing_value,
10277,speechiness,missing_value,
10278,speechiness,missing_value,
10279,speechiness,missing_value,
10291,tempo,missing_value,
10293,valence,missing_value,
10296,loudness,outlier_low,-70.7211
10296,acousticness,missing_value,
10301,acousticness,missing_value,
10310,loudness,missing_value,
10315,acousticness,missing_value,
10315,instrumentalness,missing_value,
10318,energy,missing_value,
10320,speechiness,missing_value,
10324,speechiness,missing_value,
10328,tempo,missing_value,
10334,energy,missing_value,
10335,speechiness,missing_value,
10342,energy,missing_value,
10345,acousticness,missing_value,
10347,tempo,outlier_high,337.3525
10350,speechiness,missing_value,
10355,energy,missing_value,
10356,tempo,missing_value,
10361,valence,missing_value,
10365,tempo,missing_value,
10371,speechiness,missing_value,
10375,loudness,missing_value,
10378,instrumentalness,missing_value,
10380,instrumentalness,missing_value,
10382,loudness,missing_value,
10384,liveness,missing_value,
10385,valence,outlier_low,-0.2269
10385,energy,missing_value,
10386,danceability,missing_value,
10387,tempo,missing_value,
10394,liveness,missing_value,
10396,instrumentalness,missing_value,
10401,liveness,missing_value,
10402,loudness,missing_value,
10409,danceability,missing_value,
10413,energy,missing_value,
10415,speechiness,missing_value,
10416,valence,missing_value,
10417,liveness,missing_value,
10418,speechiness,missing_value,
10428,energy,missing_value,
10429,energy,missing_value,
10429,valence,missing_value,
10430,loudness,missing_value,
10432,tempo,outlier_low,1.2289
10438,energy,missing_value,
10440,acousticness,missing_value,
10450,liveness,missing_value,
10452,speechiness,missing_value,
10453,instrumentalness,missing_value,
10455,danceability,missing_value,
10455,tempo,missing_value,
10457,tempo,missing_value,
10459,acousticness,missing_value,
10460,energy,missing_value,
10462,loudness,outlier_low,-75.0909
10464,valence,outlier_low,-0.0878
10465,speechiness,missing_value,
10470,speechiness,missing_value,
10472,instrumentalness,missing_value,
10474,liveness,missing_value,
10475,acousticness,missing_value,
10479,tempo,outlier_high,381.3819
10480,energy,missing_value,
10480,tempo,missing_value,
10481,speechiness,missing_value,
10483,energy,missing_value,
10484,acousticness,missing_value,
10487,instrumentalness,missing_value,
10493,danceability,outlier_low,-0.1252
10497,valence,missing_value,
10497,acousticness,missing_value,
10502,loudness,missing_value,
10507,speechiness,missing_value,
10507,valence,missing_value,
10509,acousticness,missing_value,
10511,tempo,missing_value,
10512,loudness,missing_value,
10516,valence,missing_value,
10519,danceability,outlier_high,1.4083
10525,energy,missing_value,
10527,danceability,missing_value,
10533,energy,missing_value,
10538,instrumentalness,missing_value,
10538,speechiness,missing_value,
10539,liveness,missing_value,
10542,acousticness,missing_value,
10545,loudness,missing_value,
10547,acousticness,missing_value,
10548,valence,outlier_high,1.0920
10549,danceability,outlier_high,1.3294
10551,loudness,missing_value,
10551,instrumentalness,missing_value,
10560,valence,missing_value,
10562,speechiness,missing_value,
10565,speechiness,missing_value,
10571,loudness,outlier_high,9.6445
10573,danceability,outlier_high,1.3520
10575,energy,outlier_low,-0.0661
10578,danceability,missing_value,
10579,liveness,missing_value,
10589,instrumentalness,missing_value,
10590,danceability,outlier_low,-0.2863
10598,valence,outlier_high,1.4035
10599,danceability,missing_value,
10605,speechiness,missing_value,
10616,acousticness,missing_value,
10624,liveness,missing_value,
10626,tempo,missing_value,
10631,speechiness,missing_value,
10635,loudness,outlier_high,1.0870
10637,liveness,missing_value,
10644,liveness,missing_value,
10645,liveness,missing_value,
10646,tempo,missing_value,
10650,tempo,outlier_high,381.3985
10653,speechiness,missing_value,
10657,energy,missing_value,
10658,valence,missing_value,
10659,liveness,missing_value,
10662,tempo,missing_value,
10663,danceability,missing_value,
10667,valence,missing_value,
10669,valence,missing_value,
10674,tempo,missing_value,
10686,tempo,missing_value,
10690,instrumentalness,missing_value,
10699,loudness,missing_value,
10703,instrumentalness,missing_value,
10706,liveness,missing_value,
10707,energy,missing_value,
10710,valence,missing_value,
10713,instrumentalness,missing_value,
10715,instrumentalness,missing_value,
10716,acousticness,missing_value,
10724,speechiness,missing_value,
10724,tempo,missing_value,
10725,speechiness,missing_value,
10728,valence,missing_value,
10729,liveness,missing_value,
10736,tempo,outlier_low,12.3564
10740,valence,missing_value,
10741,valence,missing_value,
10744,instrumentalness,missing_value,
10748,loudness,outlier_high,9.8916
10749,valence,missing_value,
10752,valence,missing_value,
10754,acousticness,missing_value,
10756,liveness,missing_value,
10764,acousticness,missing_value,
10766,loudness,missing_value,
10768,energy,missing_value,
10771,liveness,missing_value,
10773,energy,missing_value,
10781,energy,missing_value,
10783,acousticness,missing_value,
10784,speechiness,missing_value,
10786,tempo,outlier_high,410.7227
10791,valence,missing_value,
10793,acousticness,missing_value,
10799,energy,missing_value,
10804,loudness,missing_value,
10805,loudness,missing_value,
10807,tempo,outlier_low,9.1793
10807,speechiness,missing_value,
10813,energy,missing_value,
10817,danceability,missing_value,
10819,speechiness,missing_value,
10820,tempo,missing_value,
10821,energy,outlier_high,1.4164
10828,loudness,missing_value,
10834,liveness,missing_value,
10836,energy,missing_value,
10839,danceability,outlier_low,-0.0739
10841,liveness,missing_value,
10843,instrumentalness,missing_value,
10844,acousticness,missing_value,
10845,loudness,outlier_high,2.3120
10847,valence,missing_value,
10850,tempo,outlier_high,404.5682
10851,instrumentalness,missing_value,
10851,tempo,outlier_low,4.1028
10855,loudness,missing_value,
10862,energy,outlier_high,1.1715
10862,loudness,missing_value,
10863,acousticness,missing_value,
10868,loudness,missing_value,
10874,energy,missing_value,
10875,loudness,missing_value,
10876,energy,missing_value,
10881,speechiness,missing_value,
10881,valence,missing_value,
10882,tempo,missing_value,
10883,acousticness,missing_value,
10891,energy,missing_value,
10892,loudness,missing_value,
10895,valence,missing_value,
10896,energy,missing_value,
10897,energy,missing_value,
10905,speechiness,missing_value,
10908,instrumentalness,missing_value,
10908,danceability,outlier_high,1.1157
10908,tempo,missing_value,
10910,liveness,missing_value,
10914,tempo,missing_value,
10915,acousticness,missing_value,
10917,loudness,missing_value,
10921,loudness,outlier_low,-77.9968
10923,energy,missing_value,
10926,instrumentalness,missing_value,
10927,liveness,missing_value,
10929,danceability,missing_value,
10938,danceability,missing_value,
10939,tempo,missing_value,
10946,valence,missing_value,
10948,liveness,missing_value,
10948,energy,outlier_high,1.1805
10949,danceability,missing_value,
10951,valence,outlier_low,-0.2462
10966,acousticness,missing_value,
10971,tempo,missing_value,
10971,acousticness,missing_value,
10972,acousticness,missing_value,
10975,liveness,missing_value,
10980,speechiness,missing_value,
10982,liveness,missing_value,
10983,loudness,missing_value,
10986,valence,outlier_low,-0.1489
10993,speechiness,missing_value,
10995,liveness,missing_value,
10996,liveness,missing_value,
11003,valence,outlier_high,1.4747
11004,liveness,missing_value,
11005,energy,outlier_high,1.0581
11005,valence,missing_value,
11018,valence,missing_value,
11020,instrumentalness,missing_value,
11021,tempo,missing_value,
11022,energy,missing_value,
11028,energy,missing_value,
11035,tempo,missing_value,
11037,speechiness,missing_value,
11052,loudness,outlier_low,-75.9209
11057,energy,missing_value,
11063,liveness,missing_value,
11066,danceability,missing_value,
11068,speechiness,missing_value,
11069,tempo,missing_value,
11072,tempo,outlier_high,330.0958
11072,valence,missing_value,
11080,liveness,missing_value,
11081,danceability,missing_value,
11083,danceability,outlier_low,-0.1070
11087,instrumentalness,missing_value,
11089,speechiness,missing_value,
11093,tempo,missing_value,
11100,valence,outlier_high,1.0776
11101,liveness,missing_value,
11107,danceability,missing_value,
11113,liveness,missing_value,
11116,energy,missing_value,
11117,valence,outlier_low,-0.2757
11117,liveness,missing_value,
11119,instrumentalness,missing_value,
11122,loudness,missing_value,
11131,valence,missing_value,
11132,loudness,missing_value,
11133,valence,missing_value,
11134,energy,missing_value,
11134,loudness,missing_value,
11135,danceability,missing_value,
11137,loudness,missing_value,
11140,danceability,missing_value,
11143,acousticness,missing_value,
11147,valence,missing_value,
11148,loudness,missing_value,
11153,danceability,missing_value,
11154,speechiness,missing_value,
11155,energy,missing_value,
11158,loudness,missing_value,
11162,speechiness,missing_value,
11162,tempo,missing_value,
11164,acousticness,missing_value,
11172,instrumentalness,missing_value,
11182,loudness,missing_value,
11182,liveness,missing_value,
11185,danceability,missing_value,
11185,acousticness,missing_value,
11187,instrumentalness,missing_value,
11187,acousticness,missing_value,
11187,loudness,missing_value,
11188,tempo,missing_value,
11190,tempo,missing_value,
11196,tempo,outlier_high,387.2208
11199,tempo,outlier_high,390.1762
11201,tempo,missing_value,
11202,liveness,missing_value,
11206,danceability,missing_value,
11215,danceability,outlier_low,-0.2225
11218,acousticness,missing_value,
11218,danceability,outlier_low,-0.0888
11219,energy,missing_value,
11222,energy,outlier_low,-0.1990
11222,danceability,missing_value,
11223,acousticness,missing_value,
11227,valence,missing_value,
11229,energy,outlier_high,1.2865
11231,danceability,outlier_low,-0.2143
11242,valence,missing_value,
11247,tempo,missing_value,
11250,acousticness,missing_value,
11251,liveness,missing_value,
11259,valence,missing_value,
11261,instrumentalness,missing_value,
11264,energy,missing_value,
11269,speechiness,missing_value,
11269,danceability,missing_value,
11271,tempo,outlier_high,315.5465
11272,speechiness,missing_value,
11274,danceability,missing_value,
11275,liveness,missing_value,
11284,loudness,missing_value,
11288,instrumentalness,missing_value,
11293,acousticness,missing_value,
11295,acousticness,missing_value,
11299,speechiness,missing_value,
11300,danceability,missing_value,
11310,tempo,missing_value,
11311,tempo,missing_value,
11312,danceability,outlier_low,-0.1935
11312,instrumentalness,missing_value,
11313,danceability,outlier_low,-0.2314
11314,energy,missing_value,
11314,acousticness,missing_value,
11316,energy,missing_value,
11320,tempo,missing_value,
11320,energy,missing_value,
11321,instrumentalness,missing_value,
11327,acousticness,missing_value,
11330,valence,missing_value,
11332,tempo,missing_value,
11333,liveness,missing_value,
11334,danceability,outlier_high,1.1747
11336,instrumentalness,missing_value,
11336,valence,missing_value,
11340,danceability,missing_value,
11342,instrumentalness,missing_value,
11344,valence,outlier_low,-0.2176
11345,tempo,outlier_high,347.8909
11350,acousticness,missing_value,
11354,loudness,missing_value,
11357,speechiness,missing_value,
11359,danceability,missing_value,
11360,speechiness,missing_value,
11364,instrumentalness,missing_value,
11365,loudness,missing_value,
11365,tempo,missing_value,
11365,danceability,missing_value,
11370,acousticness,missing_value,
11372,instrumentalness,missing_value,
11374,valence,missing_value,
11380,loudness,missing_value,
11381,acousticness,missing_value,
11381,tempo,outlier_high,308.7780
11388,valence,missing_value,
11391,tempo,missing_value,
11396,valence,missing_value,
11396,instrumentalness,missing_value,
11403,danceability,missing_value,
11413,danceability,missing_value,
11417,acousticness,missing_value,
11422,acousticness,missing_value,
11425,danceability,missing_value,
11428,liveness,missing_value,
11428,energy,missing_value,
11429,loudness,outlier_high,1.4239
11439,liveness,missing_value,
11443,energy,missing_value,
11451,tempo,missing_value,
11473,speechiness,missing_value,
11477,valence,missing_value,
11480,danceability,missing_value,
11480,speechiness,missing_value,
11481,danceability,missing_value,
11482,liveness,missing_value,
11482,instrumentalness,missing_value,
11487,liveness,missing_value,
11489,liveness,missing_value,
11498,danceability,missing_value,
11509,liveness,missing_value,
11509,danceability,missing_value,
11518,danceability,missing_value,
11521,valence,missing_value,
11521,energy,missing_value,
11522,liveness,missing_value,
11530,loudness,missing_value,
11536,tempo,missing_value,
11538,acousticness,missing_value,
11541,instrumentalness,missing_value,
11542,loudness,missing_value,
11550,valence,missing_value,
11551,instrumentalness,missing_value,
11553,acousticness,missing_value,
11556,tempo,missing_value,
11557,tempo,outlier_high,334.5703
11565,energy,missing_value,
11569,danceability,missing_value,
11571,energy,missing_value,
11576,liveness,missing_value,
11577,danceability,missing_value,
11579,loudness,missing_value,
11580,speechiness,missing_value,
11581,speechiness,missing_value,
11585,speechiness,missing_value,
11593,loudness,missing_value,
11595,valence,missing_value,
11606,energy,missing_value,
11608,acousticness,missing_value,
11614,speechiness,missing_value,
11623,valence,outlier_low,-0.0817
11625,liveness,missing_value,
11627,energy,missing_value,
11628,valence,outlier_low,-0.1415
11637,speechiness,missing_value,
11638,danceability,missing_value,
11638,energy,missing_value,
11639,valence,missing_value,
11641,energy,missing_value,
11646,loudness,missing_value,
11650,acousticness,missing_value,
11657,tempo,missing_value,
11659,speechiness,missing_value,
11661,tempo,missing_value,
11664,danceability,missing_value,
11665,loudness,missing_value,
11665,danceability,missing_value,
11669,energy,missing_value,
11670,instrumentalness,missing_value,
11673,energy,missing_value,
11673,tempo,missing_value,
11674,speechiness,missing_value,
11676,danceability,missing_value,
11694,energy,missing_value,
11696,acousticness,missing_value,
11700,danceability,missing_value,
11703,speechiness,missing_value,
11703,acousticness,missing_value,
11704,loudness,missing_value,
11705,tempo,missing_value,
11707,valence,missing_value,
11712,loudness,missing_value,
11713,danceability,missing_value,
11713,loudness,missing_value,
11714,energy,outlier_high,1.1094
11714,acousticness,missing_value,
11718,speechiness,missing_value,
11721,liveness,missing_value,
11723,liveness,missing_value,
11724,danceability,missing_value,
11729,energy,missing_value,
11733,valence,missing_value,
11733,acousticness,missing_value,
11736,acousticness,missing_value,
11745,speechiness,missing_value,
11745,energy,outlier_low,-0.1641
11747,valence,missing_value,
11748,danceability,missing_value,
11751,liveness,missing_value,
11752,liveness,missing_value,
11763,energy,outlier_high,1.4513
11764,energy,outlier_low,-0.1263
11775,energy,outlier_high,1.2953
11781,danceability,missing_value,
11781,energy,missing_value,
11785,loudness,missing_value,
11789,acousticness,missing_value,
11792,tempo,missing_value,
11795,acousticness,missing_value,
11799,tempo,outlier_low,5.1444
11801,speechiness,missing_value,
11804,tempo,missing_value,
11805,instrumentalness,missing_value,
11807,danceability,missing_value,
11807,loudness,missing_value,
11811,danceability,missing_value,
11816,energy,outlier_high,1.0676
11817,liveness,missing_value,
11819,tempo,missing_value,
11819,speechiness,missing_value,
11827,tempo,missing_value,
11840,tempo,missing_value,
11842,tempo,missing_value,
11843,liveness,missing_value,
11844,valence,missing_value,
11847,speechiness,missing_value,
11850,liveness,missing_value,
11851,valence,missing_value,
11856,speechiness,missing_value,
11858,danceability,missing_value,
11865,energy,missing_value,
11867,energy,missing_value,
11869,energy,missing_value,
11870,speechiness,missing_value,
11877,instrumentalness,missing_value,
11879,speechiness,missing_value,
11880,loudness,missing_value,
11880,liveness,missing_value,
11885,acousticness,missing_value,
11886,energy,missing_value,
11888,tempo,missing_value,
11889,loudness,missing_value,
11891,valence,missing_value,
11903,loudness,missing_value,
11906,instrumentalness,missing_value,
11908,danceability,missing_value,
11914,danceability,missing_value,
11915,danceability,outlier_high,1.2577
11918,acousticness,missing_value,
11920,loudness,outlier_high,6.2783
11921,energy,missing_value,
11922,valence,missing_value,
11924,loudness,missing_value,
11930,loudness,missing_value,
11931,liveness,missing_value,
11933,energy,missing_value,
11933,instrumentalness,missing_value,
11933,acousticness,missing_value,
11940,liveness,missing_value,
11949,danceability,missing_value,
11954,speechiness,missing_value,
11957,instrumentalness,missing_value,
11959,speechiness,missing_value,
11965,danceability,missing_value,
11965,energy,missing_value,
11965,liveness,missing_value,
11977,loudness,missing_value,
11982,instrumentalness,missing_value,
11988,liveness,missing_value,
11990,loudness,outlier_low,-85.1294
11994,danceability,missing_value,
11995,acousticness,missing_value,
11996,danceability,missing_value,
11997,loudness,missing_value,
11998,acousticness,missing_value,
12004,instrumentalness,missing_value,
12005,danceability,missing_value,
12006,energy,outlier_high,1.3615
12015,loudness,missing_value,
12017,instrumentalness,missing_value,
12020,instrumentalness,missing_value,
12026,instrumentalness,missing_value,
12027,tempo,outlier_low,7.7057
12035,danceability,missing_value,
12045,valence,missing_value,
12047,valence,outlier_low,-0.0723
12049,tempo,missing_value,
12064,tempo,missing_value,
12066,valence,missing_value,
12068,tempo,missing_value,
12076,valence,missing_value,
12083,tempo,missing_value,
12084,valence,missing_value,
12092,loudness,missing_value,
12096,speechiness,missing_value,
12097,energy,missing_value,
12108,tempo,missing_value,
12108,valence,outlier_high,1.2724
12116,loudness,missing_value,
12119,tempo,missing_value,
12126,liveness,missing_value,
12130,tempo,outlier_low,6.2617
12134,danceability,missing_value,
12140,tempo,missing_value,
12153,valence,missing_value,
12155,liveness,missing_value,
12156,valence,missing_value,
12157,speechiness,missing_value,
12164,valence,missing_value,
12169,acousticness,missing_value,
12174,loudness,missing_value,
12187,loudness,missing_value,
12187,acousticness,missing_value,
12189,valence,missing_value,
12189,danceability,missing_value,
12197,tempo,missing_value,
12198,liveness,missing_value,
12201,danceability,missing_value,
12204,valence,missing_value,
12205,energy,missing_value,
12206,speechiness,missing_value,
12211,speechiness,missing_value,
12214,tempo,missing_value,
12219,acousticness,missing_value,
12221,loudness,missing_value,
12222,energy,outlier_high,1.1191
12223,tempo,missing_value,
12226,instrumentalness,missing_value,
12227,energy,missing_value,
12232,liveness,missing_value,
12232,loudness,missing_value,
12233,speechiness,missing_value,
12235,energy,missing_value,
12242,danceability,missing_value,
12249,valence,missing_value,
12252,energy,outlier_high,1.1133
12257,loudness,missing_value,
12258,danceability,missing_value,
12260,energy,missing_value,
12266,danceability,missing_value,
12270,tempo,missing_value,
12273,energy,outlier_high,1.1927
12282,danceability,missing_value,
12283,liveness,missing_value,
12286,valence,missing_value,
12286,loudness,missing_value,
12291,liveness,missing_value,
12291,loudness,missing_value,
12291,danceability,outlier_low,-0.2666
12292,danceability,missing_value,
12293,danceability,missing_value,
12296,tempo,missing_value,
12299,tempo,missing_value,
12300,tempo,missing_value,
12301,acousticness,missing_value,
12301,danceability,missing_value,
12312,liveness,missing_value,
12314,instrumentalness,missing_value,
12318,liveness,missing_value,
12325,instrumentalness,missing_value,
12333,liveness,missing_value,
12346,danceability,outlier_high,1.1176
12348,acousticness,missing_value,
12350,loudness,outlier_low,-82.9551
12356,acousticness,missing_value,
12356,liveness,missing_value,
12356,energy,missing_value,
12373,energy,missing_value,
12374,liveness,missing_value,
12376,acousticness,missing_value,
12377,instrumentalness,missing_value,
12377,danceability,outlier_high,1.1270
12379,loudness,missing_value,
12380,energy,outlier_high,1.3902
12380,tempo,missing_value,
12380,danceability,outlier_low,-0.2109
12381,liveness,missing_value,
12382,speechiness,missing_value,
12384,danceability,missing_value,
12394,acousticness,missing_value,
12396,tempo,missing_value,
12397,valence,missing_value,
12406,speechiness,missing_value,
12407,danceability,outlier_high,1.2675
12410,valence,missing_value,
12419,energy,missing_value,
12420,valence,missing_value,
12422,liveness,missing_value,
12428,tempo,missing_value,
12430,valence,missing_value,
12431,acousticness,missing_value,
12434,valence,missing_value,
12437,danceability,outlier_low,-0.0102
12439,danceability,missing_value,
12439,speechiness,missing_value,
12440,acousticness,missing_value,
12441,speechiness,missing_value,
12452,liveness,missing_value,
12456,instrumentalness,missing_value,
12456,tempo,missing_value,
12457,tempo,missing_value,
12461,tempo,outlier_high,337.5380
12462,energy,missing_value,
12463,liveness,missing_value,
12463,tempo,missing_value,
12474,instrumentalness,missing_value,
12477,danceability,missing_value,
12478,instrumentalness,missing_value,
12483,tempo,outlier_low,2.3837
12484,instrumentalness,missing_value,
12487,speechiness,missing_value,
12490,energy,missing_value,
12490,tempo,outlier_low,2.5096
12491,valence,missing_value,
12492,liveness,missing_value,
12494,acousticness,missing_value,
12494,valence,missing_value,
12500,instrumentalness,missing_value,
12503,tempo,missing_value,
12506,valence,outlier_low,-0.1489
12508,acousticness,missing_value,
12509,liveness,missing_value,
12509,valence,outlier_low,-0.2360
12514,speechiness,missing_value,
12517,energy,missing_value,
12521,liveness,missing_value,
12524,danceability,outlier_low,-0.0227
12530,speechiness,missing_value,
12532,instrumentalness,missing_value,
12536,danceability,missing_value,
12537,energy,missing_value,
12539,loudness,outlier_high,6.4620
12541,acousticness,missing_value,
12557,tempo,outlier_low,7.3210
12560,instrumentalness,missing_value,
12560,energy,outlier_high,1.4897
12565,speechiness,missing_value,
12566,tempo,missing_value,
12570,loudness,missing_value,
12570,valence,missing_value,
12572,valence,missing_value,
12573,instrumentalness,missing_value,
12580,loudness,missing_value,
12582,speechiness,missing_value,
12584,speechiness,missing_value,
12585,acousticness,missing_value,
12591,liveness,missing_value,
12597,energy,outlier_high,1.3969
12600,loudness,missing_value,
12604,instrumentalness,missing_value,
12606,loudness,missing_value,
12612,danceability,missing_value,
12614,acousticness,missing_value,
12616,danceability,missing_value,
12618,loudness,missing_value,
12621,speechiness,missing_value,
12622,tempo,outlier_high,377.0899
12624,speechiness,missing_value,
12631,tempo,missing_value,
12634,valence,missing_value,
12634,danceability,missing_value,
12644,valence,outlier_high,1.0657
12647,acousticness,missing_value,
12648,energy,missing_value,
12650,speechiness,missing_value,
12651,tempo,outlier_low,10.7832
12652,speechiness,missing_value,
12655,liveness,missing_value,
12657,speechiness,missing_value,
12660,loudness,missing_value,
12661,danceability,missing_value,
12665,loudness,missing_value,
12670,energy,missing_value,
12671,danceability,missing_value,
12672,energy,missing_value,
12673,liveness,missing_value,
12674,tempo,missing_value,
12677,loudness,missing_value,
12679,valence,missing_value,
12682,instrumentalness,missing_value,
12684,valence,missing_value,
12686,acousticness,missing_value,
12686,valence,missing_value,
12687,danceability,outlier_low,-0.1078
12697,liveness,missing_value,
12705,loudness,missing_value,
12706,danceability,missing_value,
12709,energy,missing_value,
12711,energy,missing_value,
12713,tempo,missing_value,
12716,danceability,missing_value,
12723,loudness,missing_value,
12729,tempo,missing_value,
12731,danceability,outlier_high,1.4679
12734,energy,missing_value,
12741,valence,outlier_high,1.4808
12755,tempo,missing_value,
12755,danceability,missing_value,
12756,liveness,missing_value,
12757,danceability,outlier_high,1.2351
12760,valence,missing_value,
12761,danceability,missing_value,
12761,valence,missing_value,
12763,valence,missing_value,
12765,liveness,missing_value,
12768,danceability,missing_value,
12774,loudness,missing_value,
12775,liveness,missing_value,
12775,instrumentalness,missing_value,
12776,instrumentalness,missing_value,
12778,instrumentalness,missing_value,
12783,liveness,missing_value,
12786,speechiness,missing_value,
12788,energy,missing_value,
12788,valence,outlier_high,1.1864
12791,energy,missing_value,
12792,valence,missing_value,
12794,energy,missing_value,
12799,acousticness,missing_value,
12800,energy,missing_value,
12804,valence,missing_value,
12804,energy,missing_value,
12813,loudness,missing_value,
12831,speechiness,missing_value,
12836,loudness,missing_value,
12837,valence,missing_value,
12838,speechiness,missing_value,
12841,energy,missing_value,
12845,energy,missing_value,
12845,speechiness,missing_value,
12846,loudness,missing_value,
12864,tempo,missing_value,
12870,liveness,missing_value,
12872,liveness,missing_value,
12872,instrumentalness,missing_value,
12872,valence,missing_value,
12881,danceability,outlier_low,-0.0438
12885,speechiness,missing_value,
12885,liveness,missing_value,
12887,valence,missing_value,
12888,speechiness,missing_value,
12888,acousticness,missing_value,
12891,instrumentalness,missing_value,
12892,energy,outlier_low,-0.0780
12897,instrumentalness,missing_value,
12897,loudness,missing_value,
12898,instrumentalness,missing_value,
12900,acousticness,missing_value,
12902,energy,outlier_high,1.1347
12903,acousticness,missing_value,
12904,liveness,missing_value,
12905,valence,outlier_low,-0.0745
12905,instrumentalness,missing_value,
12905,acousticness,missing_value,
12906,danceability,missing_value,
12911,valence,missing_value,
12912,valence,missing_value,
12917,instrumentalness,missing_value,
12922,liveness,missing_value,
12924,danceability,missing_value,
12926,tempo,missing_value,
12929,instrumentalness,missing_value,
12931,tempo,missing_value,
12932,liveness,missing_value,
12932,tempo,outlier_low,4.6795
12935,acousticness,missing_value,
12937,speechiness,missing_value,
12940,liveness,missing_value,
12945,tempo,missing_value,
12953,acousticness,missing_value,
12953,loudness,missing_value,
12954,tempo,missing_value,
12957,energy,missing_value,
12958,loudness,missing_value,
12959,valence,missing_value,
12959,energy,missing_value,
12967,speechiness,missing_value,
12974,acousticness,missing_value,
12975,danceability,missing_value,
12990,instrumentalness,missing_value,
12990,danceability,missing_value,
12992,valence,missing_value,
12995,speechiness,missing_value,
13004,danceability,missing_value,
13005,energy,missing_value,
13011,liveness,missing_value,
13017,valence,missing_value,
13018,speechiness,missing_value,
13019,tempo,missing_value,
13028,instrumentalness,missing_value,
13028,tempo,missing_value,
13029,energy,missing_value,
13029,danceability,missing_value,
13030,loudness,missing_value,
13033,liveness,missing_value,
13037,loudness,missing_value,
13041,acousticness,missing_value,
13042,valence,outlier_high,1.3667
13045,loudness,missing_value,
13048,loudness,missing_value,
13050,acousticness,missing_value,
13052,liveness,missing_value,
13057,instrumentalness,missing_value,
13060,loudness,missing_value,
13061,loudness,missing_value,
13074,energy,missing_value,
13076,danceability,missing_value,
13081,loudness,missing_value,
13096,energy,outlier_low,-0.2742
13098,speechiness,missing_value,
13102,instrumentalness,missing_value,
13110,liveness,missing_value,
13111,valence,outlier_high,1.2786
13118,instrumentalness,missing_value,
13121,loudness,missing_value,
13124,acousticness,missing_value,
13129,danceability,missing_value,
13135,danceability,missing_value,
13138,energy,missing_value,
13152,acousticness,missing_value,
13153,speechiness,missing_value,
13157,speechiness,missing_value,
13159,loudness,missing_value,
13162,danceability,missing_value,
13164,instrumentalness,missing_value,
13165,acousticness,missing_value,
13178,acousticness,missing_value,
13180,danceability,missing_value,
13184,danceability,missing_value,
13190,valence,missing_value,
13190,energy,missing_value,
13191,speechiness,missing_value,
13194,energy,missing_value,
13194,loudness,missing_value,
13195,danceability,missing_value,
13200,valence,missing_value,
13200,instrumentalness,missing_value,
13202,tempo,outlier_high,318.5808
13211,loudness,missing_value,
13219,speechiness,missing_value,
13228,acousticness,missing_value,
13228,tempo,missing_value,
13243,danceability,missing_value,
13244,tempo,missing_value,
13247,danceability,missing_value,
13252,instrumentalness,missing_value,
13256,energy,missing_value,
13259,valence,missing_value,
13276,danceability,missing_value,
13278,loudness,missing_value,
13283,energy,outlier_high,1.2959
13292,loudness,outlier_high,1.9101
13293,tempo,outlier_low,1.9202
13293,loudness,missing_value,
13294,loudness,outlier_high,1.6342
13295,acousticness,missing_value,
13296,speechiness,missing_value,
13297,danceability,missing_value,
13302,energy,missing_value,
13302,acousticness,missing_value,
13303,tempo,missing_value,
13307,energy,missing_value,
13308,tempo,outlier_low,14.5407
13310,speechiness,missing_value,
13313,loudness,missing_value,
13327,acousticness,missing_value,
13329,tempo,missing_value,
13331,valence,missing_value,
13332,loudness,missing_value,
13333,tempo,missing_value,
13333,danceability,missing_value,
13348,energy,missing_value,
13349,speechiness,missing_value,
13350,acousticness,missing_value,
13353,energy,outlier_high,1.1420
13357,liveness,missing_value,
13360,speechiness,missing_value,
13361,danceability,missing_value,
13368,liveness,missing_value,
13369,acousticness,missing_value,
13379,danceability,missing_value,
13381,tempo,missing_value,
13385,acousticness,missing_value,
13387,acousticness,missing_value,
13389,tempo,missing_value,
13392,speechiness,missing_value,
13395,acousticness,missing_value,
13399,energy,missing_value,
13403,loudness,missing_value,
13407,loudness,missing_value,
13413,danceability,missing_value,
13414,energy,missing_value,
13415,tempo,missing_value,
13415,speechiness,missing_value,
13427,loudness,outlier_high,4.6090
13430,tempo,missing_value,
13435,tempo,missing_value,
13438,energy,missing_value,
13443,acousticness,missing_value,
13443,valence,missing_value,
13450,instrumentalness,missing_value,
13450,valence,missing_value,
13450,danceability,missing_value,
13451,acousticness,missing_value,
13456,instrumentalness,missing_value,
13458,liveness,missing_value,
13462,liveness,missing_value,
13471,loudness,missing_value,
13472,loudness,outlier_low,-79.4585
13473,valence,missing_value,
13478,acousticness,missing_value,
13491,energy,missing_value,
13495,tempo,missing_value,
13501,speechiness,missing_value,
13503,liveness,missing_value,
13506,energy,missing_value,
13511,valence,missing_value,
13512,valence,missing_value,
13517,instrumentalness,missing_value,
13520,loudness,missing_value,
13522,speechiness,missing_value,
13529,danceability,missing_value,
13531,valence,missing_value,
13533,acousticness,missing_value,
13534,instrumentalness,missing_value,
13535,speechiness,missing_value,
13537,valence,missing_value,
13537,liveness,missing_value,
13546,acousticness,missing_value,
13549,valence,missing_value,
13555,valence,missing_value,
13572,liveness,missing_value,
13579,speechiness,missing_value,
13582,loudness,outlier_low,-79.4254
13582,acousticness,missing_value,
13583,energy,outlier_low,-0.0951
13593,loudness,missing_value,
13595,acousticness,missing_value,
13596,tempo,missing_value,
13600,acousticness,missing_value,
13602,speechiness,missing_value,
13606,liveness,missing_value,
13608,loudness,outlier_high,4.4408
13608,valence,missing_value,
13614,instrumentalness,missing_value,
13619,loudness,outlier_low,-72.8257
13621,valence,missing_value,
13622,loudness,missing_value,
13623,loudness,missing_value,
13625,loudness,missing_value,
13629,liveness,missing_value,
13631,speechiness,missing_value,
13633,valence,outlier_high,1.4584
13643,acousticness,missing_value,
13645,energy,missing_value,
13646,valence,missing_value,
13647,energy,missing_value,
13654,valence,missing_value,
13655,acousticness,missing_value,
13671,tempo,missing_value,
13676,instrumentalness,missing_value,
13679,speechiness,missing_value,
13682,energy,missing_value,
13685,valence,missing_value,
13693,danceability,missing_value,
13694,tempo,missing_value,
13695,danceability,outlier_low,-0.0985
13697,acousticness,missing_value,
13698,danceability,missing_value,
13700,danceability,outlier_high,1.4187
13702,acousticness,missing_value,
13705,valence,missing_value,
13712,acousticness,missing_value,
13713,liveness,missing_value,
13716,valence,missing_value,
13724,speechiness,missing_value,
13725,instrumentalness,missing_value,
13725,speechiness,missing_value,
13728,danceability,outlier_high,1.3824
13730,speechiness,missing_value,
13731,tempo,missing_value,
13732,valence,missing_value,
13735,valence,missing_value,
13736,acousticness,missing_value,
13737,instrumentalness,missing_value,
13737,valence,missing_value,
13741,valence,missing_value,
13741,acousticness,missing_value,
13744,valence,missing_value,
13744,acousticness,missing_value,
13745,energy,missing_value,
13746,tempo,missing_value,
13746,danceability,missing_value,
13748,energy,missing_value,
13751,valence,missing_value,
13752,acousticness,missing_value,
13754,instrumentalness,missing_value,
13757,liveness,missing_value,
13758,loudness,missing_value,
13760,danceability,missing_value,
13763,danceability,missing_value,
13768,tempo,missing_value,
13768,loudness,missing_value,
13768,energy,missing_value,
13773,valence,missing_value,
13775,tempo,missing_value,
13778,valence,outlier_low,-0.1377
13780,instrumentalness,missing_value,
13783,loudness,missing_value,
13787,speechiness,missing_value,
13794,acousticness,missing_value,
13795,instrumentalness,missing_value,
13797,valence,missing_value,
13802,danceability,outlier_high,1.4017
13806,speechiness,missing_value,
13806,liveness,missing_value,
13809,loudness,missing_value,
13812,loudness,missing_value,
13820,danceability,missing_value,
13825,speechiness,missing_value,
13827,instrumentalness,missing_value,
13839,danceability,missing_value,
13840,liveness,missing_value,
13841,speechiness,missing_value,
13844,danceability,missing_value,
13844,instrumentalness,missing_value,
13849,instrumentalness,missing_value,
13850,liveness,missing_value,
13851,tempo,missing_value,
13858,speechiness,missing_value,
13859,energy,missing_value,
13861,acousticness,missing_value,
13861,liveness,missing_value,
13862,energy,missing_value,
13862,instrumentalness,missing_value,
13866,danceability,outlier_high,1.4673
13870,speechiness,missing_value,
13883,liveness,missing_value,
13889,loudness,outlier_low,-87.4793
13892,loudness,missing_value,
13895,instrumentalness,missing_value,
13898,danceability,missing_value,
13902,liveness,missing_value,
13908,speechiness,missing_value,
13908,liveness,missing_value,
13909,energy,missing_value,
13912,valence,outlier_high,1.3622
13912,instrumentalness,missing_value,
13914,instrumentalness,missing_value,
13918,speechiness,missing_value,
13922,loudness,outlier_low,-72.3249
13933,tempo,missing_value,
13935,loudness,missing_value,
13935,acousticness,missing_value,
13937,liveness,missing_value,
13938,acousticness,missing_value,
13945,loudness,missing_value,
13948,danceability,outlier_low,-0.2851
13950,danceability,missing_value,
13951,loudness,missing_value,
13953,valence,missing_value,
13965,danceability,outlier_low,-0.2829
13965,liveness,missing_value,
13967,energy,missing_value,
13968,energy,missing_value,
13971,energy,missing_value,
13971,instrumentalness,missing_value,
13977,liveness,missing_value,
13978,tempo,missing_value,
13979,instrumentalness,missing_value,
13980,danceability,missing_value,
13982,acousticness,missing_value,
13989,valence,missing_value,
13997,acousticness,missing_value,
13998,energy,missing_value,
14000,energy,missing_value,
14002,loudness,missing_value,
14005,tempo,outlier_high,348.5217
14009,loudness,outlier_high,2.7467
14010,liveness,missing_value,
14013,acousticness,missing_value,
14013,valence,outlier_low,-0.2384
14018,speechiness,missing_value,
14018,valence,missing_value,
14021,danceability,missing_value,
14026,tempo,missing_value,
14028,danceability,missing_value,
14033,instrumentalness,missing_value,
14034,energy,missing_value,
14034,instrumentalness,missing_value,
14035,danceability,outlier_low,-0.1411
14036,danceability,missing_value,
14041,danceability,missing_value,
14041,speechiness,missing_value,
14044,valence,outlier_high,1.4706
14048,energy,missing_value,
14048,valence,missing_value,
14051,loudness,missing_value,
14054,instrumentalness,missing_value,
14054,speechiness,missing_value,
14056,liveness,missing_value,
14069,speechiness,missing_value,
14073,danceability,missing_value,
14074,speechiness,missing_value,
14075,acousticness,missing_value,
14075,liveness,missing_value,
14075,loudness,missing_value,
14077,energy,outlier_high,1.3495
14080,energy,outlier_low,-0.0799
14083,instrumentalness,missing_value,
14083,danceability,outlier_low,-0.0692
14083,valence,missing_value,
14085,tempo,missing_value,
14094,speechiness,missing_value,
14095,speechiness,missing_value,
14096,danceability,missing_value,
14099,energy,missing_value,
14105,danceability,missing_value,
14106,loudness,missing_value,
14110,instrumentalness,missing_value,
14110,valence,missing_value,
14118,energy,outlier_high,1.2288
14120,tempo,missing_value,
14121,tempo,outlier_high,339.6939
14122,valence,missing_value,
14126,acousticness,missing_value,
14135,speechiness,missing_value,
14140,tempo,missing_value,
14140,instrumentalness,missing_value,
14144,tempo,missing_value,
14145,danceability,missing_value,
14145,liveness,missing_value,
14146,loudness,outlier_low,-89.7073
14147,acousticness,missing_value,
14149,loudness,missing_value,
14150,energy,missing_value,
14151,instrumentalness,missing_value,
14152,tempo,missing_value,
14159,acousticness,missing_value,
14161,liveness,missing_value,
14164,loudness,missing_value,
14165,speechiness,missing_value,
14170,valence,missing_value,
14175,energy,missing_value,
14180,valence,missing_value,
14184,acousticness,missing_value,
14187,instrumentalness,missing_value,
14187,speechiness,missing_value,
14189,tempo,missing_value,
14191,loudness,outlier_high,7.1436
14194,danceability,missing_value,
14195,energy,missing_value,
14198,energy,missing_value,
14201,valence,outlier_low,-0.1066
14203,loudness,missing_value,
14205,speechiness,missing_value,
14207,loudness,missing_value,
14207,danceability,missing_value,
14212,loudness,missing_value,
14213,valence,missing_value,
14213,energy,missing_value,
14215,acousticness,missing_value,
14224,loudness,missing_value,
14231,tempo,missing_value,
14233,valence,outlier_high,1.3330
14233,energy,missing_value,
14234,valence,missing_value,
14236,acousticness,missing_value,
14236,valence,missing_value,
14238,tempo,missing_value,
14239,valence,outlier_high,1.2661
14242,instrumentalness,missing_value,
14251,loudness,missing_value,
14253,acousticness,missing_value,
14253,speechiness,missing_value,
14258,danceability,missing_value,
14265,loudness,missing_value,
14266,danceability,missing_value,
14267,loudness,missing_value,
14273,loudness,missing_value,
14280,loudness,missing_value,
14281,instrumentalness,missing_value,
14284,energy,missing_value,
14291,valence,missing_value,
14291,liveness,missing_value,
14295,danceability,missing_value,
14297,speechiness,missing_value,
14297,loudness,missing_value,
14300,valence,missing_value,
14301,instrumentalness,missing_value,
14302,danceability,missing_value,
14302,instrumentalness,missing_value,
14302,acousticness,missing_value,
14303,tempo,missing_value,
14304,instrumentalness,missing_value,
14304,loudness,missing_value,
14314,danceability,outlier_high,1.2978
14314,valence,missing_value,
14316,speechiness,missing_value,
14316,tempo,missing_value,
14318,speechiness,missing_value,
14328,speechiness,missing_value,
14328,loudness,outlier_high,6.7681
14333,loudness,missing_value,
14334,acousticness,missing_value,
14336,loudness,missing_value,
14339,speechiness,missing_value,
14339,liveness,missing_value,
14342,danceability,missing_value,
14349,energy,missing_value,
14351,speechiness,missing_value,
14360,tempo,outlier_low,13.4959
14364,instrumentalness,missing_value,
14367,speechiness,missing_value,
14373,liveness,missing_value,
14375,tempo,outlier_high,388.8334
14384,valence,missing_value,
14390,loudness,outlier_high,5.3516
14394,energy,outlier_high,1.1327
14395,acousticness,missing_value,
14412,energy,missing_value,
14413,acousticness,missing_value,
14415,tempo,outlier_low,2.5611
14417,liveness,missing_value,
14417,energy,missing_value,
14423,acousticness,missing_value,
14425,liveness,missing_value,
14427,energy,missing_value,
14427,instrumentalness,missing_value,
14441,instrumentalness,missing_value,
14443,loudness,missing_value,
14454,danceability,missing_value,
14455,tempo,missing_value,
14458,danceability,missing_value,
14460,loudness,missing_value,
14461,energy,missing_value,
14463,loudness,missing_value,
14465,loudness,missing_value,
14466,instrumentalness,missing_value,
14471,danceability,outlier_high,1.1799
14479,tempo,missing_value,
14482,loudness,outlier_high,8.4844
14482,danceability,missing_value,
14483,acousticness,missing_value,
14483,instrumentalness,missing_value,
14485,liveness,missing_value,
14492,liveness,missing_value,
14502,speechiness,missing_value,
14503,energy,missing_value,
14511,valence,missing_value,
14511,energy,missing_value,
14511,liveness,missing_value,
14516,loudness,outlier_high,1.2884
14521,tempo,missing_value,
14521,instrumentalness,missing_value,
14525,acousticness,missing_value,
14539,tempo,missing_value,
14541,loudness,missing_value,
14547,loudness,missing_value,
14564,instrumentalness,missing_value,
14565,acousticness,missing_value,
14573,energy,missing_value,
14574,danceability,missing_value,
14575,energy,missing_value,
14575,instrumentalness,missing_value,
14576,speechiness,missing_value,
14577,loudness,missing_value,
14580,valence,missing_value,
14581,acousticness,missing_value,
14586,liveness,missing_value,
14589,energy,missing_value,
14593,acousticness,missing_value,
14598,acousticness,missing_value,
14602,danceability,missing_value,
14603,tempo,missing_value,
14603,liveness,missing_value,
14606,liveness,missing_value,
14607,tempo,outlier_high,376.0330
14609,energy,missing_value,
14610,valence,missing_value,
14612,danceability,missing_value,
14613,instrumentalness,missing_value,
14614,instrumentalness,missing_value,
14618,speechiness,missing_value,
14621,energy,missing_value,
14624,instrumentalness,missing_value,
14626,valence,missing_value,
14632,speechiness,missing_value,
14633,danceability,outlier_low,-0.2743
14636,tempo,missing_value,
14638,instrumentalness,missing_value,
14641,valence,missing_value,
14649,acousticness,missing_value,
14650,liveness,missing_value,
14651,liveness,missing_value,
14659,energy,missing_value,
14664,energy,missing_value,
14670,acousticness,missing_value,
14676,loudness,outlier_high,1.7978
14678,speechiness,missing_value,
14682,acousticness,missing_value,
14687,valence,missing_value,
14700,danceability,outlier_high,1.2942
14713,speechiness,missing_value,
14714,valence,missing_value,
14717,energy,missing_value,
14721,loudness,missing_value,
14725,acousticness,missing_value,
14728,speechiness,missing_value,
14731,instrumentalness,missing_value,
14738,energy,missing_value,
14743,instrumentalness,missing_value,
14744,speechiness,missing_value,
14748,loudness,missing_value,
14748,liveness,missing_value,
14753,acousticness,missing_value,
14762,speechiness,missing_value,
14771,danceability,missing_value,
14773,liveness,missing_value,
14776,tempo,missing_value,
14776,danceability,missing_value,
14779,danceability,missing_value,
14779,speechiness,missing_value,
14781,instrumentalness,missing_value,
14783,energy,outlier_low,-0.1587
14787,liveness,missing_value,
14787,instrumentalness,missing_value,
14789,danceability,missing_value,
14796,liveness,missing_value,
14796,energy,missing_value,
14796,tempo,missing_value,
14800,loudness,outlier_high,2.2097
14802,danceability,missing_value,
14804,liveness,missing_value,
14807,danceability,missing_value,
14808,instrumentalness,missing_value,
14811,liveness,missing_value,
14812,loudness,outlier_low,-76.7436
14821,energy,outlier_high,1.2520
14825,energy,missing_value,
14827,danceability,missing_value,
14836,danceability,missing_value,
14841,valence,missing_value,
14850,energy,missing_value,
14856,loudness,outlier_low,-87.4076
14859,acousticness,missing_value,
14859,tempo,missing_value,
14862,energy,missing_value,
14864,loudness,outlier_high,3.3501
14865,speechiness,missing_value,
14866,liveness,missing_value,
14869,loudness,missing_value,
14872,acousticness,missing_value,
14877,speechiness,missing_value,
14878,energy,missing_value,
14879,instrumentalness,missing_value,
14884,liveness,missing_value,
14886,acousticness,missing_value,
14887,acousticness,missing_value,
14888,loudness,missing_value,
14890,speechiness,missing_value,
14892,tempo,outlier_high,404.9273
14897,loudness,missing_value,
14899,liveness,missing_value,
14902,valence,missing_value,
14903,loudness,missing_value,
14906,tempo,missing_value,
14907,tempo,missing_value,
14913,instrumentalness,missing_value,
14915,danceability,missing_value,
14917,energy,missing_value,
14918,energy,missing_value,
14918,speechiness,missing_value,
14920,speechiness,missing_value,
14921,energy,missing_value,
14922,tempo,missing_value,
14922,valence,missing_value,
14928,instrumentalness,missing_value,
14936,valence,missing_value,
14937,valence,missing_value,
14937,tempo,missing_value,
14942,loudness,missing_value,
14942,energy,missing_value,
14946,loudness,outlier_high,2.5766
14952,speechiness,missing_value,
14956,tempo,missing_value,
14960,speechiness,missing_value,
14969,danceability,missing_value,
14969,tempo,missing_value,
14970,danceability,missing_value,
14972,loudness,outlier_high,8.8852
14974,valence,missing_value,
14978,tempo,missing_value,
14979,energy,missing_value,
14980,acousticness,missing_value,
14984,valence,missing_value,
14984,liveness,missing_value,
14985,instrumentalness,missing_value,
14989,loudness,outlier_low,-88.3424
14996,energy,missing_value,
14997,valence,missing_value,
14998,valence,missing_value,
15002,valence,missing_value,
15006,instrumentalness,missing_value,
15006,tempo,missing_value,
15009,energy,outlier_low,-0.0126
15021,instrumentalness,missing_value,
15022,loudness,missing_value,
15025,acousticness,missing_value,
15028,tempo,outlier_high,415.7118
15030,loudness,missing_value,
15031,energy,missing_value,
15032,tempo,missing_value,
15034,energy,missing_value,
15037,energy,missing_value,
15037,danceability,missing_value,
15040,tempo,missing_value,
15041,liveness,missing_value,
15044,loudness,missing_value,
15045,acousticness,missing_value,
15047,liveness,missing_value,
15050,instrumentalness,missing_value,
15053,loudness,missing_value,
15054,acousticness,missing_value,
15054,energy,missing_value,
15054,loudness,missing_value,
15055,danceability,missing_value,
15055,energy,missing_value,
15059,energy,missing_value,
15068,instrumentalness,missing_value,
15069,acousticness,missing_value,
15070,energy,missing_value,
15072,liveness,missing_value,
15073,speechiness,missing_value,
15073,tempo,missing_value,
15075,liveness,missing_value,
15075,tempo,missing_value,
15077,acousticness,missing_value,
15085,valence,missing_value,
15087,liveness,missing_value,
15087,energy,missing_value,
15089,loudness,outlier_low,-85.7184
15090,tempo,outlier_high,370.0262
15099,danceability,missing_value,
15102,energy,missing_value,
15106,instrumentalness,missing_value,
15107,speechiness,missing_value,
15108,danceability,missing_value,
15114,acousticness,missing_value,
15114,instrumentalness,missing_value,
15117,acousticness,missing_value,
15120,energy,missing_value,
15121,instrumentalness,missing_value,
15125,acousticness,missing_value,
15127,energy,outlier_high,1.2169
15129,instrumentalness,missing_value,
15129,acousticness,missing_value,
15130,loudness,missing_value,
15130,instrumentalness,missing_value,
15130,energy,outlier_high,1.2101
15135,danceability,missing_value,
15136,danceability,missing_value,
15151,danceability,missing_value,
15152,danceability,missing_value,
15165,danceability,missing_value,
15171,tempo,missing_value,
15172,instrumentalness,missing_value,
15174,energy,missing_value,
15181,acousticness,missing_value,
15189,tempo,missing_value,
15200,acousticness,missing_value,
15203,tempo,missing_value,
15205,instrumentalness,missing_value,
15208,liveness,missing_value,
15208,danceability,missing_value,
15209,loudness,missing_value,
15213,valence,missing_value,
15213,liveness,missing_value,
15214,acousticness,missing_value,
15216,tempo,missing_value,
15216,speechiness,missing_value,
15221,danceability,missing_value,
15231,liveness,missing_value,
15231,danceability,outlier_high,1.2371
15231,loudness,missing_value,
15235,valence,missing_value,
15239,liveness,missing_value,
15239,instrumentalness,missing_value,
15246,acousticness,missing_value,
15251,valence,missing_value,
15257,acousticness,missing_value,
15259,energy,missing_value,
15261,loudness,outlier_high,8.5255
15262,tempo,missing_value,
15264,loudness,missing_value,
15270,loudness,missing_value,
15275,valence,outlier_low,-0.0712
15280,liveness,missing_value,
15282,energy,missing_value,
15295,loudness,missing_value,
15296,acousticness,missing_value,
15296,loudness,missing_value,
15306,danceability,missing_value,
15310,acousticness,missing_value,
15311,liveness,missing_value,
15312,acousticness,missing_value,
15315,valence,missing_value,
15316,danceability,missing_value,
15319,tempo,missing_value,
15319,instrumentalness,missing_value,
15319,danceability,missing_value,
15320,energy,missing_value,
15321,tempo,outlier_low,14.6641
15322,danceability,missing_value,
15325,tempo,outlier_low,13.7027
15329,liveness,missing_value,
15333,energy,missing_value,
15334,energy,missing_value,
15338,energy,missing_value,
15347,energy,outlier_high,1.4553
15347,speechiness,missing_value,
15355,loudness,missing_value,
15357,valence,missing_value,
15359,speechiness,missing_value,
15360,acousticness,missing_value,
15360,tempo,missing_value,
15362,speechiness,missing_value,
15362,instrumentalness,missing_value,
15367,instrumentalness,missing_value,
15376,speechiness,missing_value,
15391,speechiness,missing_value,
15391,valence,missing_value,
15399,instrumentalness,missing_value,
15400,liveness,missing_value,
15405,loudness,missing_value,
15405,valence,missing_value,
15407,loudness,missing_value,
15417,loudness,outlier_low,-82.3807
15420,speechiness,missing_value,
15421,liveness,missing_value,
15422,instrumentalness,missing_value,
15422,liveness,missing_value,
15427,loudness,missing_value,
15429,instrumentalness,missing_value,
15433,danceability,missing_value,
15436,valence,outlier_high,1.3648
15437,speechiness,missing_value,
15439,liveness,missing_value,
15439,energy,missing_value,
15440,danceability,outlier_low,-0.2739
15443,instrumentalness,missing_value,
15447,speechiness,missing_value,
15449,danceability,missing_value,
15459,tempo,missing_value,
15461,energy,missing_value,
15462,danceability,missing_value,
15462,instrumentalness,missing_value,
15464,danceability,missing_value,
15470,danceability,missing_value,
15470,instrumentalness,missing_value,
15474,loudness,missing_value,
15478,valence,missing_value,
15482,acousticness,missing_value,
15483,tempo,missing_value,
15485,valence,missing_value,
15486,energy,missing_value,
15494,instrumentalness,missing_value,
15495,danceability,missing_value,
15496,energy,missing_value,
15496,speechiness,missing_value,
15497,danceability,missing_value,
15498,valence,outlier_high,1.1095
15500,energy,missing_value,
15508,loudness,missing_value,
15517,acousticness,missing_value,
15520,liveness,missing_value,
15522,danceability,missing_value,
15523,acousticness,missing_value,
15526,valence,missing_value,
15530,danceability,missing_value,
15541,loudness,missing_value,
15541,instrumentalness,missing_value,
15542,acousticness,missing_value,
15544,loudness,outlier_low,-88.4811
15546,acousticness,missing_value,
15548,danceability,missing_value,
15549,tempo,missing_value,
15551,instrumentalness,missing_value,
15557,tempo,missing_value,
15560,acousticness,missing_value,
15561,danceability,missing_value,
15576,energy,outlier_high,1.4742
15580,instrumentalness,missing_value,
15584,acousticness,missing_value,
15589,energy,missing_value,
15589,tempo,missing_value,
15590,tempo,missing_value,
15590,liveness,missing_value,
15592,loudness,missing_value,
15593,liveness,missing_value,
15595,valence,missing_value,
15596,acousticness,missing_value,
15601,danceability,outlier_high,1.2513
15601,tempo,missing_value,
15603,acousticness,missing_value,
15604,loudness,missing_value,
15605,liveness,missing_value,
15607,energy,missing_value,
15608,acousticness,missing_value,
15610,speechiness,missing_value,
15611,loudness,outlier_high,8.2255
15612,tempo,missing_value,
15616,danceability,outlier_low,-0.0379
15623,energy,missing_value,
15626,tempo,missing_value,
15630,tempo,missing_value,
15632,acousticness,missing_value,
15634,valence,outlier_high,1.2179
15635,danceability,missing_value,
15637,acousticness,missing_value,
15642,speechiness,missing_value,
15643,speechiness,missing_value,
15645,energy,missing_value,
15648,instrumentalness,missing_value,
15652,valence,missing_value,
15656,loudness,missing_value,
15661,speechiness,missing_value,
15667,loudness,missing_value,
15669,liveness,missing_value,
15672,speechiness,missing_value,
15690,energy,missing_value,
15694,acousticness,missing_value,
15699,tempo,outlier_low,0.9179
15700,acousticness,missing_value,
15707,acousticness,missing_value,
15707,valence,missing_value,
15710,loudness,missing_value,
15717,instrumentalness,missing_value,
15728,acousticness,missing_value,
15731,acousticness,missing_value,
15732,tempo,missing_value,
15740,energy,outlier_low,-0.2744
15741,energy,missing_value,
15743,loudness,outlier_low,-73.8027
15744,energy,outlier_high,1.4668
15745,liveness,missing_value,
15747,tempo,missing_value,
15749,energy,missing_value,
15756,acousticness,missing_value,
15757,valence,outlier_low,-0.1039
15760,acousticness,missing_value,
15765,tempo,missing_value,
15766,energy,outlier_high,1.3561
15772,acousticness,missing_value,
15774,valence,missing_value,
15775,tempo,missing_value,
15775,instrumentalness,missing_value,
15776,valence,missing_value,
15779,tempo,outlier_low,7.9716
15781,speechiness,missing_value,
15782,valence,missing_value,
15784,loudness,missing_value,
15784,liveness,missing_value,
15789,acousticness,missing_value,
15789,loudness,missing_value,
15797,energy,missing_value,
15799,speechiness,missing_value,
15801,danceability,missing_value,
15803,liveness,missing_value,
15817,acousticness,missing_value,
15818,energy,missing_value,
15821,liveness,missing_value,
15834,loudness,missing_value,
15839,valence,missing_value,
15844,speechiness,missing_value,
15846,tempo,missing_value,
15849,danceability,missing_value,
15850,danceability,missing_value,
15855,valence,missing_value,
15855,acousticness,missing_value,
15857,tempo,missing_value,
15860,loudness,missing_value,
15863,instrumentalness,missing_value,
15873,acousticness,missing_value,
15875,valence,missing_value,
15876,tempo,missing_value,
15877,danceability,missing_value,
15880,danceability,missing_value,
15883,liveness,missing_value,
15883,instrumentalness,missing_value,
15883,acousticness,missing_value,
15888,instrumentalness,missing_value,
15889,energy,missing_value,
15890,danceability,missing_value,
15893,instrumentalness,missing_value,
15895,liveness,missing_value,
15898,valence,missing_value,
15903,liveness,missing_value,
15906,energy,outlier_low,-0.2093
15910,speechiness,missing_value,
15912,danceability,missing_value,
15915,acousticness,missing_value,
15918,instrumentalness,missing_value,
15918,valence,missing_value,
15920,energy,missing_value,
15923,acousticness,missing_value,
15924,instrumentalness,missing_value,
15926,liveness,missing_value,
15930,danceability,missing_value,
15931,tempo,outlier_high,365.1206
15940,energy,missing_value,
15943,valence,outlier_high,1.2820
15948,speechiness,missing_value,
15949,liveness,missing_value,
15951,energy,missing_value,
15954,loudness,missing_value,
15959,tempo,outlier_high,392.3891
15960,tempo,missing_value,
15964,valence,missing_value,
15965,valence,missing_value,
15966,tempo,outlier_low,9.5918
15967,tempo,outlier_high,329.8325
15968,liveness,missing_value,
15973,acousticness,missing_value,
15977,danceability,missing_value,
15984,liveness,missing_value,
15987,instrumentalness,missing_value,
15989,valence,missing_value,
15990,energy,missing_value,
15996,instrumentalness,missing_value,
16000,energy,missing_value,
16002,valence,outlier_high,1.2819
16002,loudness,missing_value,
16003,danceability,missing_value,
16006,liveness,missing_value,
16008,valence,missing_value,
16013,tempo,missing_value,
16015,danceability,outlier_low,-0.0730
16016,liveness,missing_value,
16017,valence,outlier_low,-0.2041
16023,speechiness,missing_value,
16033,energy,missing_value,
16034,liveness,missing_value,
16036,valence,missing_value,
16043,loudness,missing_value,
16055,instrumentalness,missing_value,
16061,instrumentalness,missing_value,
16062,danceability,missing_value,
16065,liveness,missing_value,
16068,loudness,missing_value,
16075,instrumentalness,missing_value,
16077,speechiness,missing_value,
16082,energy,missing_value,
16084,acousticness,missing_value,
16087,acousticness,missing_value,
16089,instrumentalness,missing_value,
16103,danceability,missing_value,
16105,acousticness,missing_value,
16110,valence,missing_value,
16115,danceability,missing_value,
16115,liveness,missing_value,
16121,speechiness,missing_value,
16122,valence,missing_value,
16124,valence,outlier_low,-0.1718
16126,danceability,missing_value,
16129,loudness,missing_value,
16129,danceability,missing_value,
16130,danceability,outlier_low,-0.2857
16131,valence,missing_value,
16131,tempo,missing_value,
16131,danceability,outlier_high,1.2457
16138,loudness,outlier_high,9.1344
16138,speechiness,missing_value,
16149,instrumentalness,missing_value,
16150,danceability,missing_value,
16150,tempo,missing_value,
16151,tempo,missing_value,
16152,speechiness,missing_value,
16156,valence,missing_value,
16158,valence,outlier_high,1.0556
16161,speechiness,missing_value,
16162,danceability,missing_value,
16164,danceability,outlier_high,1.3717
16168,liveness,missing_value,
16171,danceability,missing_value,
16174,acousticness,missing_value,
16176,energy,missing_value,
16185,instrumentalness,missing_value,
16192,loudness,missing_value,
16194,valence,missing_value,
16203,valence,missing_value,
16205,liveness,missing_value,
16209,loudness,missing_value,
16212,valence,missing_value,
16212,danceability,missing_value,
16217,loudness,missing_value,
16217,energy,missing_value,
16222,loudness,missing_value,
16227,tempo,missing_value,
16227,loudness,missing_value,
16229,valence,missing_value,
16236,loudness,missing_value,
16242,liveness,missing_value,
16246,valence,missing_value,
16250,energy,missing_value,
16253,loudness,missing_value,
16259,danceability,missing_value,
16270,valence,outlier_low,-0.0144
16270,tempo,missing_value,
16271,speechiness,missing_value,
16273,energy,missing_value,
16278,tempo,missing_value,
16282,valence,missing_value,
16288,instrumentalness,missing_value,
16289,speechiness,missing_value,
16290,speechiness,missing_value,
16296,energy,outlier_high,1.4972
16298,valence,missing_value,
16299,instrumentalness,missing_value,
16300,instrumentalness,missing_value,
16305,instrumentalness,missing_value,
16307,energy,missing_value,
16310,loudness,missing_value,
16312,speechiness,missing_value,
16313,loudness,missing_value,
16314,energy,missing_value,
16318,valence,missing_value,
16319,speechiness,missing_value,
16320,loudness,missing_value,
16320,tempo,outlier_low,9.6233
16328,instrumentalness,missing_value,
16328,loudness,outlier_low,-78.6991
16333,energy,missing_value,
16341,acousticness,missing_value,
16342,tempo,missing_value,
16347,instrumentalness,missing_value,
16348,liveness,missing_value,
16354,loudness,missing_value,
16357,energy,outlier_low,-0.1188
16358,energy,outlier_high,1.0724
16360,danceability,missing_value,
16362,acousticness,missing_value,
16369,valence,outlier_low,-0.1557
16369,instrumentalness,missing_value,
16375,speechiness,missing_value,
16382,loudness,missing_value,
16392,tempo,missing_value,
16392,danceability,missing_value,
16394,energy,missing_value,
16402,energy,missing_value,
16407,acousticness,missing_value,
16410,instrumentalness,missing_value,
16412,loudness,outlier_high,2.0094
16415,loudness,missing_value,
16418,speechiness,missing_value,
16419,instrumentalness,missing_value,
16432,acousticness,missing_value,
16435,liveness,missing_value,
16440,danceability,missing_value,
16443,speechiness,missing_value,
16448,danceability,missing_value,
16456,acousticness,missing_value,
16458,tempo,missing_value,
16463,speechiness,missing_value,
16463,danceability,outlier_low,-0.0979
16467,tempo,missing_value,
16472,liveness,missing_value,
16475,liveness,missing_value,
16476,energy,missing_value,
16481,liveness,missing_value,
16481,tempo,missing_value,
16481,energy,missing_value,
16486,danceability,missing_value,
16490,tempo,outlier_high,323.0138
16498,instrumentalness,missing_value,
16502,energy,missing_value,
16502,loudness,missing_value,
16512,tempo,missing_value,
16513,tempo,missing_value,
16513,danceability,missing_value,
16515,tempo,missing_value,
16518,valence,missing_value,
16519,valence,missing_value,
16523,instrumentalness,missing_value,
16527,acousticness,missing_value,
16536,energy,missing_value,
16543,valence,missing_value,
16544,tempo,outlier_high,332.1631
16548,danceability,outlier_high,1.3332
16551,tempo,outlier_low,10.9058
16553,danceability,missing_value,
16555,danceability,missing_value,
16556,valence,missing_value,
16560,instrumentalness,missing_value,
16561,danceability,missing_value,
16566,tempo,missing_value,
16573,tempo,missing_value,
16576,energy,missing_value,
16577,danceability,missing_value,
16588,speechiness,missing_value,
16595,instrumentalness,missing_value,
16599,valence,outlier_high,1.3038
16602,instrumentalness,missing_value,
16604,energy,outlier_low,-0.2569
16606,acousticness,missing_value,
16610,energy,outlier_low,-0.0610
16611,danceability,missing_value,
16612,tempo,missing_value,
16616,energy,missing_value,
16616,danceability,missing_value,
16618,liveness,missing_value,
16618,loudness,missing_value,
16618,danceability,missing_value,
16623,speechiness,missing_value,
16629,loudness,missing_value,
16637,liveness,missing_value,
16637,speechiness,missing_value,
16637,tempo,missing_value,
16638,danceability,missing_value,
16645,liveness,missing_value,
16645,danceability,missing_value,
16658,liveness,missing_value,
16659,loudness,outlier_low,-70.2175
16664,energy,outlier_high,1.0715
16665,liveness,missing_value,
16666,danceability,missing_value,
16669,energy,missing_value,
16679,instrumentalness,missing_value,
16683,loudness,outlier_low,-75.3716
16683,speechiness,missing_value,
16688,instrumentalness,missing_value,
16694,acousticness,missing_value,
16696,instrumentalness,missing_value,
16698,acousticness,missing_value,
16700,liveness,missing_value,
16711,danceability,missing_value,
16722,tempo,missing_value,
16723,loudness,missing_value,
16724,tempo,outlier_high,301.8153
16730,danceability,missing_value,
16733,acousticness,missing_value,
16733,speechiness,missing_value,
16734,acousticness,missing_value,
16736,loudness,missing_value,
16738,energy,missing_value,
16740,acousticness,missing_value,
16744,speechiness,missing_value,
16748,loudness,outlier_low,-70.9992
16751,energy,outlier_high,1.4242
16752,danceability,outlier_low,-0.2232
16761,speechiness,missing_value,
16770,liveness,missing_value,
16770,energy,missing_value,
16779,energy,missing_value,
16779,acousticness,missing_value,
16782,tempo,missing_value,
16785,acousticness,missing_value,
16787,tempo,missing_value,
16792,acousticness,missing_value,
16801,instrumentalness,missing_value,
16809,tempo,missing_value,
16809,energy,missing_value,
16811,valence,missing_value,
16814,instrumentalness,missing_value,
16815,valence,missing_value,
16817,tempo,outlier_high,347.8930
16817,liveness,missing_value,
16822,loudness,missing_value,
16824,energy,missing_value,
16825,valence,outlier_low,-0.2436
16826,energy,missing_value,
16830,loudness,missing_value,
16832,energy,missing_value,
16833,loudness,missing_value,
16835,loudness,missing_value,
16836,liveness,missing_value,
16837,valence,missing_value,
16840,acousticness,missing_value,
16842,loudness,missing_value,
16844,speechiness,missing_value,
16845,valence,outlier_high,1.3754
16848,danceability,missing_value,
16850,liveness,missing_value,
16851,loudness,missing_value,
16856,acousticness,missing_value,
16864,acousticness,missing_value,
16867,liveness,missing_value,
16871,liveness,missing_value,
16873,speechiness,missing_value,
16876,speechiness,missing_value,
16877,valence,missing_value,
16881,instrumentalness,missing_value,
16887,acousticness,missing_value,
16887,speechiness,missing_value,
16891,instrumentalness,missing_value,
16894,speechiness,missing_value,
16899,valence,missing_value,
16913,loudness,outlier_low,-81.5306
16918,tempo,missing_value,
16923,tempo,missing_value,
16923,valence,missing_value,
16930,danceability,missing_value,
16931,instrumentalness,missing_value,
16948,instrumentalness,missing_value,
16951,danceability,missing_value,
16951,acousticness,missing_value,
16952,speechiness,missing_value,
16956,loudness,missing_value,
16965,loudness,missing_value,
16967,energy,missing_value,
16972,tempo,missing_value,
16974,energy,missing_value,
16977,instrumentalness,missing_value,
16978,danceability,missing_value,
16982,acousticness,missing_value,
16986,valence,outlier_high,1.0567
16986,energy,outlier_low,-0.1840
16998,energy,missing_value,
17002,speechiness,missing_value,
17007,danceability,outlier_high,1.4815
17013,liveness,missing_value,
17015,valence,missing_value,
17020,tempo,missing_value,
17022,acousticness,missing_value,
17032,instrumentalness,missing_value,
17032,valence,missing_value,
17036,tempo,missing_value,
17038,acousticness,missing_value,
17041,speechiness,missing_value,
17047,valence,outlier_low,-0.0802
17049,danceability,missing_value,
17052,valence,outlier_high,1.2612
17057,loudness,missing_value,
17064,instrumentalness,missing_value,
17064,tempo,missing_value,
17070,energy,missing_value,
17071,loudness,missing_value,
17075,acousticness,missing_value,
17077,danceability,missing_value,
17081,acousticness,missing_value,
17085,danceability,missing_value,
17086,liveness,missing_value,
17091,speechiness,missing_value,
17094,tempo,missing_value,
17097,valence,missing_value,
17099,instrumentalness,missing_value,
17102,tempo,missing_value,
17103,speechiness,missing_value,
17105,valence,missing_value,
17110,energy,missing_value,
17112,danceability,missing_value,
17112,loudness,outlier_high,2.9727
17121,tempo,missing_value,
17122,instrumentalness,missing_value,
17123,loudness,missing_value,
17125,tempo,missing_value,
17130,speechiness,missing_value,
17132,speechiness,missing_value,
17134,valence,missing_value,
17134,acousticness,missing_value,
17138,energy,missing_value,
17142,liveness,missing_value,
17147,loudness,missing_value,
17148,loudness,missing_value,
17152,valence,missing_value,
17159,speechiness,missing_value,
17168,tempo,outlier_low,8.5776
17176,danceability,missing_value,
17177,energy,missing_value,
17189,acousticness,missing_value,
17194,valence,missing_value,
17196,liveness,missing_value,
17197,danceability,missing_value,
17198,tempo,outlier_low,3.0206
17198,energy,missing_value,
17201,energy,missing_value,
17203,danceability,outlier_high,1.0739
17209,loudness,missing_value,
17213,loudness,missing_value,
17214,tempo,missing_value,
17220,instrumentalness,missing_value,
17223,instrumentalness,missing_value,
17228,energy,missing_value,
17232,tempo,outlier_high,338.6016
17237,loudness,missing_value,
17240,instrumentalness,missing_value,
17243,acousticness,missing_value,
17244,loudness,outlier_low,-85.6101
17247,danceability,missing_value,
17247,speechiness,missing_value,
17249,energy,missing_value,
17252,danceability,missing_value,
17253,speechiness,missing_value,
17254,valence,missing_value,
17256,energy,missing_value,
17258,loudness,missing_value,
17267,liveness,missing_value,
17267,valence,missing_value,
17268,liveness,missing_value,
17269,energy,missing_value,
17275,loudness,missing_value,
17277,tempo,missing_value,
17277,danceability,outlier_high,1.2458
17281,valence,missing_value,
17282,danceability,missing_value,
17283,energy,missing_value,
17284,energy,outlier_low,-0.0341
17287,valence,missing_value,
17287,liveness,missing_value,
17288,loudness,outlier_high,1.6963
17291,valence,missing_value,
17291,acousticness,missing_value,
17297,energy,missing_value,
17302,instrumentalness,missing_value,
17306,energy,outlier_high,1.2416
17309,tempo,missing_value,
17309,instrumentalness,missing_value,
17312,valence,missing_value,
17314,speechiness,missing_value,
17315,energy,missing_value,
17322,loudness,outlier_low,-85.0610
17323,tempo,missing_value,
17326,energy,outlier_low,-0.1247
17326,instrumentalness,missing_value,
17330,energy,missing_value,
17331,instrumentalness,missing_value,
17332,acousticness,missing_value,
17334,tempo,outlier_high,301.9151
17337,acousticness,missing_value,
17337,tempo,missing_value,
17338,energy,missing_value,
17356,danceability,missing_value,
17358,acousticness,missing_value,
17359,loudness,missing_value,
17361,tempo,missing_value,
17361,loudness,missing_value,
17362,instrumentalness,missing_value,
17368,energy,missing_value,
17370,liveness,missing_value,
17383,acousticness,missing_value,
17386,valence,missing_value,
17387,danceability,missing_value,
17389,acousticness,missing_value,
17398,acousticness,missing_value,
17406,speechiness,missing_value,
17406,tempo,missing_value,
17406,danceability,missing_value,
17412,instrumentalness,missing_value,
17414,acousticness,missing_value,
17415,liveness,missing_value,
17421,tempo,missing_value,
17424,speechiness,missing_value,
17427,loudness,missing_value,
17433,speechiness,missing_value,
17442,valence,outlier_low,-0.1937
17442,acousticness,missing_value,
17442,tempo,outlier_low,7.3806
17446,instrumentalness,missing_value,
17448,valence,missing_value,
17449,acousticness,missing_value,
17455,energy,missing_value,
17458,danceability,missing_value,
17459,acousticness,missing_value,
17460,valence,outlier_low,-0.0412
17460,acousticness,missing_value,
17469,valence,missing_value,
17470,instrumentalness,missing_value,
17472,loudness,outlier_low,-71.4482
17475,valence,missing_value,
17480,energy,missing_value,
17483,loudness,missing_value,
17495,valence,missing_value,
17510,acousticness,missing_value,
17510,instrumentalness,missing_value,
17515,valence,outlier_high,1.3150
17515,instrumentalness,missing_value,
17520,energy,missing_value,
17524,tempo,missing_value,
17533,speechiness,missing_value,
17534,liveness,missing_value,
17534,tempo,missing_value,
17540,danceability,missing_value,
17545,speechiness,missing_value,
17547,danceability,outlier_low,-0.0788
17554,valence,missing_value,
17555,danceability,missing_value,
17558,energy,missing_value,
17559,loudness,missing_value,
17560,loudness,missing_value,
17564,speechiness,missing_value,
17572,speechiness,missing_value,
17579,tempo,missing_value,
17580,speechiness,missing_value,
17598,tempo,missing_value,
17601,valence,outlier_low,-0.2953
17603,danceability,missing_value,
17612,acousticness,missing_value,
17620,instrumentalness,missing_value,
17632,speechiness,missing_value,
17641,instrumentalness,missing_value,
17645,tempo,missing_value,
17651,liveness,missing_value,
17655,loudness,missing_value,
17657,speechiness,missing_value,
17666,tempo,missing_value,
17667,loudness,missing_value,
17670,valence,missing_value,
17671,tempo,outlier_high,380.2964
17673,energy,outlier_high,1.4680
17680,acousticness,missing_value,
17683,danceability,outlier_low,-0.0133
17690,valence,missing_value,
17693,liveness,missing_value,
17697,tempo,missing_value,
17701,tempo,missing_value,
17702,instrumentalness,missing_value,
17712,loudness,missing_value,
17713,tempo,missing_value,
17724,energy,outlier_high,1.2544
17724,instrumentalness,missing_value,
17726,valence,missing_value,
17726,loudness,missing_value,
17731,acousticness,missing_value,
17732,energy,missing_value,
17732,tempo,missing_value,
17732,loudness,missing_value,
17733,valence,outlier_high,1.2597
17737,danceability,missing_value,
17737,loudness,missing_value,
17742,acousticness,missing_value,
17743,energy,missing_value,
17747,loudness,missing_value,
17748,valence,missing_value,
17753,valence,outlier_low,-0.2700
17754,liveness,missing_value,
17754,energy,missing_value,
17755,danceability,missing_value,
17765,tempo,missing_value,
17769,speechiness,missing_value,
17772,danceability,missing_value,
17775,acousticness,missing_value,
17775,loudness,outlier_low,-72.9669
17779,liveness,missing_value,
17780,acousticness,missing_value,
17788,valence,missing_value,
17791,instrumentalness,missing_value,
17791,loudness,missing_value,
17792,loudness,outlier_high,4.4851
17793,tempo,outlier_low,4.7860
17796,danceability,missing_value,
17800,loudness,missing_value,
17805,danceability,missing_value,
17812,loudness,missing_value,
17812,danceability,missing_value,
17813,instrumentalness,missing_value,
17821,liveness,missing_value,
17822,acousticness,missing_value,
17826,danceability,missing_value,
17827,tempo,missing_value,
17830,acousticness,missing_value,
17831,energy,missing_value,
17833,loudness,missing_value,
17839,speechiness,missing_value,
17841,instrumentalness,missing_value,
17846,liveness,missing_value,
17848,energy,missing_value,
17848,loudness,missing_value,
17850,loudness,outlier_low,-87.5308
17858,danceability,missing_value,
17871,tempo,missing_value,
17873,loudness,missing_value,
17874,liveness,missing_value,
17876,liveness,missing_value,
17877,instrumentalness,missing_value,
17883,instrumentalness,missing_value,
17883,loudness,missing_value,
17886,instrumentalness,missing_value,
17888,loudness,missing_value,
17891,energy,missing_value,
17892,valence,missing_value,
17896,danceability,missing_value,
17899,danceability,missing_value,
17903,tempo,missing_value,
17905,valence,outlier_low,-0.1968
17906,loudness,outlier_low,-87.6082
17907,speechiness,missing_value,
17909,danceability,missing_value,
17910,energy,missing_value,
17911,danceability,outlier_low,-0.2400
17915,valence,missing_value,
17917,speechiness,missing_value,
17918,loudness,outlier_high,5.6320
17919,loudness,missing_value,
17921,instrumentalness,missing_value,
17923,liveness,missing_value,
17925,liveness,missing_value,
17928,danceability,missing_value,
17929,valence,missing_value,
17936,valence,missing_value,
17938,energy,missing_value,
17939,valence,missing_value,
17941,valence,missing_value,
17945,energy,missing_value,
17946,liveness,missing_value,
17946,acousticness,missing_value,
17946,instrumentalness,missing_value,
17947,instrumentalness,missing_value,
17948,energy,missing_value,
17950,valence,missing_value,
17959,loudness,missing_value,
17967,loudness,outlier_high,2.4518
17968,instrumentalness,missing_value,
17970,liveness,missing_value,
17974,energy,missing_value,
17978,liveness,missing_value,
17978,danceability,missing_value,
17979,danceability,missing_value,
17983,energy,outlier_high,1.0564
17985,speechiness,missing_value,
17986,valence,missing_value,
17986,speechiness,missing_value,
17997,loudness,missing_value,
17999,instrumentalness,missing_value,
18000,instrumentalness,missing_value,
18000,danceability,missing_value,
18001,danceability,missing_value,
18002,valence,missing_value,
18003,speechiness,missing_value,
18012,speechiness,missing_value,
18012,loudness,outlier_high,2.1758
18013,valence,missing_value,
18024,tempo,outlier_low,7.7949
18037,danceability,missing_value,
18038,speechiness,missing_value,
18041,energy,missing_value,
18052,acousticness,missing_value,
18055,loudness,missing_value,
18074,energy,missing_value,
18081,energy,missing_value,
18084,energy,missing_value,
18092,valence,outlier_low,-0.2052
18093,danceability,outlier_low,-0.0256
18095,energy,missing_value,
18098,tempo,missing_value,
18105,danceability,missing_value,
18107,valence,missing_value,
18107,instrumentalness,missing_value,
18112,danceability,missing_value,
18113,tempo,missing_value,
18114,speechiness,missing_value,
18118,speechiness,missing_value,
18135,danceability,missing_value,
18140,loudness,outlier_high,5.4760
18141,speechiness,missing_value,
18151,danceability,missing_value,
18151,instrumentalness,missing_value,
18153,instrumentalness,missing_value,
18158,instrumentalness,missing_value,
18159,valence,missing_value,
18160,instrumentalness,missing_value,
18161,acousticness,missing_value,
18161,tempo,missing_value,
18167,loudness,missing_value,
18169,loudness,outlier_high,2.9941
18174,tempo,missing_value,
18176,liveness,missing_value,
18179,loudness,missing_value,
18180,danceability,missing_value,
18189,loudness,outlier_high,2.8900
18191,energy,missing_value,
18195,loudness,missing_value,
18196,speechiness,missing_value,
18197,valence,missing_value,
18199,danceability,missing_value,
18200,energy,missing_value,
18204,instrumentalness,missing_value,
18205,speechiness,missing_value,
18206,liveness,missing_value,
18220,energy,missing_value,
18231,valence,outlier_high,1.1870
18232,valence,missing_value,
18233,liveness,missing_value,
18234,loudness,missing_value,
18237,energy,missing_value,
18238,acousticness,missing_value,
18239,danceability,outlier_high,1.4272
18241,valence,missing_value,
18244,loudness,outlier_high,3.0473
18247,energy,missing_value,
18250,speechiness,missing_value,
18253,tempo,missing_value,
18257,loudness,missing_value,
18259,tempo,missing_value,
18263,tempo,missing_value,
18266,liveness,missing_value,
18269,instrumentalness,missing_value,
18274,acousticness,missing_value,
18277,liveness,missing_value,
18278,instrumentalness,missing_value,
18284,energy,missing_value,
18285,speechiness,missing_value,
18290,danceability,missing_value,
18293,instrumentalness,missing_value,
18296,loudness,missing_value,
18297,valence,missing_value,
18300,tempo,outlier_low,9.1950
18305,acousticness,missing_value,
18308,valence,missing_value,
18310,acousticness,missing_value,
18311,tempo,missing_value,
18313,energy,outlier_low,-0.1482
18314,energy,missing_value,
18314,instrumentalness,missing_value,
18314,acousticness,missing_value,
18315,loudness,missing_value,
18316,liveness,missing_value,
18320,valence,outlier_high,1.3485
18321,energy,missing_value,
18324,loudness,missing_value,
18327,loudness,outlier_low,-78.8035
18334,instrumentalness,missing_value,
18334,liveness,missing_value,
18342,instrumentalness,missing_value,
18347,tempo,outlier_high,370.2571
18348,speechiness,missing_value,
18350,acousticness,missing_value,
18352,liveness,missing_value,
18358,loudness,missing_value,
18362,acousticness,missing_value,
18363,acousticness,missing_value,
18365,liveness,missing_value,
18365,valence,missing_value,
18366,loudness,missing_value,
18371,loudness,missing_value,
18376,acousticness,missing_value,
18377,acousticness,missing_value,
18387,tempo,missing_value,
18389,danceability,outlier_high,1.1401
18394,speechiness,missing_value,
18394,liveness,missing_value,
18414,speechiness,missing_value,
18417,tempo,outlier_low,11.5145
18422,tempo,missing_value,
18425,loudness,missing_value,
18429,acousticness,missing_value,
18435,tempo,missing_value,
18436,loudness,missing_value,
18441,liveness,missing_value,
18456,valence,missing_value,
18457,acousticness,missing_value,
18458,tempo,missing_value,
18459,acousticness,missing_value,
18459,liveness,missing_value,
18459,energy,outlier_low,-0.2516
18460,loudness,outlier_low,-89.4980
18473,loudness,missing_value,
18474,valence,outlier_high,1.1185
18474,speechiness,missing_value,
18474,liveness,missing_value,
18474,tempo,missing_value,
18476,energy,outlier_high,1.2376
18478,tempo,missing_value,
18478,liveness,missing_value,
18482,energy,missing_value,
18486,valence,missing_value,
18491,valence,missing_value,
18491,speechiness,missing_value,
18492,tempo,missing_value,
18494,loudness,missing_value,
18498,valence,missing_value,
18502,acousticness,missing_value,
18508,instrumentalness,missing_value,
18508,acousticness,missing_value,
18509,loudness,missing_value,
18510,loudness,missing_value,
18510,valence,missing_value,
18517,acousticness,missing_value,
18517,liveness,missing_value,
18531,energy,missing_value,
18531,loudness,missing_value,
18536,loudness,missing_value,
18538,liveness,missing_value,
18540,liveness,missing_value,
18541,loudness,missing_value,
18543,valence,outlier_high,1.0851
18545,tempo,missing_value,
18546,danceability,missing_value,
18550,speechiness,missing_value,
18552,liveness,missing_value,
18552,danceability,outlier_high,1.1437
18554,instrumentalness,missing_value,
18558,energy,missing_value,
18559,valence,missing_value,
18569,energy,outlier_low,-0.0747
18579,tempo,outlier_low,1.3791
18582,instrumentalness,missing_value,
18582,valence,missing_value,
18583,liveness,missing_value,
18589,speechiness,missing_value,
18589,danceability,missing_value,
18592,tempo,missing_value,
18593,tempo,missing_value,
18597,energy,missing_value,
18601,acousticness,missing_value,
18602,danceability,missing_value,
18603,liveness,missing_value,
18604,loudness,missing_value,
18611,tempo,missing_value,
18612,speechiness,missing_value,
18622,tempo,missing_value,
18631,instrumentalness,missing_value,
18643,instrumentalness,missing_value,
18655,liveness,missing_value,
18660,tempo,missing_value,
18661,tempo,missing_value,
18661,liveness,missing_value,
18663,speechiness,missing_value,
18665,tempo,missing_value,
18671,speechiness,missing_value,
18679,tempo,missing_value,
18681,danceability,missing_value,
18684,danceability,missing_value,
18686,instrumentalness,missing_value,
18688,liveness,missing_value,
18693,danceability,missing_value,
18697,liveness,missing_value,
18697,tempo,missing_value,
18700,acousticness,missing_value,
18701,tempo,missing_value,
18703,liveness,missing_value,
18707,tempo,missing_value,
18713,tempo,missing_value,
18714,loudness,outlier_low,-79.2450
18718,liveness,missing_value,
18718,acousticness,missing_value,
18719,danceability,missing_value,
18721,valence,missing_value,
18721,speechiness,missing_value,
18723,speechiness,missing_value,
18728,acousticness,missing_value,
18734,acousticness,missing_value,
18736,loudness,missing_value,
18740,valence,missing_value,
18742,liveness,missing_value,
18743,liveness,missing_value,
18746,valence,outlier_high,1.0683
18749,instrumentalness,missing_value,
18756,loudness,missing_value,
18756,speechiness,missing_value,
18763,acousticness,missing_value,
18766,danceability,missing_value,
18766,valence,missing_value,
18768,energy,missing_value,
18769,liveness,missing_value,
18771,acousticness,missing_value,
18776,energy,missing_value,
18779,valence,missing_value,
18784,tempo,missing_value,
18800,energy,missing_value,
18811,loudness,outlier_low,-76.5031
18820,tempo,missing_value,
18824,instrumentalness,missing_value,
18826,liveness,missing_value,
18832,danceability,missing_value,
18835,liveness,missing_value,
18840,valence,missing_value,
18849,tempo,missing_value,
18851,danceability,outlier_low,-0.0489
18851,tempo,missing_value,
18854,tempo,missing_value,
18856,instrumentalness,missing_value,
18857,acousticness,missing_value,
18865,loudness,missing_value,
18867,tempo,missing_value,
18872,loudness,missing_value,
18873,loudness,missing_value,
18873,tempo,missing_value,
18879,danceability,missing_value,
18880,loudness,missing_value,
18881,danceability,missing_value,
18885,danceability,outlier_low,-0.1776
18885,speechiness,missing_value,
18886,valence,missing_value,
18888,danceability,missing_value,
18889,liveness,missing_value,
18893,tempo,outlier_high,345.6666
18896,valence,missing_value,
18897,tempo,missing_value,
18902,instrumentalness,missing_value,
18913,acousticness,missing_value,
18914,danceability,missing_value,
18914,instrumentalness,missing_value,
18917,danceability,missing_value,
18922,valence,missing_value,
18922,liveness,missing_value,
18925,liveness,missing_value,
18927,speechiness,missing_value,
18937,danceability,missing_value,
18940,loudness,missing_value,
18942,acousticness,missing_value,
18953,energy,missing_value,
18957,liveness,missing_value,
18958,loudness,missing_value,
18958,speechiness,missing_value,
18960,liveness,missing_value,
18961,speechiness,missing_value,
18969,valence,missing_value,
18971,instrumentalness,missing_value,
18972,tempo,missing_value,
18972,speechiness,missing_value,
18980,speechiness,missing_value,
18985,tempo,outlier_high,348.6162
18989,acousticness,missing_value,
18989,instrumentalness,missing_value,
18993,speechiness,missing_value,
18998,instrumentalness,missing_value,
19004,loudness,missing_value,
19009,instrumentalness,missing_value,
19010,tempo,missing_value,
19011,loudness,missing_value,
19014,instrumentalness,missing_value,
19014,danceability,missing_value,
19021,instrumentalness,missing_value,
19025,loudness,missing_value,
19026,tempo,missing_value,
19029,liveness,missing_value,
19030,liveness,missing_value,
19032,loudness,missing_value,
19033,liveness,missing_value,
19039,tempo,outlier_high,341.3200
19039,liveness,missing_value,
19044,instrumentalness,missing_value,
19045,energy,missing_value,
19046,valence,missing_value,
19046,instrumentalness,missing_value,
19047,liveness,missing_value,
19049,energy,missing_value,
19053,instrumentalness,missing_value,
19054,energy,missing_value,
19059,tempo,missing_value,
19059,loudness,missing_value,
19061,instrumentalness,missing_value,
19063,tempo,outlier_low,8.3473
19067,tempo,missing_value,
19067,instrumentalness,missing_value,
19081,energy,missing_value,
19082,tempo,missing_value,
19085,speechiness,missing_value,
19091,tempo,missing_value,
19093,energy,missing_value,
19095,danceability,missing_value,
19096,valence,missing_value,
19102,instrumentalness,missing_value,
19102,valence,missing_value,
19105,speechiness,missing_value,
19112,tempo,outlier_low,4.8928
19113,liveness,missing_value,
19117,tempo,outlier_low,8.2931
19121,speechiness,missing_value,
19121,danceability,missing_value,
19125,danceability,missing_value,
19131,speechiness,missing_value,
19132,speechiness,missing_value,
19133,energy,missing_value,
19134,instrumentalness,missing_value,
19144,valence,missing_value,
19145,valence,missing_value,
19149,energy,outlier_low,-0.2054
19155,energy,missing_value,
19163,danceability,missing_value,
19173,instrumentalness,missing_value,
19177,speechiness,missing_value,
19181,tempo,missing_value,
19186,energy,missing_value,
19191,liveness,missing_value,
19201,acousticness,missing_value,
19201,energy,missing_value,
19205,valence,missing_value,
19205,liveness,missing_value,
19208,tempo,missing_value,
19215,danceability,missing_value,
19221,loudness,missing_value,
19223,instrumentalness,missing_value,
19227,valence,missing_value,
19227,danceability,missing_value,
19231,danceability,missing_value,
19232,speechiness,missing_value,
19235,valence,missing_value,
19236,speechiness,missing_value,
19244,loudness,missing_value,
19245,speechiness,missing_value,
19246,liveness,missing_value,
19255,danceability,outlier_high,1.2883
19257,loudness,missing_value,
19259,acousticness,missing_value,
19262,acousticness,missing_value,
19264,loudness,missing_value,
19266,energy,missing_value,
19272,loudness,missing_value,
19276,speechiness,missing_value,
19282,valence,missing_value,
19283,acousticness,missing_value,
19284,liveness,missing_value,
19287,liveness,missing_value,
19290,energy,outlier_low,-0.0474
19292,danceability,missing_value,
19294,loudness,missing_value,
19294,tempo,missing_value,
19296,energy,missing_value,
19297,acousticness,missing_value,
19300,energy,missing_value,
19301,speechiness,missing_value,
19308,valence,missing_value,
19309,loudness,outlier_low,-76.4107
19311,speechiness,missing_value,
19313,acousticness,missing_value,
19316,liveness,missing_value,
19317,speechiness,missing_value,
19319,energy,outlier_low,-0.0149
19324,instrumentalness,missing_value,
19325,liveness,missing_value,
19325,loudness,missing_value,
19326,instrumentalness,missing_value,
19340,energy,outlier_high,1.0657
19350,energy,missing_value,
19353,energy,missing_value,
19357,speechiness,missing_value,
19357,danceability,outlier_high,1.2000
19367,liveness,missing_value,
19369,valence,missing_value,
19375,loudness,missing_value,
19375,liveness,missing_value,
19378,speechiness,missing_value,
19379,danceability,missing_value,
19379,energy,outlier_low,-0.2741
19381,energy,missing_value,
19382,danceability,missing_value,
19383,danceability,missing_value,
19385,loudness,missing_value,
19387,loudness,missing_value,
19388,speechiness,missing_value,
19393,loudness,missing_value,
19398,loudness,missing_value,
19399,loudness,missing_value,
19404,acousticness,missing_value,
19404,instrumentalness,missing_value,
19422,energy,missing_value,
19424,speechiness,missing_value,
19432,valence,outlier_low,-0.0534
19433,energy,missing_value,
19433,valence,missing_value,
19436,danceability,missing_value,
19438,energy,missing_value,
19440,speechiness,missing_value,
19442,danceability,outlier_high,1.1908
19446,instrumentalness,missing_value,
19447,danceability,missing_value,
19448,valence,missing_value,
19451,liveness,missing_value,
19453,loudness,missing_value,
19454,loudness,missing_value,
19455,valence,missing_value,
19468,speechiness,missing_value,
19470,liveness,missing_value,
19475,loudness,missing_value,
19481,instrumentalness,missing_value,
19482,loudness,outlier_low,-84.4210
19483,loudness,missing_value,
19487,acousticness,missing_value,
19492,acousticness,missing_value,
19493,instrumentalness,missing_value,
19494,liveness,missing_value,
19511,instrumentalness,missing_value,
19518,tempo,missing_value,
19524,danceability,missing_value,
19530,tempo,outlier_low,2.2777
19530,valence,missing_value,
19535,acousticness,missing_value,
19543,energy,missing_value,
19543,tempo,missing_value,
19549,loudness,outlier_low,-81.4801
19552,danceability,missing_value,
19561,tempo,missing_value,
19565,speechiness,missing_value,
19570,tempo,outlier_low,10.8026
19570,valence,missing_value,
19579,tempo,missing_value,
19581,energy,missing_value,
19581,tempo,missing_value,
19586,valence,missing_value,
19595,liveness,missing_value,
19604,tempo,missing_value,
19607,liveness,missing_value,
19608,loudness,outlier_low,-79.7294
19611,instrumentalness,missing_value,
19612,instrumentalness,missing_value,
19622,energy,missing_value,
19626,tempo,missing_value,
19628,liveness,missing_value,
19632,energy,missing_value,
19636,valence,missing_value,
19637,liveness,missing_value,
19640,acousticness,missing_value,
19641,loudness,missing_value,
19646,energy,missing_value,
19648,energy,missing_value,
19651,tempo,missing_value,
19652,loudness,missing_value,
19659,energy,missing_value,
19662,tempo,missing_value,
19673,energy,missing_value,
19678,liveness,missing_value,
19679,valence,missing_value,
19687,tempo,missing_value,
19688,tempo,missing_value,
19689,tempo,outlier_high,409.5540
19693,acousticness,missing_value,
19695,valence,missing_value,
19696,valence,missing_value,
19701,liveness,missing_value,
19706,valence,missing_value,
19707,valence,missing_value,
19712,speechiness,missing_value,
19712,loudness,missing_value,
19712,danceability,outlier_high,1.1418
19717,speechiness,missing_value,
19717,danceability,missing_value,
19720,loudness,missing_value,
19725,danceability,outlier_low,-0.2817
19729,speechiness,missing_value,
19730,acousticness,missing_value,
19734,energy,missing_value,
19744,tempo,missing_value,
19747,valence,missing_value,
19751,energy,missing_value,
19751,tempo,missing_value,
19753,speechiness,missing_value,
19754,instrumentalness,missing_value,
19759,tempo,missing_value,
19762,danceability,missing_value,
19763,energy,missing_value,
19769,loudness,missing_value,
19779,speechiness,missing_value,
19788,loudness,missing_value,
19791,speechiness,missing_value,
19793,loudness,missing_value,
19795,liveness,missing_value,
19796,speechiness,missing_value,
19799,valence,outlier_low,-0.2243
19804,energy,missing_value,
19811,instrumentalness,missing_value,
19814,danceability,missing_value,
19817,tempo,missing_value,
19818,instrumentalness,missing_value,
19819,acousticness,missing_value,
19822,liveness,missing_value,
19825,valence,outlier_high,1.2524
19829,liveness,missing_value,
19830,valence,missing_value,
19831,danceability,missing_value,
19831,valence,missing_value,
19837,danceability,outlier_high,1.0574
19839,loudness,missing_value,
19841,danceability,missing_value,
19842,instrumentalness,missing_value,
19848,danceability,missing_value,
19853,instrumentalness,missing_value,
19854,danceability,missing_value,
19855,energy,outlier_low,-0.0953
19856,loudness,missing_value,
19856,danceability,missing_value,
19859,liveness,missing_value,
19860,tempo,missing_value,
19860,loudness,outlier_high,7.9565
19862,tempo,missing_value,
19871,instrumentalness,missing_value,
19872,valence,outlier_low,-0.1312
19877,loudness,missing_value,
19880,speechiness,missing_value,
19884,speechiness,missing_value,
19895,valence,missing_value,
19897,liveness,missing_value,
19898,valence,missing_value,
19902,energy,missing_value,
19903,loudness,outlier_high,3.9994
19906,acousticness,missing_value,
19907,energy,missing_value,
19910,speechiness,missing_value,
19912,danceability,missing_value,
19913,tempo,missing_value,
19913,acousticness,missing_value,
19914,loudness,outlier_low,-85.2357
19926,loudness,missing_value,
19927,danceability,missing_value,
19929,liveness,missing_value,
19930,liveness,missing_value,
19935,acousticness,missing_value,
19939,danceability,missing_value,
19940,instrumentalness,missing_value,
19942,tempo,outlier_low,11.4818
19942,loudness,outlier_low,-77.3892
19946,instrumentalness,missing_value,
19957,energy,outlier_high,1.3201
19957,instrumentalness,missing_value,
19963,danceability,missing_value,
19968,instrumentalness,missing_value,
19969,instrumentalness,missing_value,
19974,instrumentalness,missing_value,
19977,valence,missing_value,
19978,danceability,missing_value,
19980,instrumentalness,missing_value,
19980,speechiness,missing_value,
19980,valence,outlier_high,1.0688
19984,loudness,missing_value,
19992,valence,missing_value,
19997,liveness,missing_value,
20000,,duplicate,copy of original row 8962
20001,,duplicate,copy of original row 17067
20002,,duplicate,copy of original row 10013
20003,,duplicate,copy of original row 2448
20004,,duplicate,copy of original row 16151
20005,,duplicate,copy of original row 17601
20006,,duplicate,copy of original row 7814
20007,,duplicate,copy of original row 5564
20008,,duplicate,copy of original row 16507
20009,,duplicate,copy of original row 7808
20010,,duplicate,copy of original row 9360
20011,,duplicate,copy of original row 18109
20012,,duplicate,copy of original row 18379
20013,,duplicate,copy of original row 6539
20014,,duplicate,copy of original row 19616
20015,,duplicate,copy of original row 15482
20016,,duplicate,copy of original row 2827
20017,,duplicate,copy of original row 12276
20018,,duplicate,copy of original row 17756
20019,,duplicate,copy of original row 17411
20020,,duplicate,copy of original row 9199
20021,,duplicate,copy of original row 12916
20022,,duplicate,copy of original row 13511
20023,,duplicate,copy of original row 16111
20024,,duplicate,copy of original row 9630
20025,,duplicate,copy of original row 9863
20026,,duplicate,copy of original row 2053
20027,,duplicate,copy of original row 13322
20028,,duplicate,copy of original row 5683
20029,,duplicate,copy of original row 19226
20030,,duplicate,copy of original row 11020
20031,,duplicate,copy of original row 18840
20032,,duplicate,copy of original row 14354
20033,,duplicate,copy of original row 2406
20034,,duplicate,copy of original row 3046
20035,,duplicate,copy of original row 903
20036,,duplicate,copy of original row 15090
20037,,duplicate,copy of original row 8852
20038,,duplicate,copy of original row 8695
20039,,duplicate,copy of original row 6848
20040,,duplicate,copy of original row 2595
20041,,duplicate,copy of original row 19015
20042,,duplicate,copy of original row 5462
20043,,duplicate,copy of original row 13115
20044,,duplicate,copy of original row 16081
20045,,duplicate,copy of original row 1044
20046,,duplicate,copy of original row 19910
20047,,duplicate,copy of original row 18537
20048,,duplicate,copy of original row 1462
20049,,duplicate,copy of original row 4341
20050,,duplicate,copy of original row 4838
20051,,duplicate,copy of original row 4739
20052,,duplicate,copy of original row 13061
20053,,duplicate,copy of original row 6855
20054,,duplicate,copy of original row 7495
20055,,duplicate,copy of original row 8922
20056,,duplicate,copy of original row 10161
20057,,duplicate,copy of original row 15202
20058,,duplicate,copy of original row 8495
20059,,duplicate,copy of original row 19505
20060,,duplicate,copy of original row 4261
20061,,duplicate,copy of original row 17274
20062,,duplicate,copy of original row 17172
20063,,duplicate,copy of original row 16603
20064,,duplicate,copy of original row 11782
20065,,duplicate,copy of original row 16674
20066,,duplicate,copy of original row 11966
20067,,duplicate,copy of original row 8046
20068,,duplicate,copy of original row 16619
20069,,duplicate,copy of original row 6711
20070,,duplicate,copy of original row 17797
20071,,duplicate,copy of original row 4719
20072,,duplicate,copy of original row 12779
20073,,duplicate,copy of original row 2851
20074,,duplicate,copy of original row 6342
20075,,duplicate,copy of original row 5673
20076,,duplicate,copy of original row 710
20077,,duplicate,copy of original row 1687
20078,,duplicate,copy of original row 13918
20079,,duplicate,copy of original row 17285
20080,,duplicate,copy of original row 330
20081,,duplicate,copy of original row 8032
20082,,duplicate,copy of original row 2250
20083,,duplicate,copy of original row 5253
20084,,duplicate,copy of original row 4912
20085,,duplicate,copy of original row 14000
20086,,duplicate,copy of original row 13238
20087,,duplicate,copy of original row 2323
20088,,duplicate,copy of original row 14399
20089,,duplicate,copy of original row 7518
20090,,duplicate,copy of original row 1539
20091,,duplicate,copy of original row 16264
20092,,duplicate,copy of original row 13507
20093,,duplicate,copy of original row 3502
20094,,duplicate,copy of original row 8553
20095,,duplicate,copy of original row 13761
20096,,duplicate,copy of original row 6241
20097,,duplicate,copy of original row 4966
20098,,duplicate,copy of original row 9101
20099,,duplicate,copy of original row 9772
20100,,duplicate,copy of original row 18127
20101,,duplicate,copy of original row 1030
20102,,duplicate,copy of original row 13793
20103,,duplicate,copy of original row 11280
20104,,duplicate,copy of original row 19252
20105,,duplicate,copy of original row 2317
20106,,duplicate,copy of original row 4280
20107,,duplicate,copy of original row 19756
20108,,duplicate,copy of original row 564
20109,,duplicate,copy of original row 301
20110,,duplicate,copy of original row 15750
20111,,duplicate,copy of original row 12478
20112,,duplicate,copy of original row 13342
20113,,duplicate,copy of original row 18474
20114,,duplicate,copy of original row 8561
20115,,duplicate,copy of original row 19760
20116,,duplicate,copy of original row 4747
20117,,duplicate,copy of original row 16030
20118,,duplicate,copy of original row 6005
20119,,duplicate,copy of original row 13069
20120,,duplicate,copy of original row 18382
20121,,duplicate,copy of original row 5404
20122,,duplicate,copy of original row 10953
20123,,duplicate,copy of original row 13288
20124,,duplicate,copy of original row 18604
20125,,duplicate,copy of original row 2904
20126,,duplicate,copy of original row 4200
20127,,duplicate,copy of original row 14615
20128,,duplicate,copy of original row 8722
20129,,duplicate,copy of original row 10796
20130,,duplicate,copy of original row 12051
20131,,duplicate,copy of original row 9556
20132,,duplicate,copy of original row 8055
20133,,duplicate,copy of original row 3688
20134,,duplicate,copy of original row 645
20135,,duplicate,copy of original row 4451
20136,,duplicate,copy of original row 696
20137,,duplicate,copy of original row 17462
20138,,duplicate,copy of original row 11859
20139,,duplicate,copy of original row 15799
20140,,duplicate,copy of original row 1282
20141,,duplicate,copy of original row 14688
20142,,duplicate,copy of original row 16714
20143,,duplicate,copy of original row 1177
20144,,duplicate,copy of original row 922
20145,,duplicate,copy of original row 15485
20146,,duplicate,copy of original row 8995
20147,,duplicate,copy of original row 3669
20148,,duplicate,copy of original row 417
20149,,duplicate,copy of original row 2573
20150,,duplicate,copy of original row 14703
20151,,duplicate,copy of original row 11160
20152,,duplicate,copy of original row 5483
20153,,duplicate,copy of original row 2270
20154,,duplicate,copy of original row 9006
20155,,duplicate,copy of original row 6207
20156,,duplicate,copy of original row 8263
20157,,duplicate,copy of original row 17796
20158,,duplicate,copy of original row 4985
20159,,duplicate,copy of original row 12851
20160,,duplicate,copy of original row 9187
20161,,duplicate,copy of original row 13645
20162,,duplicate,copy of original row 10337
20163,,duplicate,copy of original row 10082
20164,,duplicate,copy of original row 14979
20165,,duplicate,copy of original row 16418
20166,,duplicate,copy of original row 6532
20167,,duplicate,copy of original row 10821
20168,,duplicate,copy of original row 11342
20169,,duplicate,copy of original row 6343
20170,,duplicate,copy of original row 1411
20171,,duplicate,copy of original row 5756
20172,,duplicate,copy of original row 9868
20173,,duplicate,copy of original row 297
20174,,duplicate,copy of original row 9018
20175,,duplicate,copy of original row 9838
20176,,duplicate,copy of original row 12692
20177,,duplicate,copy of original row 14473
20178,,duplicate,copy of original row 11624
20179,,duplicate,copy of original row 2814
20180,,duplicate,copy of original row 12671
20181,,duplicate,copy of original row 6644
20182,,duplicate,copy of original row 4716
20183,,duplicate,copy of original row 6910
20184,,duplicate,copy of original row 15212
20185,,duplicate,copy of original row 11649
20186,,duplicate,copy of original row 12475
20187,,duplicate,copy of original row 19530
20188,,duplicate,copy of original row 7334
20189,,duplicate,copy of original row 9596
20190,,duplicate,copy of original row 11803
20191,,duplicate,copy of original row 7710
20192,,duplicate,copy of original row 13228
20193,,duplicate,copy of original row 12679
20194,,duplicate,copy of original row 1159
20195,,duplicate,copy of original row 19909
20196,,duplicate,copy of original row 3307
20197,,duplicate,copy of original row 16467
20198,,duplicate,copy of original row 10051
20199,,duplicate,copy of original row 2029
20200,,duplicate,copy of original row 16632
20201,,duplicate,copy of original row 15859
20202,,duplicate,copy of original row 12723
20203,,duplicate,copy of original row 37
20204,,duplicate,copy of original row 846
20205,,duplicate,copy of original row 7135
20206,,duplicate,copy of original row 9651
20207,,duplicate,copy of original row 19786
20208,,duplicate,copy of original row 6301
20209,,duplicate,copy of original row 14096
20210,,duplicate,copy of original row 8437
20211,,duplicate,copy of original row 10868
20212,,duplicate,copy of original row 6841
20213,,duplicate,copy of original row 419
20214,,duplicate,copy of original row 16651
20215,,duplicate,copy of original row 3092
20216,,duplicate,copy of original row 3137
20217,,duplicate,copy of original row 14564
20218,,duplicate,copy of original row 9941
20219,,duplicate,copy of original row 17683
20220,,duplicate,copy of original row 12324
20221,,duplicate,copy of original row 7200
20222,,duplicate,copy of original row 7824
20223,,duplicate,copy of original row 2636
20224,,duplicate,copy of original row 9353
20225,,duplicate,copy of original row 1822
20226,,duplicate,copy of original row 1134
20227,,duplicate,copy of original row 11277
20228,,duplicate,copy of original row 5637
20229,,duplicate,copy of original row 4539
20230,,duplicate,copy of original row 2606
20231,,duplicate,copy of original row 689
20232,,duplicate,copy of original row 2512
20233,,duplicate,copy of original row 5194
20234,,duplicate,copy of original row 10306
20235,,duplicate,copy of original row 11467
20236,,duplicate,copy of original row 10685
20237,,duplicate,copy of original row 3302
20238,,duplicate,copy of original row 394
20239,,duplicate,copy of original row 15223
20240,,duplicate,copy of original row 2511
20241,,duplicate,copy of original row 14383
20242,,duplicate,copy of original row 259
20243,,duplicate,copy of original row 4751
20244,,duplicate,copy of original row 15105
20245,,duplicate,copy of original row 16538
20246,,duplicate,copy of original row 19003
20247,,duplicate,copy of original row 17837
20248,,duplicate,copy of original row 19742
20249,,duplicate,copy of original row 12149
20250,,duplicate,copy of original row 9298
20251,,duplicate,copy of original row 11572
20252,,duplicate,copy of original row 5311
20253,,duplicate,copy of original row 4233
20254,,duplicate,copy of original row 9828
20255,,duplicate,copy of original row 3791
20256,,duplicate,copy of original row 14592
20257,,duplicate,copy of original row 18099
20258,,duplicate,copy of original row 17435
20259,,duplicate,copy of original row 13325
20260,,duplicate,copy of original row 17164
20261,,duplicate,copy of original row 13606
20262,,duplicate,copy of original row 5341
20263,,duplicate,copy of original row 5663
20264,,duplicate,copy of original row 3694
20265,,duplicate,copy of original row 16702
20266,,duplicate,copy of original row 6715
20267,,duplicate,copy of original row 977
20268,,duplicate,copy of original row 13784
20269,,duplicate,copy of original row 6473
20270,,duplicate,copy of original row 16311
20271,,duplicate,copy of original row 329
20272,,duplicate,copy of original row 9191
20273,,duplicate,copy of original row 6021
20274,,duplicate,copy of original row 17036
20275,,duplicate,copy of original row 8422
20276,,duplicate,copy of original row 9228
20277,,duplicate,copy of original row 15125
20278,,duplicate,copy of original row 12953
20279,,duplicate,copy of original row 15712
20280,,duplicate,copy of original row 10984
20281,,duplicate,copy of original row 13707
20282,,duplicate,copy of original row 9816
20283,,duplicate,copy of original row 8838
20284,,duplicate,copy of original row 15794
20285,,duplicate,copy of original row 1810
20286,,duplicate,copy of original row 6402
20287,,duplicate,copy of original row 3022
20288,,duplicate,copy of original row 17326
20289,,duplicate,copy of original row 10439
20290,,duplicate,copy of original row 9808
20291,,duplicate,copy of original row 2473
20292,,duplicate,copy of original row 16841
20293,,duplicate,copy of original row 6289
20294,,duplicate,copy of original row 10011
20295,,duplicate,copy of original row 5801
20296,,duplicate,copy of original row 4600
20297,,duplicate,copy of original row 4346
20298,,duplicate,copy of original row 16886
20299,,duplicate,copy of original row 3039
20300,,duplicate,copy of original row 1227
20301,,duplicate,copy of original row 1360
20302,,duplicate,copy of original row 16157
20303,,duplicate,copy of original row 18256
20304,,duplicate,copy of original row 12381
20305,,duplicate,copy of original row 10689
20306,,duplicate,copy of original row 14175
20307,,duplicate,copy of original row 18357
20308,,duplicate,copy of original row 12015
20309,,duplicate,copy of original row 1373
20310,,duplicate,copy of original row 9927
20311,,duplicate,copy of original row 2902
20312,,duplicate,copy of original row 7760
20313,,duplicate,copy of original row 14628
20314,,duplicate,copy of original row 7086
20315,,duplicate,copy of original row 12565
20316,,duplicate,copy of original row 14825
20317,,duplicate,copy of original row 1715
20318,,duplicate,copy of original row 18901
20319,,duplicate,copy of original row 14492
20320,,duplicate,copy of original row 11208
20321,,duplicate,copy of original row 11754
20322,,duplicate,copy of original row 3810
20323,,duplicate,copy of original row 17280
20324,,duplicate,copy of original row 14493
20325,,duplicate,copy of original row 5744
20326,,duplicate,copy of original row 1197
20327,,duplicate,copy of original row 10813
20328,,duplicate,copy of original row 15247
20329,,duplicate,copy of original row 5812
20330,,duplicate,copy of original row 19449
20331,,duplicate,copy of original row 10351
20332,,duplicate,copy of original row 6707
20333,,duplicate,copy of original row 839
20334,,duplicate,copy of original row 5604
20335,,duplicate,copy of original row 6178
20336,,duplicate,copy of original row 12845
20337,,duplicate,copy of original row 14917
20338,,duplicate,copy of original row 4138
20339,,duplicate,copy of original row 7063
20340,,duplicate,copy of original row 17577
20341,,duplicate,copy of original row 9629
20342,,duplicate,copy of original row 12844
20343,,duplicate,copy of original row 1988
20344,,duplicate,copy of original row 5280
20345,,duplicate,copy of original row 374
20346,,duplicate,copy of original row 4756
20347,,duplicate,copy of original row 10579
20348,,duplicate,copy of original row 15653
20349,,duplicate,copy of original row 19922
20350,,duplicate,copy of original row 2548
20351,,duplicate,copy of original row 6129
20352,,duplicate,copy of original row 5662
20353,,duplicate,copy of original row 3469
20354,,duplicate,copy of original row 11632
20355,,duplicate,copy of original row 4723
20356,,duplicate,copy of original row 15879
20357,,duplicate,copy of original row 12045
20358,,duplicate,copy of original row 1966
20359,,duplicate,copy of original row 202
20360,,duplicate,copy of original row 18321
20361,,duplicate,copy of original row 10990
20362,,duplicate,copy of original row 18334
20363,,duplicate,copy of original row 978
20364,,duplicate,copy of original row 418
20365,,duplicate,copy of original row 13969
20366,,duplicate,copy of original row 6261
20367,,duplicate,copy of original row 19629
20368,,duplicate,copy of original row 4614
20369,,duplicate,copy of original row 3253
20370,,duplicate,copy of original row 7145
20371,,duplicate,copy of original row 7462
20372,,duplicate,copy of original row 13035
20373,,duplicate,copy of original row 18485
20374,,duplicate,copy of original row 9048
20375,,duplicate,copy of original row 9880
20376,,duplicate,copy of original row 1231
20377,,duplicate,copy of original row 11780
20378,,duplicate,copy of original row 9375
20379,,duplicate,copy of original row 8073
20380,,duplicate,copy of original row 8902
20381,,duplicate,copy of original row 14061
20382,,duplicate,copy of original row 4241
20383,,duplicate,copy of original row 8696
20384,,duplicate,copy of original row 9620
20385,,duplicate,copy of original row 5288
20386,,duplicate,copy of original row 72
20387,,duplicate,copy of original row 9001
20388,,duplicate,copy of original row 19802
20389,,duplicate,copy of original row 4963
20390,,duplicate,copy of original row 15197
20391,,duplicate,copy of original row 17506
20392,,duplicate,copy of original row 4632
20393,,duplicate,copy of original row 1002
20394,,duplicate,copy of original row 7595
20395,,duplicate,copy of original row 19195
20396,,duplicate,copy of original row 13716
20397,,duplicate,copy of original row 2801
20398,,duplicate,copy of original row 13462
20399,,duplicate,copy of original row 10255
20400,,duplicate,copy of original row 3573
20401,,duplicate,copy of original row 5056
20402,,duplicate,copy of original row 5448
20403,,duplicate,copy of original row 2249
20404,,duplicate,copy of original row 5864
20405,,duplicate,copy of original row 5697
20406,,duplicate,copy of original row 9389
20407,,duplicate,copy of original row 15891
20408,,duplicate,copy of original row 1438
20409,,duplicate,copy of original row 13708
20410,,duplicate,copy of original row 16640
20411,,duplicate,copy of original row 16415
20412,,duplicate,copy of original row 5768
20413,,duplicate,copy of original row 15349
20414,,duplicate,copy of original row 16658
20415,,duplicate,copy of original row 10470
20416,,duplicate,copy of original row 19341
20417,,duplicate,copy of original row 4422
20418,,duplicate,copy of original row 5710
20419,,duplicate,copy of original row 5837
20420,,duplicate,copy of original row 19287
20421,,duplicate,copy of original row 736
20422,,duplicate,copy of original row 16500
20423,,duplicate,copy of original row 11476
20424,,duplicate,copy of original row 18289
20425,,duplicate,copy of original row 12090
20426,,duplicate,copy of original row 13257
20427,,duplicate,copy of original row 17185
20428,,duplicate,copy of original row 16561
20429,,duplicate,copy of original row 14876
20430,,duplicate,copy of original row 4279
20431,,duplicate,copy of original row 5325
20432,,duplicate,copy of original row 2490
20433,,duplicate,copy of original row 3008
20434,,duplicate,copy of original row 18188
20435,,duplicate,copy of original row 11844
20436,,duplicate,copy of original row 13844
20437,,duplicate,copy of original row 6749
20438,,duplicate,copy of original row 8033
20439,,duplicate,copy of original row 10451
20440,,duplicate,copy of original row 7919
20441,,duplicate,copy of original row 3373
20442,,duplicate,copy of original row 4920
20443,,duplicate,copy of original row 16508
20444,,duplicate,copy of original row 3207
20445,,duplicate,copy of original row 6216
20446,,duplicate,copy of original row 16404
20447,,duplicate,copy of original row 7834
20448,,duplicate,copy of original row 18965
20449,,duplicate,copy of original row 1903
20450,,duplicate,copy of original row 8048
20451,,duplicate,copy of original row 16976
20452,,duplicate,copy of original row 5523
20453,,duplicate,copy of original row 13753
20454,,duplicate,copy of original row 9795
20455,,duplicate,copy of original row 15136
20456,,duplicate,copy of original row 12419
20457,,duplicate,copy of original row 8895
20458,,duplicate,copy of original row 3950
20459,,duplicate,copy of original row 11078
20460,,duplicate,copy of original row 19674
20461,,duplicate,copy of original row 14987
20462,,duplicate,copy of original row 11943
20463,,duplicate,copy of original row 19270
20464,,duplicate,copy of original row 15496
20465,,duplicate,copy of original row 7350
20466,,duplicate,copy of original row 10530
20467,,duplicate,copy of original row 11568
20468,,duplicate,copy of original row 437
20469,,duplicate,copy of original row 16357
20470,,duplicate,copy of original row 2394
20471,,duplicate,copy of original row 4077
20472,,duplicate,copy of original row 254
20473,,duplicate,copy of original row 17323
20474,,duplicate,copy of original row 10995
20475,,duplicate,copy of original row 7508
20476,,duplicate,copy of original row 18107
20477,,duplicate,copy of original row 169
20478,,duplicate,copy of original row 19591
20479,,duplicate,copy of original row 4866
20480,,duplicate,copy of original row 9227
20481,,duplicate,copy of original row 4101
20482,,duplicate,copy of original row 1252
20483,,duplicate,copy of original row 13589
20484,,duplicate,copy of original row 14904
20485,,duplicate,copy of original row 12001
20486,,duplicate,copy of original row 8148
20487,,duplicate,copy of original row 3954
20488,,duplicate,copy of original row 19891
20489,,duplicate,copy of original row 16218
20490,,duplicate,copy of original row 13255
20491,,duplicate,copy of original row 9276
20492,,duplicate,copy of original row 17916
20493,,duplicate,copy of original row 10112
20494,,duplicate,copy of original row 4477
20495,,duplicate,copy of original row 10725
20496,,duplicate,copy of original row 4247
20497,,duplicate,copy of original row 15527
20498,,duplicate,copy of original row 18000
20499,,duplicate,copy of original row 2355
